analysis_set,min_trades_threshold,magic_prefix,magic_prefix_trades,magic_prefix_pf,magic_prefix_traderate,magic_prefix_weekly_traderate,grp_trades,grp_pf,grp_traderate,grp_weekly_traderate,grp_winrate,grp_net_profit,variable_count,variables,grouping_sampledates
full,6,110,111,0.97,0.79,0.94,8,999.0,0.09,0.41,100.0,10.44,5,above_ONL=true | above_PDL=true | above_dayLowSoFar=true | below_dayHighSoFar=true | day_of_week=THU,2026.03.12 09:41:11; 2026.03.19 06:44:38; 2026.04.09 17:38:16; 2026.04.30 01:20:48; 2026.04.30 06:31:03; 2026.05.14 19:16:44; 2026.05.21 12:30:57; 2026.06.11 19:50:55
full,6,109,127,0.85,0.89,0.94,7,999.0,0.05,0.24,100.0,9.38,5,PD_trend=PD_green | above_PDC=true | above_midpoint=true | dayBrokePDH=false | day_of_week=WED,2026.03.04 11:09:15; 2026.03.04 16:26:21; 2026.03.25 01:11:29; 2026.05.13 08:19:03; 2026.06.24 02:00:53; 2026.06.24 15:52:07; 2026.06.24 16:59:03
full,6,110,111,0.97,0.79,0.94,7,999.0,0.08,0.35,100.0,9.15,6,above_ONL=true | above_PDL=true | above_dayLowSoFar=true | below_PDH=true | below_dayHighSoFar=true | day_of_week=THU,2026.03.12 09:41:11; 2026.03.19 06:44:38; 2026.04.09 17:38:16; 2026.04.30 01:20:48; 2026.04.30 06:31:03; 2026.05.21 12:30:57; 2026.06.11 19:50:55
full,6,110,111,0.97,0.79,0.94,7,999.0,0.09,0.35,100.0,9.06,8,above_ONL=true | above_PDL=true | above_dayLowSoFar=true | below_ONH=true | below_PDH=true | below_dayHighSoFar=true | below_midpoint=true | dayBrokePDL=false,2026.03.19 06:44:38; 2026.04.21 15:31:24; 2026.04.30 06:31:03; 2026.05.01 10:43:19; 2026.05.06 02:16:46; 2026.05.21 12:30:57; 2026.06.09 02:09:00
full,6,110,111,0.97,0.79,0.94,7,999.0,0.08,0.29,100.0,9.0,5,PD_trend=PD_green | above_ONL=true | above_dayLowSoFar=true | below_PDH=true | dayBrokePDH=true,2026.04.21 15:31:24; 2026.04.30 01:20:48; 2026.04.30 06:31:03; 2026.05.01 10:43:19; 2026.05.06 02:16:46; 2026.05.11 16:31:41; 2026.05.21 12:30:57
full,6,110,111,0.97,0.79,0.94,6,999.0,0.07,0.24,100.0,8.27,5,above_ONL=true | above_dayLowSoFar=true | below_PDH=true | dayBrokePDH=true | openGap_info=unknown,2026.03.23 12:46:59; 2026.04.30 01:20:48; 2026.04.30 06:31:03; 2026.05.01 10:43:19; 2026.05.06 02:16:46; 2026.05.21 12:30:57
ON,6,110,75,0.87,0.63,0.94,6,999.0,0.07,0.24,100.0,8.27,8,above_ONL=true | above_PDL=true | above_dayLowSoFar=true | below_ONH=true | below_PDH=true | below_dayHighSoFar=true | dayBrokePDH=true | openGap_info=unknown,2026.03.23 12:46:59; 2026.04.30 01:20:48; 2026.04.30 06:31:03; 2026.05.01 10:43:19; 2026.05.06 02:16:46; 2026.05.21 12:30:57
RTH-IB,6,110,17,1.06,0.2,0.71,6,999.0,0.08,0.35,100.0,8.2,2,below_dayHighSoFar=true | dayBrokePDL=true,2026.03.12 14:55:51; 2026.03.20 15:01:46; 2026.03.27 14:35:08; 2026.04.13 16:15:33; 2026.05.19 16:21:08; 2026.06.22 15:43:03
RTH-afterIB,6,111,18,1.54,0.21,0.59,6,999.0,0.08,0.29,100.0,8.15,5,above_PDL=true | below_PDH=true | below_RTHH=true | below_dayHighSoFar=true | levelTag=weeklyPivot,2026.03.02 19:47:05; 2026.03.09 20:36:07; 2026.03.23 17:29:41; 2026.03.25 16:17:59; 2026.04.07 17:05:57; 2026.06.11 19:50:55
ON,6,110,75,0.87,0.63,0.94,6,999.0,0.08,0.35,100.0,8.03,9,PD_trend=PD_red | above_PDL=true | below_ONH=true | below_PDH=true | below_PDO=true | below_dayHighSoFar=true | dayBrokePDH=false | levelTag=dailyDown1 | openGap_info=unknown,2026.03.06 12:55:27; 2026.03.12 09:41:11; 2026.03.19 06:44:38; 2026.03.24 14:09:14; 2026.03.31 01:08:36; 2026.05.20 02:14:05
full,6,110,111,0.97,0.79,0.94,6,999.0,0.08,0.35,100.0,8.03,4,PD_trend=PD_red | above_PDL=true | levelTag=dailyDown1 | openGap_info=unknown,2026.03.06 12:55:27; 2026.03.12 09:41:11; 2026.03.19 06:44:38; 2026.03.24 14:09:14; 2026.03.31 01:08:36; 2026.05.20 02:14:05
full,6,110,111,0.97,0.79,0.94,6,999.0,0.07,0.29,100.0,7.81,6,above_ONL=true | above_PDL=true | above_dayLowSoFar=true | below_dayHighSoFar=true | dayBrokePDL=false | day_of_week=THU,2026.03.19 06:44:38; 2026.04.09 17:38:16; 2026.04.30 01:20:48; 2026.04.30 06:31:03; 2026.05.14 19:16:44; 2026.05.21 12:30:57
full,6,110,111,0.97,0.79,0.94,6,999.0,0.08,0.29,100.0,7.79,4,PD_trend=PD_green | above_PDC=true | below_ONH=true | below_PDH=true,2026.03.20 01:03:49; 2026.03.25 04:13:00; 2026.04.21 15:31:24; 2026.04.30 01:20:48; 2026.05.01 10:43:19; 2026.05.06 02:16:46
ON,6,110,75,0.87,0.63,0.94,6,999.0,0.08,0.29,100.0,7.77,9,above_ONL=true | above_PDL=true | above_dayLowSoFar=true | below_ONH=true | below_PDH=true | below_dayHighSoFar=true | below_midpoint=true | dayBrokePDL=false | openGap_info=unknown,2026.03.19 06:44:38; 2026.04.30 06:31:03; 2026.05.01 10:43:19; 2026.05.06 02:16:46; 2026.05.21 12:30:57; 2026.06.09 02:09:00
full,6,110,111,0.97,0.79,0.94,6,999.0,0.08,0.29,100.0,7.77,6,above_ONL=true | above_PDL=true | above_dayLowSoFar=true | below_midpoint=true | dayBrokePDL=false | openGap_info=unknown,2026.03.19 06:44:38; 2026.04.30 06:31:03; 2026.05.01 10:43:19; 2026.05.06 02:16:46; 2026.05.21 12:30:57; 2026.06.09 02:09:00
full,6,110,111,0.97,0.79,0.94,6,999.0,0.07,0.24,100.0,7.76,5,PD_trend=PD_green | above_ONL=true | above_dayLowSoFar=true | below_ONH=true | below_PDH=true,2026.04.21 15:31:24; 2026.04.30 01:20:48; 2026.04.30 06:31:03; 2026.05.01 10:43:19; 2026.05.06 02:16:46; 2026.05.21 12:30:57
ON,6,101,116,0.73,0.83,0.94,6,999.0,0.08,0.24,100.0,7.76,13,PD_trend=PD_green | above_PDL=true | above_PDO=true | below_ONH=true | below_ONL=true | below_PDC=true | below_PDH=true | below_dayHighSoFar=true | below_dayLowSoFar=true | below_midpoint=true | dayBrokePDH=false | dayBrokePDL=false | openGap_info=unknown,2026.03.20 10:50:10; 2026.04.07 03:11:46; 2026.05.12 03:17:07; 2026.05.15 03:25:32; 2026.06.02 02:26:15; 2026.06.05 02:01:24
full,6,101,163,0.68,0.93,0.94,6,999.0,0.08,0.24,100.0,7.76,6,above_PDO=true | below_ONL=true | below_PDC=true | below_dayLowSoFar=true | dayBrokePDH=false | openGap_info=unknown,2026.03.20 10:50:10; 2026.04.07 03:11:46; 2026.05.12 03:17:07; 2026.05.15 03:25:32; 2026.06.02 02:26:15; 2026.06.05 02:01:24
full,6,110,111,0.97,0.79,0.94,6,999.0,0.08,0.29,100.0,7.69,5,above_ONL=true | above_PDO=true | above_dayLowSoFar=true | below_PDH=true | dayBrokePDH=true,2026.04.21 15:31:24; 2026.04.30 01:20:48; 2026.05.01 10:43:19; 2026.05.06 02:16:46; 2026.05.11 16:31:41; 2026.05.21 12:30:57
full,6,100,71,0.91,0.54,0.88,11,10.05,0.14,0.41,90.91,12.04,9,PD_trend=PD_red | below_ONH=true | below_ONL=true | below_PDH=true | below_PDO=true | below_dayHighSoFar=true | below_dayLowSoFar=true | below_midpoint=true | levelTag=dailyDown2,2026.03.06 14:51:38; 2026.03.12 14:55:52; 2026.03.19 13:27:01; 2026.03.26 10:30:13; 2026.03.27 14:35:22; 2026.05.19 16:21:14; 2026.06.09 17:31:35; 2026.06.10 13:06:14; 2026.06.22 01:48:50; 2026.06.23 03:50:15; 2026.06.26 04:38:03
full,6,109,127,0.85,0.89,0.94,11,9.96,0.09,0.41,90.91,11.92,8,above_ONL=true | above_PDC=true | above_PDL=true | above_dayLowSoFar=true | above_midpoint=true | dayBrokePDH=false | dayBrokePDL=false | day_of_week=WED,2026.03.04 11:09:15; 2026.03.04 16:26:21; 2026.03.11 01:09:31; 2026.03.25 01:11:29; 2026.04.22 07:25:08; 2026.05.13 08:19:03; 2026.05.20 01:33:48; 2026.05.20 14:30:13; 2026.06.24 02:00:53; 2026.06.24 15:52:07; 2026.06.24 16:59:03
full,6,100,71,0.91,0.54,0.88,10,9.08,0.13,0.35,90.0,10.74,10,PD_trend=PD_red | below_ONH=true | below_ONL=true | below_PDC=true | below_PDH=true | below_PDO=true | below_dayHighSoFar=true | below_dayLowSoFar=true | below_midpoint=true | levelTag=dailyDown2,2026.03.06 14:51:38; 2026.03.12 14:55:52; 2026.03.26 10:30:13; 2026.03.27 14:35:22; 2026.05.19 16:21:14; 2026.06.09 17:31:35; 2026.06.10 13:06:14; 2026.06.22 01:48:50; 2026.06.23 03:50:15; 2026.06.26 04:38:03
full,6,100,71,0.91,0.54,0.88,10,9.05,0.13,0.41,90.0,10.7,10,PD_trend=PD_red | below_ONH=true | below_ONL=true | below_PDH=true | below_PDO=true | below_dayHighSoFar=true | below_dayLowSoFar=true | below_midpoint=true | dayBrokePDH=false | levelTag=dailyDown2,2026.03.06 14:51:38; 2026.03.12 14:55:52; 2026.03.19 13:27:01; 2026.03.26 10:30:13; 2026.03.27 14:35:22; 2026.05.19 16:21:14; 2026.06.10 13:06:14; 2026.06.22 01:48:50; 2026.06.23 03:50:15; 2026.06.26 04:38:03
full,6,109,127,0.85,0.89,0.94,10,8.99,0.08,0.35,90.0,10.63,9,above_ONL=true | above_PDC=true | above_PDL=true | above_dayLowSoFar=true | above_midpoint=true | below_PDH=true | dayBrokePDH=false | dayBrokePDL=false | day_of_week=WED,2026.03.04 11:09:15; 2026.03.04 16:26:21; 2026.03.11 01:09:31; 2026.03.25 01:11:29; 2026.04.22 07:25:08; 2026.05.20 01:33:48; 2026.05.20 14:30:13; 2026.06.24 02:00:53; 2026.06.24 15:52:07; 2026.06.24 16:59:03
full,6,109,127,0.85,0.89,0.94,10,8.99,0.08,0.35,90.0,10.63,5,above_PDC=true | above_PDO=true | above_midpoint=true | dayBrokePDH=false | day_of_week=WED,2026.03.04 11:09:15; 2026.03.04 16:26:21; 2026.03.11 01:09:31; 2026.03.25 01:11:29; 2026.05.13 08:19:03; 2026.05.20 01:33:48; 2026.05.20 14:30:13; 2026.06.24 02:00:53; 2026.06.24 15:52:07; 2026.06.24 16:59:03
full,6,110,111,0.97,0.79,0.94,10,8.98,0.11,0.41,90.0,10.93,6,above_ONL=true | above_PDL=true | above_dayLowSoFar=true | below_PDH=true | below_dayHighSoFar=true | dayBrokePDH=true,2026.03.23 12:46:59; 2026.03.23 17:29:41; 2026.04.21 15:31:24; 2026.04.30 01:20:48; 2026.04.30 06:31:03; 2026.05.01 10:43:19; 2026.05.06 02:16:46; 2026.05.11 16:31:41; 2026.05.21 12:30:57; 2026.06.09 16:10:13
full,6,110,111,0.97,0.79,0.94,9,8.07,0.09,0.35,88.89,9.69,5,above_ONL=true | above_dayLowSoFar=true | below_ONH=true | below_PDH=true | dayBrokePDH=true,2026.03.23 12:46:59; 2026.03.23 17:29:41; 2026.04.21 15:31:24; 2026.04.30 01:20:48; 2026.04.30 06:31:03; 2026.05.01 10:43:19; 2026.05.06 02:16:46; 2026.05.21 12:30:57; 2026.06.09 16:10:13
full,6,100,71,0.91,0.54,0.88,9,8.07,0.12,0.35,88.89,9.4,4,PD_trend=PD_red | below_PDC=true | dayBrokePDH=false | levelTag=dailyDown2,2026.03.06 14:51:38; 2026.03.12 14:55:52; 2026.03.26 10:30:13; 2026.03.27 14:35:22; 2026.05.19 16:21:14; 2026.06.10 13:06:14; 2026.06.22 01:48:50; 2026.06.23 03:50:15; 2026.06.26 04:38:03
full,6,109,127,0.85,0.89,0.94,9,8.03,0.07,0.29,88.89,9.35,5,PD_trend=PD_green | above_PDL=true | above_dayLowSoFar=true | dayBrokePDH=false | day_of_week=WED,2026.03.04 11:09:15; 2026.03.04 16:26:21; 2026.03.25 01:11:29; 2026.05.13 08:19:03; 2026.06.03 01:35:51; 2026.06.03 19:56:13; 2026.06.24 02:00:53; 2026.06.24 15:52:07; 2026.06.24 16:59:03
full,6,109,127,0.85,0.89,0.94,9,8.02,0.07,0.29,88.89,9.34,4,above_PDO=true | above_midpoint=true | below_PDH=true | day_of_week=WED,2026.03.04 11:09:15; 2026.03.04 16:26:21; 2026.03.11 01:09:31; 2026.03.25 01:11:29; 2026.05.20 01:33:48; 2026.05.20 14:30:13; 2026.06.24 02:00:53; 2026.06.24 15:52:07; 2026.06.24 16:59:03
ON,6,101,116,0.73,0.83,0.94,9,8.02,0.08,0.35,88.89,9.19,7,above_ONL=true | above_PDC=true | above_PDL=true | above_dayLowSoFar=true | above_midpoint=true | day_of_week=THU | openGap_info=unknown,2026.03.19 03:35:33; 2026.04.30 04:32:51; 2026.04.30 14:17:44; 2026.05.07 03:45:49; 2026.05.07 09:08:42; 2026.05.14 01:05:47; 2026.05.21 06:52:42; 2026.06.11 03:12:36; 2026.06.11 10:02:49
full,6,101,163,0.68,0.93,0.94,9,8.02,0.08,0.35,88.89,9.19,4,above_PDC=true | above_midpoint=true | day_of_week=THU | openGap_info=unknown,2026.03.19 03:35:33; 2026.04.30 04:32:51; 2026.04.30 14:17:44; 2026.05.07 03:45:49; 2026.05.07 09:08:42; 2026.05.14 01:05:47; 2026.05.21 06:52:42; 2026.06.11 03:12:36; 2026.06.11 10:02:49
full,6,110,111,0.97,0.79,0.94,9,7.97,0.12,0.35,88.89,9.27,11,PD_trend=PD_red | below_ONH=true | below_ONL=true | below_PDC=true | below_PDH=true | below_PDO=true | below_dayHighSoFar=true | below_dayLowSoFar=true | below_midpoint=true | dayBrokePDH=false | levelTag=dailyDown2,2026.03.06 14:51:37; 2026.03.12 14:55:51; 2026.03.26 10:30:12; 2026.03.27 14:35:08; 2026.05.19 16:21:08; 2026.06.10 13:06:14; 2026.06.22 01:41:27; 2026.06.23 03:50:07; 2026.06.26 04:37:20
full,6,109,127,0.85,0.89,0.94,9,7.94,0.08,0.35,88.89,9.23,10,above_ONH=true | above_ONL=true | above_PDC=true | above_PDL=true | above_dayHighSoFar=true | above_dayLowSoFar=true | above_midpoint=true | dayBrokePDH=false | dayBrokePDL=false | day_of_week=WED,2026.03.04 11:09:15; 2026.03.04 16:26:21; 2026.03.11 01:09:31; 2026.04.22 07:25:08; 2026.05.13 08:19:03; 2026.05.20 01:33:48; 2026.05.20 14:30:13; 2026.06.24 15:52:07; 2026.06.24 16:59:03
full,6,111,65,0.59,0.61,0.88,8,7.2,0.08,0.29,87.5,8.55,5,above_ONL=true | above_dayLowSoFar=true | above_midpoint=true | below_dayHighSoFar=true | dayBrokePDL=true,2026.03.02 19:47:05; 2026.03.09 11:14:20; 2026.03.09 20:36:07; 2026.03.13 05:22:56; 2026.03.23 12:12:35; 2026.03.23 17:29:41; 2026.03.31 18:48:01; 2026.06.11 19:50:55
full,6,110,111,0.97,0.79,0.94,8,7.15,0.11,0.35,87.5,8.18,12,below_ONH=true | below_ONL=true | below_PDC=true | below_PDH=true | below_PDL=true | below_PDO=true | below_dayHighSoFar=true | below_dayLowSoFar=true | below_midpoint=true | dayBrokePDH=false | dayBrokePDL=true | levelTag=dailyDown2,2026.03.06 14:51:37; 2026.03.12 14:55:51; 2026.03.20 15:01:46; 2026.03.26 10:30:12; 2026.03.27 14:35:08; 2026.05.19 16:21:08; 2026.06.22 01:41:27; 2026.06.26 04:37:20
full,6,110,111,0.97,0.79,0.94,8,7.12,0.09,0.35,87.5,8.02,10,PD_trend=PD_green | above_PDL=true | below_ONH=true | below_PDC=true | below_PDH=true | below_PDO=true | below_dayHighSoFar=true | below_midpoint=true | dayBrokePDH=true | dayBrokePDL=false,2026.03.05 18:26:39; 2026.04.07 14:07:02; 2026.04.07 17:05:57; 2026.04.21 17:03:24; 2026.04.28 13:10:01; 2026.04.30 06:31:03; 2026.05.27 17:44:27; 2026.06.01 15:12:31
full,6,110,111,0.97,0.79,0.94,8,7.07,0.09,0.35,87.5,8.32,7,above_ONL=true | above_PDC=true | above_PDL=true | above_dayLowSoFar=true | below_PDH=true | below_dayHighSoFar=true | dayBrokePDH=true,2026.03.23 12:46:59; 2026.03.23 17:29:41; 2026.04.21 15:31:24; 2026.04.30 01:20:48; 2026.05.01 10:43:19; 2026.05.06 02:16:46; 2026.05.11 16:31:41; 2026.06.09 16:10:13
full,6,109,127,0.85,0.89,0.94,8,7.06,0.05,0.24,87.5,8.06,4,PD_trend=PD_green | below_PDH=true | dayBrokePDH=false | day_of_week=WED,2026.03.04 11:09:15; 2026.03.04 16:26:21; 2026.03.25 01:11:29; 2026.06.03 01:35:51; 2026.06.03 19:56:13; 2026.06.24 02:00:53; 2026.06.24 15:52:07; 2026.06.24 16:59:03
full,6,109,127,0.85,0.89,0.94,8,7.05,0.07,0.29,87.5,8.05,6,PD_trend=PD_green | above_ONL=true | above_PDO=true | dayBrokePDH=false | dayBrokePDL=false | day_of_week=WED,2026.03.04 11:09:15; 2026.03.04 16:26:21; 2026.03.25 01:11:29; 2026.05.13 08:19:03; 2026.06.03 01:35:51; 2026.06.24 02:00:53; 2026.06.24 15:52:07; 2026.06.24 16:59:03
ON,6,101,116,0.73,0.83,0.94,8,7.02,0.08,0.35,87.5,7.88,9,above_ONH=true | above_ONL=true | above_PDC=true | above_PDL=true | above_dayHighSoFar=true | above_dayLowSoFar=true | above_midpoint=true | day_of_week=THU | openGap_info=unknown,2026.03.19 03:35:33; 2026.04.30 14:17:44; 2026.05.07 03:45:49; 2026.05.07 09:08:42; 2026.05.14 01:05:47; 2026.05.21 06:52:42; 2026.06.11 03:12:36; 2026.06.11 10:02:49
full,6,101,163,0.68,0.93,0.94,8,7.02,0.08,0.35,87.5,7.88,5,above_ONH=true | above_PDC=true | above_dayHighSoFar=true | day_of_week=THU | openGap_info=unknown,2026.03.19 03:35:33; 2026.04.30 14:17:44; 2026.05.07 03:45:49; 2026.05.07 09:08:42; 2026.05.14 01:05:47; 2026.05.21 06:52:42; 2026.06.11 03:12:36; 2026.06.11 10:02:49
full,6,100,71,0.91,0.54,0.88,8,6.98,0.11,0.35,87.5,7.95,12,PD_trend=PD_red | below_ONH=true | below_ONL=true | below_PDC=true | below_PDH=true | below_PDL=true | below_PDO=true | below_dayHighSoFar=true | below_dayLowSoFar=true | below_midpoint=true | dayBrokePDL=true | levelTag=dailyDown2,2026.03.06 14:51:38; 2026.03.12 14:55:52; 2026.03.26 10:30:13; 2026.03.27 14:35:22; 2026.05.19 16:21:14; 2026.06.09 17:31:35; 2026.06.22 01:48:50; 2026.06.26 04:38:03
full,6,109,127,0.85,0.89,0.94,8,6.97,0.07,0.29,87.5,7.94,11,above_ONH=true | above_ONL=true | above_PDC=true | above_PDL=true | above_dayHighSoFar=true | above_dayLowSoFar=true | above_midpoint=true | below_PDH=true | dayBrokePDH=false | dayBrokePDL=false | day_of_week=WED,2026.03.04 11:09:15; 2026.03.04 16:26:21; 2026.03.11 01:09:31; 2026.04.22 07:25:08; 2026.05.20 01:33:48; 2026.05.20 14:30:13; 2026.06.24 15:52:07; 2026.06.24 16:59:03
full,6,109,127,0.85,0.89,0.94,8,6.97,0.07,0.29,87.5,7.94,5,above_ONH=true | above_PDO=true | above_dayHighSoFar=true | dayBrokePDH=false | day_of_week=WED,2026.03.04 11:09:15; 2026.03.04 16:26:21; 2026.03.11 01:09:31; 2026.05.13 08:19:03; 2026.05.20 01:33:48; 2026.05.20 14:30:13; 2026.06.24 15:52:07; 2026.06.24 16:59:03
ON,6,109,77,0.93,0.7,0.94,8,6.89,0.09,0.41,87.5,7.83,9,above_ONL=true | above_PDC=true | above_PDL=true | above_dayLowSoFar=true | above_midpoint=true | dayBrokePDH=false | dayBrokePDL=false | day_of_week=WED | openGap_info=unknown,2026.03.04 11:09:15; 2026.03.11 01:09:31; 2026.03.25 01:11:29; 2026.04.22 07:25:08; 2026.05.13 08:19:03; 2026.05.20 01:33:48; 2026.05.20 14:30:13; 2026.06.24 02:00:53
full,6,109,127,0.85,0.89,0.94,8,6.89,0.09,0.41,87.5,7.83,5,above_PDC=true | above_midpoint=true | dayBrokePDH=false | day_of_week=WED | openGap_info=unknown,2026.03.04 11:09:15; 2026.03.11 01:09:31; 2026.03.25 01:11:29; 2026.04.22 07:25:08; 2026.05.13 08:19:03; 2026.05.20 01:33:48; 2026.05.20 14:30:13; 2026.06.24 02:00:53
ON,6,110,75,0.87,0.63,0.94,8,6.83,0.09,0.35,87.5,7.75,8,above_ONL=true | above_PDL=true | above_dayLowSoFar=true | below_ONH=true | below_PDH=true | below_dayHighSoFar=true | dayBrokePDL=false | openGap_info=unknown,2026.03.11 06:44:08; 2026.03.19 06:44:38; 2026.04.30 01:20:48; 2026.04.30 06:31:03; 2026.05.01 10:43:19; 2026.05.06 02:16:46; 2026.05.21 12:30:57; 2026.06.09 02:09:00
full,6,110,111,0.97,0.79,0.94,8,6.83,0.09,0.35,87.5,7.75,5,above_ONL=true | above_dayLowSoFar=true | below_PDH=true | dayBrokePDL=false | openGap_info=unknown,2026.03.11 06:44:08; 2026.03.19 06:44:38; 2026.04.30 01:20:48; 2026.04.30 06:31:03; 2026.05.01 10:43:19; 2026.05.06 02:16:46; 2026.05.21 12:30:57; 2026.06.09 02:09:00
full,6,109,127,0.85,0.89,0.94,8,6.8,0.11,0.41,87.5,7.83,5,above_midpoint=true | below_ONH=true | below_dayHighSoFar=true | dayBrokePDL=false | openGap_info=unknown,2026.03.25 01:11:29; 2026.04.27 02:02:34; 2026.05.04 07:19:34; 2026.05.21 01:12:01; 2026.05.25 09:33:07; 2026.06.02 10:03:49; 2026.06.23 02:44:26; 2026.06.24 02:00:53
ON,6,109,77,0.93,0.7,0.94,8,6.8,0.11,0.41,87.5,7.83,8,above_ONL=true | above_PDL=true | above_dayLowSoFar=true | above_midpoint=true | below_ONH=true | below_dayHighSoFar=true | dayBrokePDL=false | openGap_info=unknown,2026.03.25 01:11:29; 2026.04.27 02:02:34; 2026.05.04 07:19:34; 2026.05.21 01:12:01; 2026.05.25 09:33:07; 2026.06.02 10:03:49; 2026.06.23 02:44:26; 2026.06.24 02:00:53
RTH-afterIB,6,103,20,1.21,0.18,0.59,9,6.8,0.08,0.35,88.89,9.22,9,above_IBH=true | above_IBL=true | above_ONH=true | above_ONL=true | above_PDL=true | above_PDO=true | above_RTHL=true | above_dayLowSoFar=true | above_midpoint=true,2026.03.02 17:10:00; 2026.03.02 20:20:33; 2026.03.09 20:20:28; 2026.03.09 20:29:47; 2026.03.09 20:38:09; 2026.04.13 18:33:19; 2026.04.24 17:50:14; 2026.05.05 20:21:52; 2026.06.02 17:08:40
full,6,110,111,0.97,0.79,0.94,9,6.73,0.11,0.41,88.89,8.77,6,PD_trend=PD_green | above_ONL=true | above_PDL=true | above_dayLowSoFar=true | below_PDH=true | below_dayHighSoFar=true,2026.03.02 19:47:05; 2026.04.21 15:31:24; 2026.04.30 01:20:48; 2026.04.30 06:31:03; 2026.05.01 10:43:19; 2026.05.06 02:16:46; 2026.05.11 16:31:41; 2026.05.21 12:30:57; 2026.06.24 18:31:35
full,6,109,127,0.85,0.89,0.94,8,6.66,0.11,0.41,87.5,7.98,4,above_PDC=true | above_midpoint=true | below_dayHighSoFar=true | dayBrokePDL=false,2026.03.25 01:11:29; 2026.04.01 16:53:32; 2026.04.10 16:30:33; 2026.05.04 07:19:34; 2026.05.20 17:51:12; 2026.05.25 09:33:07; 2026.06.23 02:44:26; 2026.06.24 02:00:53
full,6,110,111,0.97,0.79,0.94,8,6.61,0.11,0.35,87.5,7.69,6,above_ONL=true | above_dayLowSoFar=true | below_ONH=true | below_PDH=true | below_dayHighSoFar=true | below_midpoint=true,2026.03.19 06:44:38; 2026.04.21 15:31:24; 2026.04.30 06:31:03; 2026.05.01 10:43:19; 2026.05.06 02:16:46; 2026.05.18 01:07:32; 2026.05.21 12:30:57; 2026.06.09 02:09:00
full,6,110,111,0.97,0.79,0.94,8,6.57,0.09,0.35,87.5,7.63,5,above_ONL=true | above_dayLowSoFar=true | below_PDH=true | dayBrokePDH=true | dayBrokePDL=false,2026.04.21 15:31:24; 2026.04.30 01:20:48; 2026.04.30 06:31:03; 2026.05.01 10:43:19; 2026.05.06 02:16:46; 2026.05.11 16:31:41; 2026.05.21 12:30:57; 2026.06.09 16:10:13
full,6,101,163,0.68,0.93,0.94,8,6.5,0.07,0.29,87.5,7.81,6,PD_trend=PD_red | above_ONH=true | above_PDC=true | above_dayHighSoFar=true | above_midpoint=true | day_of_week=THU,2026.03.19 03:35:33; 2026.04.09 17:32:37; 2026.05.28 16:13:59; 2026.06.04 17:17:06; 2026.06.04 21:29:32; 2026.06.11 03:12:36; 2026.06.11 10:02:49; 2026.06.11 19:31:08
ON,6,110,75,0.87,0.63,0.94,8,6.42,0.09,0.29,87.5,7.69,9,PD_trend=PD_green | above_PDL=true | above_PDO=true | below_ONH=true | below_PDH=true | below_dayHighSoFar=true | dayBrokePDH=true | dayBrokePDL=false | openGap_info=unknown,2026.03.05 02:55:55; 2026.03.05 15:13:30; 2026.04.28 07:35:32; 2026.04.30 01:20:48; 2026.05.01 10:43:19; 2026.05.06 02:16:46; 2026.05.21 12:30:57; 2026.06.12 09:04:11
full,6,110,111,0.97,0.79,0.94,8,6.42,0.09,0.29,87.5,7.69,4,above_PDO=true | below_PDH=true | dayBrokePDH=true | openGap_info=unknown,2026.03.05 02:55:55; 2026.03.05 15:13:30; 2026.04.28 07:35:32; 2026.04.30 01:20:48; 2026.05.01 10:43:19; 2026.05.06 02:16:46; 2026.05.21 12:30:57; 2026.06.12 09:04:11
full,6,111,65,0.59,0.61,0.88,7,6.25,0.07,0.24,85.71,7.25,6,PD_trend=PD_red | above_ONL=true | above_dayLowSoFar=true | above_midpoint=true | below_dayHighSoFar=true | dayBrokePDL=true,2026.03.09 11:14:20; 2026.03.09 20:36:07; 2026.03.13 05:22:56; 2026.03.23 12:12:35; 2026.03.23 17:29:41; 2026.03.31 18:48:01; 2026.06.11 19:50:55
full,6,111,65,0.59,0.61,0.88,7,6.23,0.08,0.29,85.71,7.22,6,above_ONL=true | above_PDL=true | above_dayLowSoFar=true | above_midpoint=true | below_dayHighSoFar=true | dayBrokePDL=true,2026.03.02 19:47:05; 2026.03.09 20:36:07; 2026.03.13 05:22:56; 2026.03.23 12:12:35; 2026.03.23 17:29:41; 2026.03.31 18:48:01; 2026.06.11 19:50:55
full,6,110,111,0.97,0.79,0.94,7,6.17,0.08,0.29,85.71,7.08,4,above_PDC=true | below_ONH=true | below_PDH=true | dayBrokePDH=true,2026.03.23 12:46:59; 2026.03.23 17:29:41; 2026.04.21 15:31:24; 2026.04.30 01:20:48; 2026.05.01 10:43:19; 2026.05.06 02:16:46; 2026.06.09 16:10:13
full,6,110,111,0.97,0.79,0.94,7,6.12,0.08,0.35,85.71,6.71,12,PD_trend=PD_green | above_PDL=true | below_ONH=true | below_ONL=true | below_PDC=true | below_PDH=true | below_PDO=true | below_dayHighSoFar=true | below_dayLowSoFar=true | below_midpoint=true | dayBrokePDH=true | dayBrokePDL=false,2026.03.05 18:26:39; 2026.04.07 14:07:02; 2026.04.07 17:05:57; 2026.04.21 17:03:24; 2026.04.28 13:10:01; 2026.05.27 17:44:27; 2026.06.01 15:12:31
full,6,107,67,0.78,0.66,0.71,7,6.09,0.08,0.29,85.71,6.72,4,PD_trend=PD_green | below_PDC=true | below_PDH=true | dayBrokePDL=true,2026.03.02 07:44:40; 2026.03.02 17:10:00; 2026.03.03 16:23:55; 2026.04.02 13:28:58; 2026.04.23 19:45:56; 2026.04.28 13:41:43; 2026.05.15 10:18:44
ON,6,101,116,0.73,0.83,0.94,7,6.06,0.07,0.29,85.71,6.63,8,above_ONL=true | above_PDC=true | above_PDL=true | above_PDO=true | above_dayLowSoFar=true | dayBrokePDL=false | day_of_week=THU | openGap_info=unknown,2026.04.30 04:32:51; 2026.04.30 14:17:44; 2026.05.07 03:45:49; 2026.05.07 09:08:42; 2026.05.14 01:05:47; 2026.05.21 06:52:42; 2026.06.25 01:35:19
full,6,101,163,0.68,0.93,0.94,7,6.06,0.07,0.29,85.71,6.63,4,above_PDC=true | above_PDO=true | day_of_week=THU | openGap_info=unknown,2026.04.30 04:32:51; 2026.04.30 14:17:44; 2026.05.07 03:45:49; 2026.05.07 09:08:42; 2026.05.14 01:05:47; 2026.05.21 06:52:42; 2026.06.25 01:35:19
ON,6,101,116,0.73,0.83,0.94,7,6.05,0.07,0.29,85.71,6.61,4,above_PDC=true | above_midpoint=true | dayBrokePDL=false | day_of_week=THU,2026.03.19 03:35:33; 2026.04.30 04:32:51; 2026.04.30 14:17:44; 2026.05.07 03:45:49; 2026.05.07 09:08:42; 2026.05.14 01:05:47; 2026.05.21 06:52:42
ON,6,101,116,0.73,0.83,0.94,7,6.02,0.07,0.29,85.71,6.58,8,PD_trend=PD_green | above_ONL=true | above_PDL=true | above_PDO=true | above_dayLowSoFar=true | above_midpoint=true | day_of_week=THU | openGap_info=unknown,2026.04.23 14:06:32; 2026.04.30 04:32:51; 2026.04.30 14:17:44; 2026.05.07 03:45:49; 2026.05.07 09:08:42; 2026.05.14 01:05:47; 2026.05.21 06:52:42
full,6,101,163,0.68,0.93,0.94,7,6.02,0.07,0.29,85.71,6.58,5,PD_trend=PD_green | above_PDO=true | above_midpoint=true | day_of_week=THU | openGap_info=unknown,2026.04.23 14:06:32; 2026.04.30 04:32:51; 2026.04.30 14:17:44; 2026.05.07 03:45:49; 2026.05.07 09:08:42; 2026.05.14 01:05:47; 2026.05.21 06:52:42
full,6,110,111,0.97,0.79,0.94,7,6.02,0.09,0.29,85.71,6.67,13,PD_trend=PD_red | below_ONH=true | below_ONL=true | below_PDC=true | below_PDH=true | below_PDL=true | below_PDO=true | below_dayHighSoFar=true | below_dayLowSoFar=true | below_midpoint=true | dayBrokePDH=false | dayBrokePDL=true | levelTag=dailyDown2,2026.03.06 14:51:37; 2026.03.12 14:55:51; 2026.03.26 10:30:12; 2026.03.27 14:35:08; 2026.05.19 16:21:08; 2026.06.22 01:41:27; 2026.06.26 04:37:20
RTH-afterIB,6,110,19,1.34,0.22,0.71,7,6.0,0.09,0.41,85.71,6.85,5,above_PDL=true | below_PDH=true | below_PDO=true | below_RTHH=true | below_dayHighSoFar=true,2026.03.05 18:26:39; 2026.03.09 18:00:41; 2026.03.23 17:29:41; 2026.04.07 17:05:57; 2026.04.21 17:03:24; 2026.05.27 17:44:27; 2026.06.11 19:50:55
full,6,109,127,0.85,0.89,0.94,7,6.0,0.05,0.24,85.71,6.65,5,above_ONH=true | above_PDO=true | above_dayHighSoFar=true | below_PDH=true | day_of_week=WED,2026.03.04 11:09:15; 2026.03.04 16:26:21; 2026.03.11 01:09:31; 2026.05.20 01:33:48; 2026.05.20 14:30:13; 2026.06.24 15:52:07; 2026.06.24 16:59:03
full,6,100,71,0.91,0.54,0.88,7,5.98,0.09,0.29,85.71,6.63,11,PD_trend=PD_red | below_ONH=true | below_ONL=true | below_PDH=true | below_PDO=true | below_dayHighSoFar=true | below_dayLowSoFar=true | below_midpoint=true | dayBrokePDH=false | levelTag=dailyDown2 | openGap_info=unknown,2026.03.06 14:51:38; 2026.03.19 13:27:01; 2026.03.26 10:30:13; 2026.06.10 13:06:14; 2026.06.22 01:48:50; 2026.06.23 03:50:15; 2026.06.26 04:38:03
ON,6,100,50,0.92,0.42,0.88,7,5.98,0.09,0.29,85.71,6.63,11,PD_trend=PD_red | below_ONH=true | below_ONL=true | below_PDH=true | below_PDO=true | below_dayHighSoFar=true | below_dayLowSoFar=true | below_midpoint=true | dayBrokePDH=false | levelTag=dailyDown2 | openGap_info=unknown,2026.03.06 14:51:38; 2026.03.19 13:27:01; 2026.03.26 10:30:13; 2026.06.10 13:06:14; 2026.06.22 01:48:50; 2026.06.23 03:50:15; 2026.06.26 04:38:03
RTH-afterIB,6,103,20,1.21,0.18,0.59,8,5.98,0.08,0.35,87.5,7.92,10,above_IBH=true | above_IBL=true | above_ONH=true | above_ONL=true | above_PDC=true | above_PDL=true | above_PDO=true | above_RTHL=true | above_dayLowSoFar=true | above_midpoint=true,2026.03.02 20:20:33; 2026.03.09 20:20:28; 2026.03.09 20:29:47; 2026.03.09 20:38:09; 2026.04.13 18:33:19; 2026.04.24 17:50:14; 2026.05.05 20:21:52; 2026.06.02 17:08:40
full,6,100,71,0.91,0.54,0.88,7,5.97,0.09,0.29,85.71,6.61,5,PD_trend=PD_red | below_PDL=true | dayBrokePDH=false | dayBrokePDL=true | levelTag=dailyDown2,2026.03.06 14:51:38; 2026.03.12 14:55:52; 2026.03.26 10:30:13; 2026.03.27 14:35:22; 2026.05.19 16:21:14; 2026.06.22 01:48:50; 2026.06.26 04:38:03
RTH-IB,6,105,30,0.85,0.39,0.88,7,5.94,0.09,0.41,85.71,6.62,9,above_ONL=true | above_dayLowSoFar=true | below_ONH=true | below_PDC=true | below_PDH=true | below_dayHighSoFar=true | day_of_week=THU | levelTag=todayRTHopen | openGap_info=gapDown_Day,2026.03.05 15:30:20; 2026.03.12 14:30:12; 2026.04.02 15:33:15; 2026.04.09 15:30:11; 2026.04.23 15:30:17; 2026.05.21 15:52:16; 2026.06.04 15:31:37
full,6,105,30,0.85,0.39,0.88,7,5.94,0.09,0.41,85.71,6.62,9,above_ONL=true | above_dayLowSoFar=true | below_ONH=true | below_PDC=true | below_PDH=true | below_dayHighSoFar=true | day_of_week=THU | levelTag=todayRTHopen | openGap_info=gapDown_Day,2026.03.05 15:30:20; 2026.03.12 14:30:12; 2026.04.02 15:33:15; 2026.04.09 15:30:11; 2026.04.23 15:30:17; 2026.05.21 15:52:16; 2026.06.04 15:31:37
full,6,109,127,0.85,0.89,0.94,7,5.93,0.09,0.41,85.71,6.56,6,PD_trend=PD_red | above_PDC=true | above_PDL=true | above_dayLowSoFar=true | above_midpoint=true | levelTag=dailyUp2,2026.03.30 14:32:25; 2026.04.09 18:03:17; 2026.04.24 17:45:02; 2026.05.20 17:51:12; 2026.05.28 16:13:57; 2026.06.04 21:29:19; 2026.06.09 14:59:52
ON,6,109,77,0.93,0.7,0.94,7,5.92,0.08,0.35,85.71,6.54,10,above_ONL=true | above_PDC=true | above_PDL=true | above_dayLowSoFar=true | above_midpoint=true | below_PDH=true | dayBrokePDH=false | dayBrokePDL=false | day_of_week=WED | openGap_info=unknown,2026.03.04 11:09:15; 2026.03.11 01:09:31; 2026.03.25 01:11:29; 2026.04.22 07:25:08; 2026.05.20 01:33:48; 2026.05.20 14:30:13; 2026.06.24 02:00:53
full,6,109,127,0.85,0.89,0.94,7,5.92,0.08,0.35,85.71,6.54,5,above_PDC=true | above_midpoint=true | below_PDH=true | day_of_week=WED | openGap_info=unknown,2026.03.04 11:09:15; 2026.03.11 01:09:31; 2026.03.25 01:11:29; 2026.04.22 07:25:08; 2026.05.20 01:33:48; 2026.05.20 14:30:13; 2026.06.24 02:00:53
ON,6,109,77,0.93,0.7,0.94,7,5.92,0.08,0.35,85.71,6.54,5,above_PDC=true | above_PDO=true | above_midpoint=true | dayBrokePDH=false | day_of_week=WED,2026.03.04 11:09:15; 2026.03.11 01:09:31; 2026.03.25 01:11:29; 2026.05.13 08:19:03; 2026.05.20 01:33:48; 2026.05.20 14:30:13; 2026.06.24 02:00:53
full,6,110,111,0.97,0.79,0.94,8,5.9,0.11,0.41,87.5,7.5,7,PD_trend=PD_green | above_PDC=true | above_PDL=true | above_PDO=true | below_PDH=true | below_dayHighSoFar=true | dayBrokePDL=false,2026.03.20 01:03:49; 2026.03.25 04:13:00; 2026.04.21 15:31:24; 2026.04.30 01:20:48; 2026.05.01 10:43:19; 2026.05.06 02:16:46; 2026.05.11 16:31:41; 2026.06.24 18:31:35
full,6,116,25,0.95,0.29,0.76,7,5.9,0.09,0.41,85.71,6.71,9,above_ONH=true | above_ONL=true | above_PDL=true | above_dayHighSoFar=true | above_dayLowSoFar=true | above_midpoint=true | below_PDH=true | dayBrokePDH=false | day_of_week=MON,2026.03.02 17:10:00; 2026.03.09 20:29:47; 2026.03.30 10:38:12; 2026.04.06 04:21:30; 2026.04.13 18:33:19; 2026.04.20 15:30:01; 2026.06.08 13:15:00
full,6,110,111,0.97,0.79,0.94,8,5.88,0.09,0.35,87.5,7.47,5,PD_trend=PD_green | above_ONL=true | above_dayLowSoFar=true | below_PDH=true | dayBrokePDL=false,2026.04.21 15:31:24; 2026.04.30 01:20:48; 2026.04.30 06:31:03; 2026.05.01 10:43:19; 2026.05.06 02:16:46; 2026.05.11 16:31:41; 2026.05.21 12:30:57; 2026.06.24 18:31:35
full,6,109,127,0.85,0.89,0.94,7,5.88,0.07,0.29,85.71,6.73,5,above_ONL=true | above_dayLowSoFar=true | below_ONH=true | below_dayHighSoFar=true | day_of_week=FRI,2026.03.13 01:13:34; 2026.03.20 12:05:18; 2026.04.10 16:30:33; 2026.05.15 04:51:39; 2026.05.15 09:14:31; 2026.06.26 05:57:56; 2026.06.26 08:54:28
full,6,110,111,0.97,0.79,0.94,8,5.88,0.11,0.41,87.5,7.46,5,PD_trend=PD_green | above_ONL=true | above_PDO=true | above_dayLowSoFar=true | below_PDH=true,2026.03.02 19:47:05; 2026.04.21 15:31:24; 2026.04.30 01:20:48; 2026.05.01 10:43:19; 2026.05.06 02:16:46; 2026.05.11 16:31:41; 2026.05.21 12:30:57; 2026.06.24 18:31:35
full,6,110,111,0.97,0.79,0.94,7,5.86,0.09,0.35,85.71,6.46,4,above_PDC=true | above_PDO=true | below_ONH=true | below_PDH=true,2026.03.11 06:44:08; 2026.03.20 01:03:49; 2026.03.25 04:13:00; 2026.04.21 15:31:24; 2026.04.30 01:20:48; 2026.05.01 10:43:19; 2026.05.06 02:16:46
RTH-afterIB,6,101,28,0.65,0.33,0.88,7,5.84,0.07,0.29,85.71,6.68,13,above_IBH=true | above_IBL=true | above_ONH=true | above_ONL=true | above_PDL=true | above_RTHH=true | above_RTHL=true | above_dayHighSoFar=true | above_dayLowSoFar=true | above_midpoint=true | below_PDH=true | dayBrokePDH=false | dayBrokePDL=true,2026.03.02 17:10:00; 2026.03.02 20:20:33; 2026.04.02 16:37:14; 2026.04.13 18:33:19; 2026.06.04 17:17:06; 2026.06.04 21:29:32; 2026.06.11 19:31:08
full,6,109,127,0.85,0.89,0.94,7,5.84,0.09,0.35,85.71,6.53,6,above_midpoint=true | below_ONH=true | below_PDH=true | below_dayHighSoFar=true | dayBrokePDH=false | dayBrokePDL=false,2026.03.25 01:11:29; 2026.04.27 02:02:34; 2026.05.04 07:19:34; 2026.05.21 01:12:01; 2026.06.02 10:03:49; 2026.06.23 02:44:26; 2026.06.24 02:00:53
full,6,109,127,0.85,0.89,0.94,7,5.84,0.09,0.41,85.71,6.53,5,above_PDO=true | above_midpoint=true | below_ONH=true | below_dayHighSoFar=true | openGap_info=unknown,2026.03.25 01:11:29; 2026.04.27 02:02:34; 2026.05.04 07:19:34; 2026.05.21 01:12:01; 2026.05.25 09:33:07; 2026.06.02 10:03:49; 2026.06.24 02:00:53
ON,6,109,77,0.93,0.7,0.94,7,5.84,0.09,0.41,85.71,6.53,9,above_ONL=true | above_PDL=true | above_PDO=true | above_dayLowSoFar=true | above_midpoint=true | below_ONH=true | below_dayHighSoFar=true | dayBrokePDL=false | openGap_info=unknown,2026.03.25 01:11:29; 2026.04.27 02:02:34; 2026.05.04 07:19:34; 2026.05.21 01:12:01; 2026.05.25 09:33:07; 2026.06.02 10:03:49; 2026.06.24 02:00:53
ON,6,109,77,0.93,0.7,0.94,7,5.84,0.09,0.35,85.71,6.53,6,above_midpoint=true | below_ONH=true | below_PDH=true | below_dayHighSoFar=true | dayBrokePDH=false | dayBrokePDL=false,2026.03.25 01:11:29; 2026.04.27 02:02:34; 2026.05.04 07:19:34; 2026.05.21 01:12:01; 2026.06.02 10:03:49; 2026.06.23 02:44:26; 2026.06.24 02:00:53
RTH-afterIB,6,111,18,1.54,0.21,0.59,7,5.78,0.09,0.29,85.71,6.74,4,below_PDH=true | below_RTHH=true | below_dayHighSoFar=true | levelTag=weeklyPivot,2026.03.02 19:47:05; 2026.03.09 20:36:07; 2026.03.23 17:29:41; 2026.03.25 16:17:59; 2026.04.07 17:05:57; 2026.06.09 17:26:28; 2026.06.11 19:50:55
full,6,109,127,0.85,0.89,0.94,7,5.76,0.09,0.35,85.71,6.57,8,above_ONL=true | above_PDC=true | above_PDL=true | above_dayLowSoFar=true | above_midpoint=true | below_ONH=true | below_dayHighSoFar=true | openGap_info=unknown,2026.03.13 01:13:34; 2026.03.25 01:11:29; 2026.03.30 14:32:25; 2026.05.04 07:19:34; 2026.05.25 09:33:07; 2026.06.23 02:44:26; 2026.06.24 02:00:53
ON,6,109,77,0.93,0.7,0.94,7,5.76,0.09,0.35,85.71,6.57,8,above_ONL=true | above_PDC=true | above_PDL=true | above_dayLowSoFar=true | above_midpoint=true | below_ONH=true | below_dayHighSoFar=true | openGap_info=unknown,2026.03.13 01:13:34; 2026.03.25 01:11:29; 2026.03.30 14:32:25; 2026.05.04 07:19:34; 2026.05.25 09:33:07; 2026.06.23 02:44:26; 2026.06.24 02:00:53
full,6,101,163,0.68,0.93,0.94,7,5.75,0.09,0.29,85.71,6.41,11,PD_trend=PD_green | above_PDL=true | above_PDO=true | below_ONH=true | below_ONL=true | below_PDC=true | below_PDH=true | below_dayHighSoFar=true | below_dayLowSoFar=true | below_midpoint=true | dayBrokePDL=false,2026.03.20 10:50:10; 2026.04.07 03:11:46; 2026.05.07 19:28:32; 2026.05.12 03:17:07; 2026.05.15 03:25:32; 2026.06.02 02:26:15; 2026.06.05 02:01:24
full,6,110,111,0.97,0.79,0.94,7,5.75,0.09,0.35,85.71,6.36,8,above_ONL=true | above_PDC=true | above_PDL=true | above_PDO=true | above_dayLowSoFar=true | below_dayHighSoFar=true | dayBrokePDH=true | levelTag=dailyUp1,2026.03.10 09:58:23; 2026.04.01 09:49:10; 2026.04.30 01:20:48; 2026.05.01 10:43:19; 2026.05.06 02:16:46; 2026.05.11 16:31:41; 2026.06.22 15:43:03
full,6,109,127,0.85,0.89,0.94,7,5.74,0.09,0.41,85.71,6.68,4,above_PDC=true | above_PDO=true | above_midpoint=true | below_dayHighSoFar=true,2026.03.25 01:11:29; 2026.04.01 16:53:32; 2026.04.10 16:30:33; 2026.05.04 07:19:34; 2026.05.20 17:51:12; 2026.05.25 09:33:07; 2026.06.24 02:00:53
full,6,109,127,0.85,0.89,0.94,7,5.74,0.09,0.35,85.71,6.68,4,above_PDC=true | above_midpoint=true | below_ONH=true | dayBrokePDL=false,2026.03.25 01:11:29; 2026.04.01 16:53:32; 2026.04.10 16:30:33; 2026.05.04 07:19:34; 2026.05.25 09:33:07; 2026.06.23 02:44:26; 2026.06.24 02:00:53
full,6,101,163,0.68,0.93,0.94,7,5.72,0.05,0.24,85.71,6.52,11,above_ONH=true | above_ONL=true | above_PDC=true | above_PDL=true | above_dayHighSoFar=true | above_dayLowSoFar=true | above_midpoint=true | below_PDH=true | dayBrokePDH=false | dayBrokePDL=true | day_of_week=THU,2026.04.02 16:37:14; 2026.05.28 16:13:59; 2026.06.04 17:17:06; 2026.06.04 21:29:32; 2026.06.11 03:12:36; 2026.06.11 10:02:49; 2026.06.11 19:31:08
full,6,110,111,0.97,0.79,0.94,7,5.67,0.09,0.29,85.71,6.4,7,above_ONL=true | above_dayLowSoFar=true | below_ONH=true | below_PDH=true | below_dayHighSoFar=true | below_midpoint=true | openGap_info=unknown,2026.03.19 06:44:38; 2026.04.30 06:31:03; 2026.05.01 10:43:19; 2026.05.06 02:16:46; 2026.05.18 01:07:32; 2026.05.21 12:30:57; 2026.06.09 02:09:00
ON,6,110,75,0.87,0.63,0.94,7,5.67,0.09,0.29,85.71,6.4,7,above_ONL=true | above_dayLowSoFar=true | below_ONH=true | below_PDH=true | below_dayHighSoFar=true | below_midpoint=true | openGap_info=unknown,2026.03.19 06:44:38; 2026.04.30 06:31:03; 2026.05.01 10:43:19; 2026.05.06 02:16:46; 2026.05.18 01:07:32; 2026.05.21 12:30:57; 2026.06.09 02:09:00
ON,6,109,77,0.93,0.7,0.94,7,5.65,0.07,0.29,85.71,6.61,7,above_ONL=true | above_PDL=true | above_dayLowSoFar=true | above_midpoint=true | dayBrokePDL=false | day_of_week=THU | openGap_info=unknown,2026.03.19 03:35:28; 2026.04.30 14:17:24; 2026.05.07 03:40:37; 2026.05.07 09:08:00; 2026.05.14 01:05:40; 2026.05.21 01:12:01; 2026.05.21 06:27:51
full,6,109,127,0.85,0.89,0.94,7,5.65,0.07,0.29,85.71,6.61,7,above_ONL=true | above_PDL=true | above_dayLowSoFar=true | above_midpoint=true | dayBrokePDL=false | day_of_week=THU | openGap_info=unknown,2026.03.19 03:35:28; 2026.04.30 14:17:24; 2026.05.07 03:40:37; 2026.05.07 09:08:00; 2026.05.14 01:05:40; 2026.05.21 01:12:01; 2026.05.21 06:27:51
full,6,109,127,0.85,0.89,0.94,7,5.65,0.07,0.29,85.71,6.6,4,PD_trend=PD_green | above_ONL=true | dayBrokePDL=false | day_of_week=THU,2026.03.05 16:40:23; 2026.04.30 14:17:24; 2026.05.07 03:40:37; 2026.05.07 09:08:00; 2026.05.14 01:05:40; 2026.05.21 01:12:01; 2026.05.21 06:27:51
ON,6,109,77,0.93,0.7,0.94,7,5.63,0.07,0.29,85.71,6.58,8,PD_trend=PD_green | above_ONL=true | above_PDL=true | above_PDO=true | above_dayLowSoFar=true | above_midpoint=true | day_of_week=THU | openGap_info=unknown,2026.04.23 14:06:32; 2026.04.30 14:17:24; 2026.05.07 03:40:37; 2026.05.07 09:08:00; 2026.05.14 01:05:40; 2026.05.21 01:12:01; 2026.05.21 06:27:51
full,6,109,127,0.85,0.89,0.94,7,5.63,0.07,0.29,85.71,6.58,8,PD_trend=PD_green | above_ONL=true | above_PDL=true | above_PDO=true | above_dayLowSoFar=true | above_midpoint=true | day_of_week=THU | openGap_info=unknown,2026.04.23 14:06:32; 2026.04.30 14:17:24; 2026.05.07 03:40:37; 2026.05.07 09:08:00; 2026.05.14 01:05:40; 2026.05.21 01:12:01; 2026.05.21 06:27:51
RTH-IB,6,104,16,0.96,0.21,0.53,7,5.6,0.09,0.29,85.71,6.62,10,PD_trend=PD_green | above_ONL=true | above_dayLowSoFar=true | below_ONH=true | below_PDC=true | below_PDH=true | below_dayHighSoFar=true | below_midpoint=true | levelTag=todayRTHopen | openGap_info=gapDown_Day,2026.03.02 15:30:06; 2026.03.03 15:30:05; 2026.03.05 15:30:20; 2026.04.02 15:33:15; 2026.05.15 16:19:20; 2026.05.21 15:52:16; 2026.06.05 15:31:42
full,6,104,16,0.96,0.21,0.53,7,5.6,0.09,0.29,85.71,6.62,10,PD_trend=PD_green | above_ONL=true | above_dayLowSoFar=true | below_ONH=true | below_PDC=true | below_PDH=true | below_dayHighSoFar=true | below_midpoint=true | levelTag=todayRTHopen | openGap_info=gapDown_Day,2026.03.02 15:30:06; 2026.03.03 15:30:05; 2026.03.05 15:30:20; 2026.04.02 15:33:15; 2026.05.15 16:19:20; 2026.05.21 15:52:16; 2026.06.05 15:31:42
full,6,100,71,0.91,0.54,0.88,7,5.54,0.08,0.35,85.71,6.54,9,below_ONH=true | below_ONL=true | below_PDC=true | below_PDH=true | below_PDO=true | below_dayHighSoFar=true | below_dayLowSoFar=true | below_midpoint=true | day_of_week=WED,2026.04.29 15:31:00; 2026.05.20 02:14:09; 2026.05.27 17:44:45; 2026.06.03 15:47:42; 2026.06.10 07:19:42; 2026.06.10 13:06:14; 2026.06.24 21:07:15
ON,6,110,75,0.87,0.63,0.94,7,5.49,0.08,0.29,85.71,6.38,10,PD_trend=PD_green | above_PDL=true | above_PDO=true | below_ONH=true | below_PDH=true | below_dayHighSoFar=true | below_midpoint=true | dayBrokePDH=true | dayBrokePDL=false | openGap_info=unknown,2026.03.05 02:55:55; 2026.03.05 15:13:30; 2026.04.28 07:35:32; 2026.05.01 10:43:19; 2026.05.06 02:16:46; 2026.05.21 12:30:57; 2026.06.12 09:04:11
full,6,110,111,0.97,0.79,0.94,7,5.49,0.08,0.29,85.71,6.38,4,above_PDO=true | below_midpoint=true | dayBrokePDH=true | openGap_info=unknown,2026.03.05 02:55:55; 2026.03.05 15:13:30; 2026.04.28 07:35:32; 2026.05.01 10:43:19; 2026.05.06 02:16:46; 2026.05.21 12:30:57; 2026.06.12 09:04:11
full,6,109,127,0.85,0.89,0.94,13,5.47,0.11,0.47,84.62,11.89,4,above_PDL=true | above_dayLowSoFar=true | dayBrokePDH=false | day_of_week=WED,2026.03.04 11:09:15; 2026.03.04 16:26:21; 2026.03.11 01:09:31; 2026.03.25 01:11:29; 2026.04.22 07:25:08; 2026.05.13 08:19:03; 2026.05.20 01:33:48; 2026.05.20 14:30:13; 2026.06.03 01:35:51; 2026.06.03 19:56:13; 2026.06.24 02:00:53; 2026.06.24 15:52:07; 2026.06.24 16:59:03
ON,6,110,75,0.87,0.63,0.94,13,5.45,0.13,0.47,84.62,12.14,6,above_PDL=true | below_ONH=true | below_PDH=true | below_dayHighSoFar=true | dayBrokePDH=true | openGap_info=unknown,2026.03.05 02:55:55; 2026.03.05 15:13:30; 2026.03.23 12:46:59; 2026.04.07 14:07:02; 2026.04.28 07:35:32; 2026.04.28 13:10:01; 2026.04.30 01:20:48; 2026.04.30 06:31:03; 2026.05.01 10:43:19; 2026.05.06 02:16:46; 2026.05.21 12:30:57; 2026.06.01 15:12:31; 2026.06.12 09:04:11
full,6,110,111,0.97,0.79,0.94,13,5.45,0.13,0.47,84.62,12.14,6,above_PDL=true | below_ONH=true | below_PDH=true | below_dayHighSoFar=true | dayBrokePDH=true | openGap_info=unknown,2026.03.05 02:55:55; 2026.03.05 15:13:30; 2026.03.23 12:46:59; 2026.04.07 14:07:02; 2026.04.28 07:35:32; 2026.04.28 13:10:01; 2026.04.30 01:20:48; 2026.04.30 06:31:03; 2026.05.01 10:43:19; 2026.05.06 02:16:46; 2026.05.21 12:30:57; 2026.06.01 15:12:31; 2026.06.12 09:04:11
full,6,111,65,0.59,0.61,0.88,6,5.29,0.07,0.24,83.33,5.92,8,PD_trend=PD_red | above_ONL=true | above_PDC=true | above_PDL=true | above_dayLowSoFar=true | above_midpoint=true | below_dayHighSoFar=true | dayBrokePDL=true,2026.03.09 20:36:07; 2026.03.13 05:22:56; 2026.03.23 12:12:35; 2026.03.23 17:29:41; 2026.03.31 18:48:01; 2026.06.11 19:50:55
full,6,103,55,0.87,0.45,0.82,6,5.26,0.08,0.35,83.33,5.5,6,above_ONH=true | above_PDL=true | above_dayHighSoFar=true | above_dayLowSoFar=true | above_midpoint=true | levelTag=weeklyPivot,2026.03.02 17:10:00; 2026.03.09 20:29:47; 2026.03.30 10:38:12; 2026.04.13 18:33:19; 2026.04.20 15:30:01; 2026.05.21 19:51:55
full,6,116,25,0.95,0.29,0.76,6,5.26,0.08,0.35,83.33,5.5,6,above_ONH=true | above_PDL=true | above_dayHighSoFar=true | above_dayLowSoFar=true | above_midpoint=true | levelTag=weeklyPivot,2026.03.02 17:10:00; 2026.03.09 20:29:47; 2026.03.30 10:38:12; 2026.04.13 18:33:19; 2026.04.20 15:30:01; 2026.05.21 19:51:55
full,6,111,65,0.59,0.61,0.88,6,5.25,0.07,0.29,83.33,5.78,3,above_PDL=true | below_dayHighSoFar=true | day_of_week=MON,2026.03.02 19:47:05; 2026.03.09 20:36:07; 2026.03.23 12:12:35; 2026.03.23 17:29:41; 2026.05.04 12:03:39; 2026.06.01 15:12:31
full,6,100,71,0.91,0.54,0.88,6,5.24,0.08,0.35,83.33,5.55,11,above_PDL=true | below_ONH=true | below_ONL=true | below_PDC=true | below_PDH=true | below_dayHighSoFar=true | below_dayLowSoFar=true | below_midpoint=true | dayBrokePDL=false | day_of_week=TUE | levelTag=dailyDown1,2026.03.03 03:17:27; 2026.03.24 14:09:17; 2026.03.31 01:08:37; 2026.04.07 14:07:02; 2026.04.21 17:05:35; 2026.04.28 13:11:15
full,6,107,67,0.78,0.66,0.71,6,5.23,0.08,0.29,83.33,5.59,7,above_ONH=true | above_ONL=true | above_PDO=true | above_dayHighSoFar=true | below_PDH=true | dayBrokePDH=false | levelTag=weeklyPivot,2026.03.02 17:10:00; 2026.03.04 16:26:26; 2026.03.10 01:46:06; 2026.04.13 18:33:19; 2026.04.20 15:30:01; 2026.05.05 09:04:39
ON,6,110,75,0.87,0.63,0.94,6,5.23,0.08,0.35,83.33,5.46,10,PD_trend=PD_red | below_ONH=true | below_PDH=true | below_PDO=true | below_dayHighSoFar=true | below_midpoint=true | dayBrokePDH=false | dayBrokePDL=false | levelTag=dailyDown1 | openGap_info=unknown,2026.03.06 12:55:27; 2026.03.19 06:44:38; 2026.03.24 14:09:14; 2026.03.31 01:08:36; 2026.05.04 12:05:19; 2026.05.20 02:14:05
full,6,110,111,0.97,0.79,0.94,6,5.23,0.08,0.35,83.33,5.46,4,PD_trend=PD_red | dayBrokePDL=false | levelTag=dailyDown1 | openGap_info=unknown,2026.03.06 12:55:27; 2026.03.19 06:44:38; 2026.03.24 14:09:14; 2026.03.31 01:08:36; 2026.05.04 12:05:19; 2026.05.20 02:14:05
full,6,101,163,0.68,0.93,0.94,6,5.21,0.08,0.29,83.33,5.52,9,above_ONH=true | above_ONL=true | above_PDL=true | above_dayHighSoFar=true | above_dayLowSoFar=true | above_midpoint=true | below_PDH=true | dayBrokePDH=false | levelTag=weeklyPivot,2026.03.02 17:10:00; 2026.03.30 10:38:12; 2026.04.13 18:33:19; 2026.04.20 15:30:01; 2026.04.24 01:34:42; 2026.06.11 19:31:08
full,6,114,23,0.9,0.24,0.76,6,5.21,0.08,0.35,83.33,5.47,5,above_dayLowSoFar=true | below_PDH=true | below_PDO=true | below_dayHighSoFar=true | openGap_info=gapDown_Day,2026.03.09 17:29:45; 2026.04.23 19:22:43; 2026.05.19 16:46:18; 2026.06.04 16:35:22; 2026.06.10 17:51:58; 2026.06.26 17:31:21
RTH-afterIB,6,114,23,0.9,0.24,0.76,6,5.21,0.08,0.35,83.33,5.47,5,above_dayLowSoFar=true | below_PDH=true | below_PDO=true | below_dayHighSoFar=true | openGap_info=gapDown_Day,2026.03.09 17:29:45; 2026.04.23 19:22:43; 2026.05.19 16:46:18; 2026.06.04 16:35:22; 2026.06.10 17:51:58; 2026.06.26 17:31:21
RTH-afterIB,6,114,23,0.9,0.24,0.76,6,5.2,0.08,0.35,83.33,5.46,6,above_dayLowSoFar=true | below_PDC=true | below_PDH=true | below_RTHH=true | below_dayHighSoFar=true | openGap_info=gapDown_Day,2026.03.02 19:47:07; 2026.03.09 17:29:45; 2026.04.23 19:22:43; 2026.05.19 16:46:18; 2026.06.04 16:35:22; 2026.06.10 17:51:58
full,6,114,23,0.9,0.24,0.76,6,5.2,0.08,0.35,83.33,5.46,5,above_dayLowSoFar=true | below_PDC=true | below_PDH=true | below_dayHighSoFar=true | openGap_info=gapDown_Day,2026.03.02 19:47:07; 2026.03.09 17:29:45; 2026.04.23 19:22:43; 2026.05.19 16:46:18; 2026.06.04 16:35:22; 2026.06.10 17:51:58
full,6,103,55,0.87,0.45,0.82,7,5.19,0.05,0.24,85.71,6.66,6,above_ONL=true | above_PDO=true | below_PDH=true | dayBrokePDH=false | dayBrokePDL=true | openGap_info=gapDown_Day,2026.03.02 17:10:00; 2026.03.02 20:20:33; 2026.03.09 20:20:28; 2026.03.09 20:29:47; 2026.03.09 20:38:09; 2026.04.13 18:33:19; 2026.05.28 16:13:59
full,6,110,111,0.97,0.79,0.94,6,5.18,0.08,0.35,83.33,5.48,11,above_PDL=true | below_ONH=true | below_ONL=true | below_PDC=true | below_PDH=true | below_dayHighSoFar=true | below_dayLowSoFar=true | below_midpoint=true | dayBrokePDL=false | day_of_week=TUE | levelTag=dailyDown1,2026.03.03 03:17:26; 2026.03.24 14:09:14; 2026.03.31 01:08:36; 2026.04.07 14:07:02; 2026.04.21 17:03:24; 2026.04.28 13:10:01
RTH-afterIB,6,114,23,0.9,0.24,0.76,6,5.18,0.08,0.35,83.33,5.43,6,PD_trend=PD_red | above_dayLowSoFar=true | below_PDH=true | below_dayHighSoFar=true | dayBrokePDH=false | openGap_info=gapDown_Day,2026.03.09 17:29:45; 2026.04.09 17:38:17; 2026.05.19 16:46:18; 2026.06.04 16:35:22; 2026.06.10 17:51:58; 2026.06.26 17:31:21
full,6,114,23,0.9,0.24,0.76,6,5.18,0.08,0.35,83.33,5.43,6,PD_trend=PD_red | above_dayLowSoFar=true | below_PDH=true | below_dayHighSoFar=true | dayBrokePDH=false | openGap_info=gapDown_Day,2026.03.09 17:29:45; 2026.04.09 17:38:17; 2026.05.19 16:46:18; 2026.06.04 16:35:22; 2026.06.10 17:51:58; 2026.06.26 17:31:21
RTH-afterIB,6,103,20,1.21,0.18,0.59,7,5.17,0.05,0.24,85.71,6.63,14,above_IBH=true | above_IBL=true | above_ONH=true | above_ONL=true | above_PDL=true | above_PDO=true | above_RTHH=true | above_RTHL=true | above_dayHighSoFar=true | above_dayLowSoFar=true | above_midpoint=true | below_PDH=true | dayBrokePDH=false | openGap_info=gapDown_Day,2026.03.02 17:10:00; 2026.03.02 20:20:33; 2026.03.09 20:20:28; 2026.03.09 20:29:47; 2026.03.09 20:38:09; 2026.04.13 18:33:19; 2026.06.02 17:08:40
full,6,103,55,0.87,0.45,0.82,6,5.14,0.07,0.29,83.33,5.42,8,PD_trend=PD_red | above_ONH=true | above_PDC=true | above_PDL=true | above_PDO=true | above_dayLowSoFar=true | above_midpoint=true | levelTag=dailyUp2,2026.03.09 20:38:09; 2026.04.09 18:03:19; 2026.04.13 21:27:22; 2026.04.24 17:45:02; 2026.04.24 17:50:14; 2026.05.28 16:13:59
RTH-IB,6,105,30,0.85,0.39,0.88,6,5.11,0.08,0.29,83.33,5.39,10,PD_trend=PD_green | above_ONL=true | above_dayLowSoFar=true | below_ONH=true | below_PDC=true | below_PDH=true | below_dayHighSoFar=true | dayBrokePDL=true | levelTag=todayRTHopen | openGap_info=gapDown_Day,2026.03.02 15:30:06; 2026.03.03 15:30:05; 2026.04.02 15:33:15; 2026.04.23 15:30:17; 2026.04.28 15:53:24; 2026.05.15 16:19:20
full,6,105,30,0.85,0.39,0.88,6,5.11,0.08,0.29,83.33,5.39,10,PD_trend=PD_green | above_ONL=true | above_dayLowSoFar=true | below_ONH=true | below_PDC=true | below_PDH=true | below_dayHighSoFar=true | dayBrokePDL=true | levelTag=todayRTHopen | openGap_info=gapDown_Day,2026.03.02 15:30:06; 2026.03.03 15:30:05; 2026.04.02 15:33:15; 2026.04.23 15:30:17; 2026.04.28 15:53:24; 2026.05.15 16:19:20
full,6,107,67,0.78,0.66,0.71,6,5.11,0.08,0.29,83.33,5.42,10,PD_trend=PD_green | below_ONH=true | below_ONL=true | below_PDC=true | below_PDH=true | below_PDL=true | below_PDO=true | below_dayHighSoFar=true | below_midpoint=true | dayBrokePDL=true,2026.03.02 07:44:40; 2026.03.03 16:23:55; 2026.04.02 13:28:58; 2026.04.23 19:45:56; 2026.04.28 13:41:43; 2026.05.15 10:18:44
full,6,111,65,0.59,0.61,0.88,6,5.1,0.08,0.29,83.33,5.45,5,above_PDC=true | above_PDL=true | below_PDH=true | below_dayHighSoFar=true | levelTag=weeklyPivot,2026.03.05 02:17:28; 2026.03.09 20:36:07; 2026.03.23 17:29:41; 2026.03.25 16:17:59; 2026.04.21 15:31:24; 2026.06.11 19:50:55
full,6,101,163,0.68,0.93,0.94,6,5.05,0.07,0.29,83.33,5.3,5,above_ONH=true | above_dayHighSoFar=true | dayBrokePDL=false | day_of_week=THU | openGap_info=unknown,2026.03.19 03:35:33; 2026.04.30 14:17:44; 2026.05.07 03:45:49; 2026.05.07 09:08:42; 2026.05.14 01:05:47; 2026.05.21 06:52:42
ON,6,101,116,0.73,0.83,0.94,6,5.05,0.07,0.29,83.33,5.3,10,above_ONH=true | above_ONL=true | above_PDC=true | above_PDL=true | above_dayHighSoFar=true | above_dayLowSoFar=true | above_midpoint=true | dayBrokePDL=false | day_of_week=THU | openGap_info=unknown,2026.03.19 03:35:33; 2026.04.30 14:17:44; 2026.05.07 03:45:49; 2026.05.07 09:08:42; 2026.05.14 01:05:47; 2026.05.21 06:52:42
ON,6,101,116,0.73,0.83,0.94,6,5.03,0.05,0.24,83.33,5.28,10,PD_trend=PD_green | above_ONL=true | above_PDC=true | above_PDL=true | above_PDO=true | above_dayLowSoFar=true | above_midpoint=true | dayBrokePDL=false | day_of_week=THU | openGap_info=unknown,2026.04.30 04:32:51; 2026.04.30 14:17:44; 2026.05.07 03:45:49; 2026.05.07 09:08:42; 2026.05.14 01:05:47; 2026.05.21 06:52:42
full,6,101,163,0.68,0.93,0.94,6,5.03,0.05,0.24,83.33,5.28,4,PD_trend=PD_green | above_PDC=true | day_of_week=THU | openGap_info=unknown,2026.04.30 04:32:51; 2026.04.30 14:17:44; 2026.05.07 03:45:49; 2026.05.07 09:08:42; 2026.05.14 01:05:47; 2026.05.21 06:52:42
ON,6,101,116,0.73,0.83,0.94,6,5.02,0.07,0.29,83.33,5.27,10,PD_trend=PD_green | above_ONH=true | above_ONL=true | above_PDL=true | above_PDO=true | above_dayHighSoFar=true | above_dayLowSoFar=true | above_midpoint=true | day_of_week=THU | openGap_info=unknown,2026.04.23 14:06:32; 2026.04.30 14:17:44; 2026.05.07 03:45:49; 2026.05.07 09:08:42; 2026.05.14 01:05:47; 2026.05.21 06:52:42
full,6,101,163,0.68,0.93,0.94,6,5.02,0.07,0.29,83.33,5.27,6,PD_trend=PD_green | above_ONH=true | above_PDO=true | above_dayHighSoFar=true | day_of_week=THU | openGap_info=unknown,2026.04.23 14:06:32; 2026.04.30 14:17:44; 2026.05.07 03:45:49; 2026.05.07 09:08:42; 2026.05.14 01:05:47; 2026.05.21 06:52:42
ON,6,100,50,0.92,0.42,0.88,6,5.01,0.08,0.24,83.33,5.33,12,PD_trend=PD_red | below_ONH=true | below_ONL=true | below_PDC=true | below_PDH=true | below_PDO=true | below_dayHighSoFar=true | below_dayLowSoFar=true | below_midpoint=true | dayBrokePDH=false | levelTag=dailyDown2 | openGap_info=unknown,2026.03.06 14:51:38; 2026.03.26 10:30:13; 2026.06.10 13:06:14; 2026.06.22 01:48:50; 2026.06.23 03:50:15; 2026.06.26 04:38:03
full,6,100,71,0.91,0.54,0.88,6,5.01,0.08,0.24,83.33,5.33,4,PD_trend=PD_red | below_PDC=true | levelTag=dailyDown2 | openGap_info=unknown,2026.03.06 14:51:38; 2026.03.26 10:30:13; 2026.06.10 13:06:14; 2026.06.22 01:48:50; 2026.06.23 03:50:15; 2026.06.26 04:38:03
ON,6,101,116,0.73,0.83,0.94,6,5.01,0.07,0.29,83.33,5.37,5,above_PDL=true | below_PDC=true | dayBrokePDH=false | dayBrokePDL=false | day_of_week=FRI,2026.03.06 10:28:20; 2026.03.06 12:56:44; 2026.03.20 10:50:10; 2026.05.15 03:25:32; 2026.06.05 02:01:24; 2026.06.26 03:48:04
full,6,101,163,0.68,0.93,0.94,6,5.01,0.07,0.29,83.33,5.37,5,above_PDL=true | below_PDC=true | dayBrokePDH=false | dayBrokePDL=false | day_of_week=FRI,2026.03.06 10:28:20; 2026.03.06 12:56:44; 2026.03.20 10:50:10; 2026.05.15 03:25:32; 2026.06.05 02:01:24; 2026.06.26 03:48:04
full,6,102,24,0.83,0.24,0.53,6,4.99,0.08,0.29,83.33,5.31,9,PD_trend=PD_red | below_ONH=true | below_ONL=true | below_PDH=true | below_PDO=true | below_dayHighSoFar=true | below_dayLowSoFar=true | below_midpoint=true | levelTag=dailyDown2,2026.03.19 13:27:01; 2026.03.27 14:35:22; 2026.05.19 16:21:14; 2026.06.09 17:31:35; 2026.06.22 01:48:50; 2026.06.26 04:38:03
full,6,109,127,0.85,0.89,0.94,12,4.98,0.09,0.41,83.33,10.6,5,above_PDL=true | above_dayLowSoFar=true | below_PDH=true | dayBrokePDH=false | day_of_week=WED,2026.03.04 11:09:15; 2026.03.04 16:26:21; 2026.03.11 01:09:31; 2026.03.25 01:11:29; 2026.04.22 07:25:08; 2026.05.20 01:33:48; 2026.05.20 14:30:13; 2026.06.03 01:35:51; 2026.06.03 19:56:13; 2026.06.24 02:00:53; 2026.06.24 15:52:07; 2026.06.24 16:59:03
full,6,109,127,0.85,0.89,0.94,12,4.98,0.11,0.47,83.33,10.59,6,above_ONL=true | above_PDL=true | above_dayLowSoFar=true | dayBrokePDH=false | dayBrokePDL=false | day_of_week=WED,2026.03.04 11:09:15; 2026.03.04 16:26:21; 2026.03.11 01:09:31; 2026.03.25 01:11:29; 2026.04.22 07:25:08; 2026.05.13 08:19:03; 2026.05.20 01:33:48; 2026.05.20 14:30:13; 2026.06.03 01:35:51; 2026.06.24 02:00:53; 2026.06.24 15:52:07; 2026.06.24 16:59:03
ON,6,101,116,0.73,0.83,0.94,6,4.98,0.07,0.29,83.33,5.21,4,above_PDC=true | above_midpoint=true | below_PDH=true | day_of_week=THU,2026.03.19 03:35:33; 2026.04.30 04:32:51; 2026.05.07 03:45:49; 2026.05.21 06:52:42; 2026.06.11 03:12:36; 2026.06.11 10:02:49
ON,6,101,116,0.73,0.83,0.94,6,4.96,0.07,0.29,83.33,5.19,6,above_ONH=true | above_PDC=true | above_dayHighSoFar=true | above_midpoint=true | dayBrokePDH=false | day_of_week=THU,2026.03.19 03:35:33; 2026.05.07 03:45:49; 2026.05.14 01:05:47; 2026.05.21 06:52:42; 2026.06.11 03:12:36; 2026.06.11 10:02:49
full,6,116,25,0.95,0.29,0.76,6,4.96,0.08,0.35,83.33,5.42,10,above_ONH=true | above_ONL=true | above_PDL=true | above_dayHighSoFar=true | above_dayLowSoFar=true | above_midpoint=true | below_PDH=true | dayBrokePDH=false | dayBrokePDL=true | day_of_week=MON,2026.03.02 17:10:00; 2026.03.09 20:29:47; 2026.03.30 10:38:12; 2026.04.06 04:21:30; 2026.04.13 18:33:19; 2026.06.08 13:15:00
ON,6,109,77,0.93,0.7,0.94,6,4.95,0.07,0.29,83.33,5.25,5,above_PDC=true | above_PDO=true | above_midpoint=true | below_PDH=true | day_of_week=WED,2026.03.04 11:09:15; 2026.03.11 01:09:31; 2026.03.25 01:11:29; 2026.05.20 01:33:48; 2026.05.20 14:30:13; 2026.06.24 02:00:53
ON,6,110,75,0.87,0.63,0.94,6,4.94,0.08,0.24,83.33,5.24,12,PD_trend=PD_red | below_ONH=true | below_ONL=true | below_PDC=true | below_PDH=true | below_PDO=true | below_dayHighSoFar=true | below_dayLowSoFar=true | below_midpoint=true | dayBrokePDH=false | levelTag=dailyDown2 | openGap_info=unknown,2026.03.06 14:51:37; 2026.03.26 10:30:12; 2026.06.10 13:06:14; 2026.06.22 01:41:27; 2026.06.23 03:50:07; 2026.06.26 04:37:20
full,6,110,111,0.97,0.79,0.94,6,4.94,0.08,0.24,83.33,5.24,4,PD_trend=PD_red | below_PDC=true | levelTag=dailyDown2 | openGap_info=unknown,2026.03.06 14:51:37; 2026.03.26 10:30:12; 2026.06.10 13:06:14; 2026.06.22 01:41:27; 2026.06.23 03:50:07; 2026.06.26 04:37:20
ON,6,101,116,0.73,0.83,0.94,6,4.94,0.07,0.29,83.33,5.16,11,PD_trend=PD_green | above_PDL=true | above_PDO=true | below_ONH=true | below_PDC=true | below_PDH=true | below_dayHighSoFar=true | below_midpoint=true | dayBrokePDL=false | day_of_week=TUE | openGap_info=unknown,2026.03.03 03:22:56; 2026.03.03 08:09:09; 2026.04.07 03:11:46; 2026.04.28 07:39:03; 2026.05.12 03:17:07; 2026.06.02 02:26:15
full,6,101,163,0.68,0.93,0.94,6,4.94,0.07,0.29,83.33,5.16,11,PD_trend=PD_green | above_PDL=true | above_PDO=true | below_ONH=true | below_PDC=true | below_PDH=true | below_dayHighSoFar=true | below_midpoint=true | dayBrokePDL=false | day_of_week=TUE | openGap_info=unknown,2026.03.03 03:22:56; 2026.03.03 08:09:09; 2026.04.07 03:11:46; 2026.04.28 07:39:03; 2026.05.12 03:17:07; 2026.06.02 02:26:15
full,6,101,163,0.68,0.93,0.94,6,4.94,0.05,0.24,83.33,5.16,4,PD_trend=PD_green | above_PDO=true | dayBrokePDH=false | day_of_week=TUE,2026.03.03 03:22:56; 2026.03.03 08:09:09; 2026.04.07 03:11:46; 2026.05.12 03:17:07; 2026.06.02 02:26:15; 2026.06.02 17:08:40
full,6,107,67,0.78,0.66,0.71,6,4.93,0.08,0.29,83.33,5.43,4,above_dayLowSoFar=true | below_PDH=true | dayBrokePDH=false | openGap_info=gapDown_Day,2026.03.02 17:10:00; 2026.03.03 16:23:55; 2026.04.02 16:37:14; 2026.04.09 17:32:50; 2026.04.13 18:33:19; 2026.04.20 15:30:01
full,6,111,65,0.59,0.61,0.88,6,4.93,0.07,0.24,83.33,5.42,6,above_ONL=true | above_dayLowSoFar=true | above_midpoint=true | below_PDH=true | below_dayHighSoFar=true | dayBrokePDL=true,2026.03.02 19:47:05; 2026.03.09 11:14:20; 2026.03.09 20:36:07; 2026.03.13 05:22:56; 2026.03.23 17:29:41; 2026.06.11 19:50:55
full,6,109,127,0.85,0.89,0.94,6,4.92,0.08,0.35,83.33,5.22,11,above_ONH=true | above_ONL=true | above_PDC=true | above_PDL=true | above_dayHighSoFar=true | above_dayLowSoFar=true | above_midpoint=true | dayBrokePDH=false | dayBrokePDL=false | day_of_week=WED | levelTag=dailyUp1,2026.03.04 11:09:15; 2026.03.11 01:09:31; 2026.04.22 07:25:08; 2026.05.13 08:19:03; 2026.05.20 14:30:13; 2026.06.24 15:52:07
full,6,110,111,0.97,0.79,0.94,6,4.91,0.08,0.29,83.33,5.36,4,PD_trend=PD_red | above_PDL=true | below_PDC=true | levelTag=dailyDown1,2026.03.06 12:55:27; 2026.03.09 18:00:41; 2026.03.12 09:41:11; 2026.03.24 14:09:14; 2026.03.31 01:08:36; 2026.05.20 02:14:05
RTH-afterIB,6,109,30,0.94,0.32,0.76,6,4.91,0.07,0.29,83.33,5.2,6,above_PDL=true | above_RTHL=true | above_dayLowSoFar=true | dayBrokePDH=true | dayBrokePDL=false | openGap_info=gapDown_Day,2026.03.05 16:40:23; 2026.03.05 18:38:00; 2026.03.10 18:27:32; 2026.04.09 18:03:17; 2026.05.11 19:45:32; 2026.05.21 19:51:28
RTH-afterIB,6,109,30,0.94,0.32,0.76,6,4.91,0.07,0.29,83.33,5.2,6,PD_trend=PD_green | above_PDL=true | above_RTHL=true | above_dayLowSoFar=true | dayBrokePDL=false | openGap_info=gapDown_Day,2026.03.05 16:40:23; 2026.03.05 18:38:00; 2026.03.10 18:27:32; 2026.05.11 19:45:32; 2026.05.21 19:51:28; 2026.06.02 17:07:41
full,6,109,127,0.85,0.89,0.94,6,4.91,0.07,0.29,83.33,5.39,6,above_ONL=true | above_PDL=true | above_dayLowSoFar=true | below_ONH=true | below_dayHighSoFar=true | day_of_week=FRI,2026.03.13 01:13:34; 2026.03.20 12:05:18; 2026.04.10 16:30:33; 2026.05.15 04:51:39; 2026.05.15 09:14:31; 2026.06.26 08:54:28
full,6,109,127,0.85,0.89,0.94,6,4.9,0.08,0.35,83.33,5.19,7,PD_trend=PD_red | above_ONH=true | above_PDC=true | above_PDL=true | above_dayLowSoFar=true | above_midpoint=true | levelTag=dailyUp2,2026.04.09 18:03:17; 2026.04.24 17:45:02; 2026.05.20 17:51:12; 2026.05.28 16:13:57; 2026.06.04 21:29:19; 2026.06.09 14:59:52
full,6,109,127,0.85,0.89,0.94,6,4.9,0.07,0.24,83.33,5.19,10,PD_trend=PD_green | above_ONL=true | above_PDL=true | above_PDO=true | above_dayLowSoFar=true | below_ONH=true | below_PDC=true | below_PDH=true | below_dayHighSoFar=true | below_midpoint=true,2026.03.05 16:40:23; 2026.03.20 12:05:18; 2026.05.12 04:10:24; 2026.05.15 04:51:39; 2026.05.15 09:14:31; 2026.06.03 01:35:51
RTH-afterIB,6,101,28,0.65,0.33,0.88,6,4.9,0.07,0.29,83.33,5.38,14,above_IBH=true | above_IBL=true | above_ONH=true | above_ONL=true | above_PDC=true | above_PDL=true | above_RTHH=true | above_RTHL=true | above_dayHighSoFar=true | above_dayLowSoFar=true | above_midpoint=true | below_PDH=true | dayBrokePDH=false | dayBrokePDL=true,2026.03.02 20:20:33; 2026.04.02 16:37:14; 2026.04.13 18:33:19; 2026.06.04 17:17:06; 2026.06.04 21:29:32; 2026.06.11 19:31:08
full,6,109,127,0.85,0.89,0.94,6,4.89,0.07,0.29,83.33,5.49,4,above_ONL=true | above_midpoint=true | dayBrokePDL=false | openGap_info=gapUp_Day,2026.03.04 16:26:21; 2026.04.01 16:53:32; 2026.04.10 16:30:33; 2026.05.20 17:51:12; 2026.06.24 15:52:07; 2026.06.24 16:59:03
ON,6,110,75,0.87,0.63,0.94,6,4.89,0.08,0.29,83.33,5.17,8,above_PDC=true | above_PDL=true | above_PDO=true | below_ONH=true | below_PDH=true | below_dayHighSoFar=true | dayBrokePDL=false | openGap_info=unknown,2026.03.11 06:44:08; 2026.03.20 01:03:49; 2026.03.25 04:13:00; 2026.04.30 01:20:48; 2026.05.01 10:43:19; 2026.05.06 02:16:46
full,6,110,111,0.97,0.79,0.94,6,4.89,0.08,0.29,83.33,5.17,4,above_PDC=true | above_PDO=true | below_PDH=true | openGap_info=unknown,2026.03.11 06:44:08; 2026.03.20 01:03:49; 2026.03.25 04:13:00; 2026.04.30 01:20:48; 2026.05.01 10:43:19; 2026.05.06 02:16:46
ON,6,109,77,0.93,0.7,0.94,12,4.88,0.16,0.47,83.33,10.4,7,above_ONL=true | above_PDL=true | above_dayLowSoFar=true | below_ONH=true | below_dayHighSoFar=true | dayBrokePDL=false | openGap_info=unknown,2026.03.24 01:41:08; 2026.03.25 01:11:29; 2026.04.27 02:02:34; 2026.05.04 07:19:34; 2026.05.12 04:10:24; 2026.05.15 04:51:39; 2026.05.21 01:12:01; 2026.05.25 09:33:07; 2026.06.02 10:03:49; 2026.06.03 01:35:51; 2026.06.23 02:44:26; 2026.06.24 02:00:53
full,6,109,127,0.85,0.89,0.94,12,4.88,0.16,0.47,83.33,10.4,7,above_ONL=true | above_PDL=true | above_dayLowSoFar=true | below_ONH=true | below_dayHighSoFar=true | dayBrokePDL=false | openGap_info=unknown,2026.03.24 01:41:08; 2026.03.25 01:11:29; 2026.04.27 02:02:34; 2026.05.04 07:19:34; 2026.05.12 04:10:24; 2026.05.15 04:51:39; 2026.05.21 01:12:01; 2026.05.25 09:33:07; 2026.06.02 10:03:49; 2026.06.03 01:35:51; 2026.06.23 02:44:26; 2026.06.24 02:00:53
ON,6,109,77,0.93,0.7,0.94,12,4.88,0.14,0.53,83.33,10.4,7,above_ONL=true | above_PDL=true | above_PDO=true | above_dayLowSoFar=true | below_ONH=true | below_dayHighSoFar=true | openGap_info=unknown,2026.03.20 12:05:18; 2026.03.25 01:11:29; 2026.04.27 02:02:34; 2026.05.04 07:19:34; 2026.05.12 04:10:24; 2026.05.15 04:51:39; 2026.05.15 09:14:31; 2026.05.21 01:12:01; 2026.05.25 09:33:07; 2026.06.02 10:03:49; 2026.06.03 01:35:51; 2026.06.24 02:00:53
full,6,109,127,0.85,0.89,0.94,12,4.88,0.14,0.53,83.33,10.4,7,above_ONL=true | above_PDL=true | above_PDO=true | above_dayLowSoFar=true | below_ONH=true | below_dayHighSoFar=true | openGap_info=unknown,2026.03.20 12:05:18; 2026.03.25 01:11:29; 2026.04.27 02:02:34; 2026.05.04 07:19:34; 2026.05.12 04:10:24; 2026.05.15 04:51:39; 2026.05.15 09:14:31; 2026.05.21 01:12:01; 2026.05.25 09:33:07; 2026.06.02 10:03:49; 2026.06.03 01:35:51; 2026.06.24 02:00:53
ON,6,109,77,0.93,0.7,0.94,6,4.87,0.08,0.35,83.33,5.23,6,above_PDO=true | above_midpoint=true | below_ONH=true | below_PDH=true | below_dayHighSoFar=true | dayBrokePDH=false,2026.03.25 01:11:29; 2026.04.27 02:02:34; 2026.05.04 07:19:34; 2026.05.21 01:12:01; 2026.06.02 10:03:49; 2026.06.24 02:00:53
ON,6,109,77,0.93,0.7,0.94,6,4.86,0.07,0.29,83.33,5.14,11,above_ONH=true | above_ONL=true | above_PDC=true | above_PDL=true | above_dayHighSoFar=true | above_dayLowSoFar=true | above_midpoint=true | dayBrokePDH=false | dayBrokePDL=false | day_of_week=WED | openGap_info=unknown,2026.03.04 11:09:15; 2026.03.11 01:09:31; 2026.04.22 07:25:08; 2026.05.13 08:19:03; 2026.05.20 01:33:48; 2026.05.20 14:30:13
full,6,109,127,0.85,0.89,0.94,6,4.86,0.07,0.29,83.33,5.14,5,above_ONH=true | above_dayHighSoFar=true | dayBrokePDH=false | day_of_week=WED | openGap_info=unknown,2026.03.04 11:09:15; 2026.03.11 01:09:31; 2026.04.22 07:25:08; 2026.05.13 08:19:03; 2026.05.20 01:33:48; 2026.05.20 14:30:13
full,6,101,163,0.68,0.93,0.94,6,4.86,0.08,0.35,83.33,5.17,5,above_ONL=true | above_dayLowSoFar=true | below_PDC=true | below_PDO=true | levelTag=dailyDown1,2026.03.02 02:10:55; 2026.03.24 14:42:20; 2026.03.30 01:32:24; 2026.04.13 13:00:04; 2026.04.20 03:10:13; 2026.05.18 01:17:43
full,6,101,163,0.68,0.93,0.94,6,4.86,0.07,0.29,83.33,5.32,6,above_PDO=true | above_dayHighSoFar=true | below_PDH=true | dayBrokePDH=false | dayBrokePDL=true | openGap_info=gapDown_Day,2026.03.02 17:10:00; 2026.03.02 20:20:33; 2026.04.02 16:37:14; 2026.04.13 18:33:19; 2026.05.28 16:13:59; 2026.06.04 21:29:32
full,6,101,163,0.68,0.93,0.94,6,4.86,0.07,0.29,83.33,5.32,6,above_PDC=true | above_dayHighSoFar=true | below_PDH=true | dayBrokePDH=false | dayBrokePDL=true | openGap_info=gapDown_Day,2026.03.02 20:20:33; 2026.04.02 16:37:14; 2026.04.13 18:33:19; 2026.05.28 16:13:59; 2026.06.04 17:17:06; 2026.06.04 21:29:32
full,6,109,127,0.85,0.89,0.94,6,4.85,0.07,0.29,83.33,5.16,7,above_ONL=true | above_dayLowSoFar=true | below_ONH=true | below_PDH=true | below_dayHighSoFar=true | dayBrokePDH=false | day_of_week=TUE,2026.03.03 19:26:47; 2026.03.24 01:41:08; 2026.05.12 04:10:24; 2026.06.02 10:03:49; 2026.06.23 02:44:26; 2026.06.23 16:20:16
full,6,110,111,0.97,0.79,0.94,6,4.85,0.08,0.29,83.33,5.12,5,above_ONL=true | above_PDO=true | above_dayLowSoFar=true | below_ONH=true | below_PDH=true,2026.03.11 06:44:08; 2026.04.21 15:31:24; 2026.04.30 01:20:48; 2026.05.01 10:43:19; 2026.05.06 02:16:46; 2026.05.21 12:30:57
full,6,100,71,0.91,0.54,0.88,6,4.85,0.05,0.24,83.33,5.27,14,PD_trend=PD_red | above_PDL=true | below_ONH=true | below_ONL=true | below_PDC=true | below_PDH=true | below_PDO=true | below_dayHighSoFar=true | below_dayLowSoFar=true | below_midpoint=true | dayBrokePDH=false | dayBrokePDL=false | day_of_week=TUE | openGap_info=unknown,2026.03.24 01:17:22; 2026.03.24 14:09:17; 2026.03.31 01:08:37; 2026.05.19 03:21:45; 2026.05.19 11:32:00; 2026.06.23 03:50:15
ON,6,100,50,0.92,0.42,0.88,6,4.85,0.05,0.24,83.33,5.27,14,PD_trend=PD_red | above_PDL=true | below_ONH=true | below_ONL=true | below_PDC=true | below_PDH=true | below_PDO=true | below_dayHighSoFar=true | below_dayLowSoFar=true | below_midpoint=true | dayBrokePDH=false | dayBrokePDL=false | day_of_week=TUE | openGap_info=unknown,2026.03.24 01:17:22; 2026.03.24 14:09:17; 2026.03.31 01:08:37; 2026.05.19 03:21:45; 2026.05.19 11:32:00; 2026.06.23 03:50:15
full,6,110,111,0.97,0.79,0.94,6,4.84,0.07,0.29,83.33,5.26,7,above_ONH=true | above_ONL=true | above_PDL=true | above_dayLowSoFar=true | above_midpoint=true | below_dayHighSoFar=true | dayBrokePDL=true,2026.03.02 19:47:05; 2026.03.09 18:00:41; 2026.03.09 20:36:07; 2026.04.13 16:15:33; 2026.06.11 19:50:55; 2026.06.22 15:43:03
RTH-afterIB,6,101,28,0.65,0.33,0.88,6,4.83,0.05,0.24,83.33,5.29,14,above_IBH=true | above_IBL=true | above_ONH=true | above_ONL=true | above_PDL=true | above_RTHH=true | above_RTHL=true | above_dayHighSoFar=true | above_dayLowSoFar=true | above_midpoint=true | below_PDH=true | dayBrokePDH=false | dayBrokePDL=true | openGap_info=gapDown_Day,2026.03.02 17:10:00; 2026.03.02 20:20:33; 2026.04.02 16:37:14; 2026.04.13 18:33:19; 2026.06.04 17:17:06; 2026.06.04 21:29:32
ON,6,101,116,0.73,0.83,0.94,6,4.82,0.08,0.35,83.33,5.16,7,above_ONL=true | above_dayLowSoFar=true | below_PDH=true | below_PDO=true | dayBrokePDH=false | levelTag=dailyDown1 | openGap_info=unknown,2026.03.02 02:10:55; 2026.03.19 01:46:58; 2026.03.30 01:32:24; 2026.04.13 13:00:04; 2026.04.20 03:10:13; 2026.05.18 01:17:43
full,6,101,163,0.68,0.93,0.94,6,4.82,0.08,0.35,83.33,5.16,5,above_ONL=true | above_dayLowSoFar=true | below_PDO=true | levelTag=dailyDown1 | openGap_info=unknown,2026.03.02 02:10:55; 2026.03.19 01:46:58; 2026.03.30 01:32:24; 2026.04.13 13:00:04; 2026.04.20 03:10:13; 2026.05.18 01:17:43
full,6,109,127,0.85,0.89,0.94,6,4.82,0.08,0.29,83.33,5.27,8,above_ONL=true | above_PDC=true | above_midpoint=true | below_ONH=true | below_PDH=true | below_dayHighSoFar=true | dayBrokePDH=false | openGap_info=unknown,2026.03.13 01:13:34; 2026.03.25 01:11:29; 2026.03.30 14:32:25; 2026.05.04 07:19:34; 2026.06.23 02:44:26; 2026.06.24 02:00:53
ON,6,109,77,0.93,0.7,0.94,6,4.82,0.08,0.29,83.33,5.27,10,above_ONL=true | above_PDC=true | above_PDL=true | above_dayLowSoFar=true | above_midpoint=true | below_ONH=true | below_PDH=true | below_dayHighSoFar=true | dayBrokePDH=false | openGap_info=unknown,2026.03.13 01:13:34; 2026.03.25 01:11:29; 2026.03.30 14:32:25; 2026.05.04 07:19:34; 2026.06.23 02:44:26; 2026.06.24 02:00:53
RTH-afterIB,6,114,23,0.9,0.24,0.76,6,4.82,0.08,0.24,83.33,5.38,5,below_PDH=true | below_RTHH=true | below_dayHighSoFar=true | dayBrokePDL=false | openGap_info=gapDown_Day,2026.03.05 18:29:59; 2026.04.07 17:05:57; 2026.04.09 17:38:17; 2026.05.11 16:31:41; 2026.05.12 16:31:21; 2026.06.10 17:51:58
full,6,114,23,0.9,0.24,0.76,6,4.82,0.08,0.24,83.33,5.38,4,below_PDH=true | below_dayHighSoFar=true | dayBrokePDL=false | openGap_info=gapDown_Day,2026.03.05 18:29:59; 2026.04.07 17:05:57; 2026.04.09 17:38:17; 2026.05.11 16:31:41; 2026.05.12 16:31:21; 2026.06.10 17:51:58
full,6,109,127,0.85,0.89,0.94,6,4.82,0.08,0.35,83.33,5.38,4,above_PDC=true | above_PDO=true | above_midpoint=true | below_ONH=true,2026.03.25 01:11:29; 2026.04.01 16:53:32; 2026.04.10 16:30:33; 2026.05.04 07:19:34; 2026.05.25 09:33:07; 2026.06.24 02:00:53
ON,6,110,75,0.87,0.63,0.94,6,4.81,0.08,0.29,83.33,5.11,9,PD_trend=PD_green | above_PDC=true | above_PDL=true | above_PDO=true | below_ONH=true | below_dayHighSoFar=true | dayBrokePDL=false | levelTag=dailyUp1 | openGap_info=unknown,2026.03.10 09:58:23; 2026.03.25 04:13:00; 2026.04.01 09:49:10; 2026.04.30 01:20:48; 2026.05.01 10:43:19; 2026.05.06 02:16:46
full,6,110,111,0.97,0.79,0.94,6,4.81,0.08,0.29,83.33,5.11,9,PD_trend=PD_green | above_PDC=true | above_PDL=true | above_PDO=true | below_ONH=true | below_dayHighSoFar=true | dayBrokePDL=false | levelTag=dailyUp1 | openGap_info=unknown,2026.03.10 09:58:23; 2026.03.25 04:13:00; 2026.04.01 09:49:10; 2026.04.30 01:20:48; 2026.05.01 10:43:19; 2026.05.06 02:16:46
RTH-afterIB,6,110,19,1.34,0.22,0.71,6,4.79,0.07,0.29,83.33,5.19,10,above_IBH=true | above_IBL=true | above_ONH=true | above_ONL=true | above_PDL=true | above_RTHL=true | above_dayLowSoFar=true | above_midpoint=true | below_RTHH=true | below_dayHighSoFar=true,2026.03.02 19:47:05; 2026.03.09 18:00:41; 2026.03.09 20:36:07; 2026.04.09 17:38:16; 2026.05.14 19:16:44; 2026.06.11 19:50:55
ON,6,110,75,0.87,0.63,0.94,12,4.79,0.12,0.41,83.33,10.34,8,PD_trend=PD_green | above_PDL=true | below_ONH=true | below_PDH=true | below_dayHighSoFar=true | dayBrokePDH=true | dayBrokePDL=false | openGap_info=unknown,2026.03.05 02:55:55; 2026.03.05 15:13:30; 2026.04.07 14:07:02; 2026.04.28 07:35:32; 2026.04.28 13:10:01; 2026.04.30 01:20:48; 2026.04.30 06:31:03; 2026.05.01 10:43:19; 2026.05.06 02:16:46; 2026.05.21 12:30:57; 2026.06.01 15:12:31; 2026.06.12 09:04:11
full,6,110,111,0.97,0.79,0.94,12,4.79,0.12,0.41,83.33,10.34,5,PD_trend=PD_green | below_PDH=true | dayBrokePDH=true | dayBrokePDL=false | openGap_info=unknown,2026.03.05 02:55:55; 2026.03.05 15:13:30; 2026.04.07 14:07:02; 2026.04.28 07:35:32; 2026.04.28 13:10:01; 2026.04.30 01:20:48; 2026.04.30 06:31:03; 2026.05.01 10:43:19; 2026.05.06 02:16:46; 2026.05.21 12:30:57; 2026.06.01 15:12:31; 2026.06.12 09:04:11
ON,6,109,77,0.93,0.7,0.94,6,4.78,0.05,0.24,83.33,5.22,8,above_ONL=true | above_dayLowSoFar=true | below_ONH=true | below_PDH=true | below_dayHighSoFar=true | dayBrokePDH=false | day_of_week=FRI | openGap_info=unknown,2026.03.13 01:13:34; 2026.03.20 12:05:18; 2026.05.15 04:51:39; 2026.05.15 09:14:31; 2026.06.26 05:57:56; 2026.06.26 08:54:28
full,6,109,127,0.85,0.89,0.94,6,4.78,0.05,0.24,83.33,5.22,8,above_ONL=true | above_dayLowSoFar=true | below_ONH=true | below_PDH=true | below_dayHighSoFar=true | dayBrokePDH=false | day_of_week=FRI | openGap_info=unknown,2026.03.13 01:13:34; 2026.03.20 12:05:18; 2026.05.15 04:51:39; 2026.05.15 09:14:31; 2026.06.26 05:57:56; 2026.06.26 08:54:28
full,6,103,55,0.87,0.45,0.82,6,4.77,0.05,0.24,83.33,5.13,10,PD_trend=PD_red | above_ONH=true | above_PDC=true | above_PDH=true | above_PDL=true | above_PDO=true | above_dayLowSoFar=true | above_midpoint=true | dayBrokePDH=true | dayBrokePDL=false,2026.04.09 18:03:19; 2026.04.24 17:45:02; 2026.04.24 17:50:14; 2026.05.05 20:21:52; 2026.05.25 01:34:38; 2026.05.25 07:41:59
full,6,110,111,0.97,0.79,0.94,6,4.76,0.07,0.29,83.33,5.15,7,above_ONH=true | above_ONL=true | above_PDL=true | above_dayLowSoFar=true | above_midpoint=true | below_dayHighSoFar=true | day_of_week=MON,2026.03.02 19:47:05; 2026.03.09 18:00:41; 2026.03.09 20:36:07; 2026.04.13 16:15:33; 2026.05.11 16:31:41; 2026.06.22 15:43:03
full,6,110,111,0.97,0.79,0.94,6,4.75,0.08,0.29,83.33,5.03,10,PD_trend=PD_green | above_ONL=true | above_PDC=true | above_PDL=true | above_PDO=true | above_dayLowSoFar=true | below_dayHighSoFar=true | dayBrokePDH=true | dayBrokePDL=false | levelTag=dailyUp1,2026.03.10 09:58:23; 2026.04.01 09:49:10; 2026.04.30 01:20:48; 2026.05.01 10:43:19; 2026.05.06 02:16:46; 2026.05.11 16:31:41
full,6,109,127,0.85,0.89,0.94,6,4.75,0.08,0.35,83.33,5.18,5,PD_trend=PD_red | above_ONL=true | above_PDC=true | above_midpoint=true | below_dayHighSoFar=true,2026.03.13 01:13:34; 2026.03.30 14:32:25; 2026.05.04 07:19:34; 2026.05.20 17:51:12; 2026.05.25 09:33:07; 2026.06.23 02:44:26
full,6,101,163,0.68,0.93,0.94,6,4.74,0.08,0.29,83.33,5.01,11,above_ONH=true | above_ONL=true | above_PDC=true | above_PDL=true | above_dayHighSoFar=true | above_dayLowSoFar=true | above_midpoint=true | below_PDH=true | dayBrokePDH=false | dayBrokePDL=true | levelTag=dailyUp1,2026.03.02 20:20:33; 2026.03.13 14:43:02; 2026.05.08 03:08:54; 2026.06.04 17:17:06; 2026.06.08 02:37:08; 2026.06.11 03:12:36
full,6,110,111,0.97,0.79,0.94,6,4.74,0.07,0.29,83.33,5.12,8,above_ONH=true | above_ONL=true | above_PDL=true | above_dayLowSoFar=true | above_midpoint=true | below_PDH=true | below_dayHighSoFar=true | openGap_info=gapDown_Day,2026.03.02 19:47:05; 2026.03.09 18:00:41; 2026.03.09 20:36:07; 2026.04.09 17:38:16; 2026.04.13 16:15:33; 2026.05.11 16:31:41
ON,6,109,77,0.93,0.7,0.94,6,4.72,0.05,0.24,83.33,5.28,9,PD_trend=PD_green | above_ONL=true | above_PDL=true | above_PDO=true | above_dayLowSoFar=true | above_midpoint=true | dayBrokePDL=false | day_of_week=THU | openGap_info=unknown,2026.04.30 14:17:24; 2026.05.07 03:40:37; 2026.05.07 09:08:00; 2026.05.14 01:05:40; 2026.05.21 01:12:01; 2026.05.21 06:27:51
full,6,109,127,0.85,0.89,0.94,6,4.72,0.05,0.24,83.33,5.28,5,PD_trend=PD_green | above_PDO=true | dayBrokePDL=false | day_of_week=THU | openGap_info=unknown,2026.04.30 14:17:24; 2026.05.07 03:40:37; 2026.05.07 09:08:00; 2026.05.14 01:05:40; 2026.05.21 01:12:01; 2026.05.21 06:27:51
full,6,110,111,0.97,0.79,0.94,11,4.71,0.12,0.47,81.82,9.95,6,above_PDL=true | below_ONH=true | below_PDH=true | below_PDO=true | below_dayHighSoFar=true | dayBrokePDH=true,2026.03.05 18:26:39; 2026.03.23 12:46:59; 2026.03.23 17:29:41; 2026.04.07 14:07:02; 2026.04.07 17:05:57; 2026.04.21 17:03:24; 2026.04.28 13:10:01; 2026.04.30 06:31:03; 2026.05.27 17:44:27; 2026.06.01 15:12:31; 2026.06.09 16:10:13
ON,6,109,77,0.93,0.7,0.94,6,4.71,0.07,0.29,83.33,5.27,10,above_ONH=true | above_ONL=true | above_PDC=true | above_PDL=true | above_dayHighSoFar=true | above_dayLowSoFar=true | above_midpoint=true | dayBrokePDL=false | day_of_week=THU | openGap_info=unknown,2026.03.19 03:35:28; 2026.04.30 14:17:24; 2026.05.07 03:40:37; 2026.05.07 09:08:00; 2026.05.14 01:05:40; 2026.05.21 06:27:51
full,6,109,127,0.85,0.89,0.94,6,4.71,0.07,0.29,83.33,5.27,6,above_ONH=true | above_PDC=true | above_dayHighSoFar=true | dayBrokePDL=false | day_of_week=THU | openGap_info=unknown,2026.03.19 03:35:28; 2026.04.30 14:17:24; 2026.05.07 03:40:37; 2026.05.07 09:08:00; 2026.05.14 01:05:40; 2026.05.21 06:27:51
full,6,110,111,0.97,0.79,0.94,7,4.7,0.09,0.41,85.71,6.32,4,PD_trend=PD_red | above_PDL=true | below_ONH=true | levelTag=dailyDown1,2026.03.06 12:55:27; 2026.03.12 09:41:11; 2026.03.19 06:44:38; 2026.03.24 14:09:14; 2026.03.31 01:08:36; 2026.05.20 02:14:05; 2026.06.25 15:43:21
ON,6,109,77,0.93,0.7,0.94,6,4.69,0.07,0.29,83.33,5.24,10,PD_trend=PD_green | above_ONH=true | above_ONL=true | above_PDL=true | above_PDO=true | above_dayHighSoFar=true | above_dayLowSoFar=true | above_midpoint=true | day_of_week=THU | openGap_info=unknown,2026.04.23 14:06:32; 2026.04.30 14:17:24; 2026.05.07 03:40:37; 2026.05.07 09:08:00; 2026.05.14 01:05:40; 2026.05.21 06:27:51
full,6,109,127,0.85,0.89,0.94,6,4.69,0.07,0.29,83.33,5.24,6,PD_trend=PD_green | above_ONH=true | above_PDO=true | above_dayHighSoFar=true | day_of_week=THU | openGap_info=unknown,2026.04.23 14:06:32; 2026.04.30 14:17:24; 2026.05.07 03:40:37; 2026.05.07 09:08:00; 2026.05.14 01:05:40; 2026.05.21 06:27:51
full,6,100,71,0.91,0.54,0.88,6,4.67,0.07,0.29,83.33,5.28,10,below_ONH=true | below_ONL=true | below_PDC=true | below_PDH=true | below_PDO=true | below_dayHighSoFar=true | below_dayLowSoFar=true | below_midpoint=true | dayBrokePDH=false | day_of_week=WED,2026.04.29 15:31:00; 2026.05.20 02:14:09; 2026.06.03 15:47:42; 2026.06.10 07:19:42; 2026.06.10 13:06:14; 2026.06.24 21:07:15
full,6,110,111,0.97,0.79,0.94,6,4.66,0.08,0.29,83.33,5.02,4,above_PDC=true | below_PDH=true | dayBrokePDH=true | dayBrokePDL=false,2026.04.21 15:31:24; 2026.04.30 01:20:48; 2026.05.01 10:43:19; 2026.05.06 02:16:46; 2026.05.11 16:31:41; 2026.06.09 16:10:13
full,6,106,44,0.46,0.42,0.82,6,4.65,0.08,0.24,83.33,5.25,10,PD_trend=PD_green | below_ONH=true | below_ONL=true | below_PDC=true | below_PDH=true | below_PDO=true | below_dayHighSoFar=true | below_dayLowSoFar=true | below_midpoint=true | levelTag=weeklyPivot,2026.04.07 17:05:57; 2026.04.28 13:39:53; 2026.05.12 09:05:03; 2026.05.13 15:47:52; 2026.06.01 15:12:38; 2026.06.03 15:47:42
full,6,100,71,0.91,0.54,0.88,6,4.58,0.07,0.29,83.33,5.16,11,above_PDL=true | below_ONH=true | below_ONL=true | below_PDC=true | below_PDH=true | below_PDO=true | below_dayHighSoFar=true | below_dayLowSoFar=true | below_midpoint=true | dayBrokePDL=false | day_of_week=WED,2026.04.29 15:31:00; 2026.05.20 02:14:09; 2026.05.27 17:44:45; 2026.06.03 15:47:42; 2026.06.10 07:19:42; 2026.06.10 13:06:14
full,6,109,127,0.85,0.89,0.94,11,4.5,0.09,0.41,81.82,9.3,7,above_ONL=true | above_PDL=true | above_PDO=true | above_dayLowSoFar=true | dayBrokePDH=false | dayBrokePDL=false | day_of_week=WED,2026.03.04 11:09:15; 2026.03.04 16:26:21; 2026.03.11 01:09:31; 2026.03.25 01:11:29; 2026.05.13 08:19:03; 2026.05.20 01:33:48; 2026.05.20 14:30:13; 2026.06.03 01:35:51; 2026.06.24 02:00:53; 2026.06.24 15:52:07; 2026.06.24 16:59:03
full,6,109,127,0.85,0.89,0.94,11,4.5,0.09,0.41,81.82,9.3,5,above_ONL=true | below_PDH=true | dayBrokePDH=false | dayBrokePDL=false | day_of_week=WED,2026.03.04 11:09:15; 2026.03.04 16:26:21; 2026.03.11 01:09:31; 2026.03.25 01:11:29; 2026.04.22 07:25:08; 2026.05.20 01:33:48; 2026.05.20 14:30:13; 2026.06.03 01:35:51; 2026.06.24 02:00:53; 2026.06.24 15:52:07; 2026.06.24 16:59:03
ON,6,109,77,0.93,0.7,0.94,6,4.47,0.08,0.29,83.33,5.07,9,PD_trend=PD_green | above_ONL=true | above_PDL=true | above_dayLowSoFar=true | below_PDC=true | below_PDH=true | dayBrokePDH=false | levelTag=dailyDown1 | openGap_info=unknown,2026.03.02 02:10:54; 2026.03.20 12:05:18; 2026.04.20 03:10:13; 2026.04.23 02:19:20; 2026.05.15 09:14:31; 2026.05.21 01:12:01
full,6,109,127,0.85,0.89,0.94,6,4.47,0.08,0.29,83.33,5.07,9,PD_trend=PD_green | above_ONL=true | above_PDL=true | above_dayLowSoFar=true | below_PDC=true | below_PDH=true | dayBrokePDH=false | levelTag=dailyDown1 | openGap_info=unknown,2026.03.02 02:10:54; 2026.03.20 12:05:18; 2026.04.20 03:10:13; 2026.04.23 02:19:20; 2026.05.15 09:14:31; 2026.05.21 01:12:01
full,6,109,127,0.85,0.89,0.94,11,4.4,0.13,0.47,81.82,9.1,6,above_PDO=true | below_ONH=true | below_PDH=true | below_dayHighSoFar=true | dayBrokePDH=false | openGap_info=unknown,2026.03.20 12:05:18; 2026.03.25 01:11:29; 2026.04.27 02:02:34; 2026.05.04 07:19:34; 2026.05.12 04:10:24; 2026.05.15 04:51:39; 2026.05.15 09:14:31; 2026.05.21 01:12:01; 2026.06.02 10:03:49; 2026.06.03 01:35:51; 2026.06.24 02:00:53
ON,6,109,77,0.93,0.7,0.94,11,4.4,0.13,0.47,81.82,9.1,9,above_ONL=true | above_PDL=true | above_PDO=true | above_dayLowSoFar=true | below_ONH=true | below_PDH=true | below_dayHighSoFar=true | dayBrokePDH=false | openGap_info=unknown,2026.03.20 12:05:18; 2026.03.25 01:11:29; 2026.04.27 02:02:34; 2026.05.04 07:19:34; 2026.05.12 04:10:24; 2026.05.15 04:51:39; 2026.05.15 09:14:31; 2026.05.21 01:12:01; 2026.06.02 10:03:49; 2026.06.03 01:35:51; 2026.06.24 02:00:53
ON,6,109,77,0.93,0.7,0.94,11,4.4,0.14,0.41,81.82,9.1,9,above_ONL=true | above_PDL=true | above_dayLowSoFar=true | below_ONH=true | below_PDH=true | below_dayHighSoFar=true | dayBrokePDH=false | dayBrokePDL=false | openGap_info=unknown,2026.03.24 01:41:08; 2026.03.25 01:11:29; 2026.04.27 02:02:34; 2026.05.04 07:19:34; 2026.05.12 04:10:24; 2026.05.15 04:51:39; 2026.05.21 01:12:01; 2026.06.02 10:03:49; 2026.06.03 01:35:51; 2026.06.23 02:44:26; 2026.06.24 02:00:53
full,6,109,127,0.85,0.89,0.94,11,4.4,0.14,0.41,81.82,9.1,9,above_ONL=true | above_PDL=true | above_dayLowSoFar=true | below_ONH=true | below_PDH=true | below_dayHighSoFar=true | dayBrokePDH=false | dayBrokePDL=false | openGap_info=unknown,2026.03.24 01:41:08; 2026.03.25 01:11:29; 2026.04.27 02:02:34; 2026.05.04 07:19:34; 2026.05.12 04:10:24; 2026.05.15 04:51:39; 2026.05.21 01:12:01; 2026.06.02 10:03:49; 2026.06.03 01:35:51; 2026.06.23 02:44:26; 2026.06.24 02:00:53
RTH-afterIB,6,103,20,1.21,0.18,0.59,6,4.37,0.05,0.24,83.33,5.36,11,PD_trend=PD_red | above_IBH=true | above_IBL=true | above_ONH=true | above_ONL=true | above_PDC=true | above_PDL=true | above_PDO=true | above_RTHL=true | above_dayLowSoFar=true | above_midpoint=true,2026.03.09 20:20:28; 2026.03.09 20:29:47; 2026.03.09 20:38:09; 2026.04.13 18:33:19; 2026.04.24 17:50:14; 2026.05.05 20:21:52
full,6,103,55,0.87,0.45,0.82,6,4.37,0.05,0.24,83.33,5.36,6,above_ONL=true | above_PDC=true | below_PDH=true | dayBrokePDH=false | dayBrokePDL=true | openGap_info=gapDown_Day,2026.03.02 20:20:33; 2026.03.09 20:20:28; 2026.03.09 20:29:47; 2026.03.09 20:38:09; 2026.04.13 18:33:19; 2026.05.28 16:13:59
RTH-afterIB,6,103,20,1.21,0.18,0.59,6,4.35,0.05,0.24,83.33,5.33,15,above_IBH=true | above_IBL=true | above_ONH=true | above_ONL=true | above_PDC=true | above_PDL=true | above_PDO=true | above_RTHH=true | above_RTHL=true | above_dayHighSoFar=true | above_dayLowSoFar=true | above_midpoint=true | below_PDH=true | dayBrokePDH=false | openGap_info=gapDown_Day,2026.03.02 20:20:33; 2026.03.09 20:20:28; 2026.03.09 20:29:47; 2026.03.09 20:38:09; 2026.04.13 18:33:19; 2026.06.02 17:08:40
full,6,107,67,0.78,0.66,0.71,6,4.35,0.08,0.35,83.33,4.99,5,PD_trend=PD_green | above_PDL=true | above_PDO=true | below_PDC=true | below_PDH=true,2026.03.02 17:10:00; 2026.03.10 01:46:06; 2026.04.03 08:56:37; 2026.04.07 03:11:46; 2026.04.15 07:26:03; 2026.04.20 15:30:01
full,6,109,127,0.85,0.89,0.94,11,4.34,0.14,0.53,81.82,9.23,6,above_ONL=true | above_PDL=true | above_dayLowSoFar=true | above_midpoint=true | below_dayHighSoFar=true | dayBrokePDL=false,2026.03.25 01:11:29; 2026.04.01 16:53:32; 2026.04.10 16:30:33; 2026.04.27 02:02:34; 2026.05.04 07:19:34; 2026.05.20 17:51:12; 2026.05.21 01:12:01; 2026.05.25 09:33:07; 2026.06.02 10:03:49; 2026.06.23 02:44:26; 2026.06.24 02:00:53
ON,6,110,75,0.87,0.63,0.94,11,4.31,0.12,0.41,81.82,9.03,9,PD_trend=PD_green | above_PDL=true | below_ONH=true | below_PDH=true | below_dayHighSoFar=true | below_midpoint=true | dayBrokePDH=true | dayBrokePDL=false | openGap_info=unknown,2026.03.05 02:55:55; 2026.03.05 15:13:30; 2026.04.07 14:07:02; 2026.04.28 07:35:32; 2026.04.28 13:10:01; 2026.04.30 06:31:03; 2026.05.01 10:43:19; 2026.05.06 02:16:46; 2026.05.21 12:30:57; 2026.06.01 15:12:31; 2026.06.12 09:04:11
full,6,110,111,0.97,0.79,0.94,11,4.31,0.12,0.41,81.82,9.03,9,PD_trend=PD_green | above_PDL=true | below_ONH=true | below_PDH=true | below_dayHighSoFar=true | below_midpoint=true | dayBrokePDH=true | dayBrokePDL=false | openGap_info=unknown,2026.03.05 02:55:55; 2026.03.05 15:13:30; 2026.04.07 14:07:02; 2026.04.28 07:35:32; 2026.04.28 13:10:01; 2026.04.30 06:31:03; 2026.05.01 10:43:19; 2026.05.06 02:16:46; 2026.05.21 12:30:57; 2026.06.01 15:12:31; 2026.06.12 09:04:11
RTH-afterIB,6,109,30,0.94,0.32,0.76,6,4.31,0.05,0.24,83.33,4.96,9,PD_trend=PD_red | above_IBH=true | above_IBL=true | above_ONH=true | above_PDC=true | above_PDL=true | above_RTHL=true | above_dayLowSoFar=true | above_midpoint=true,2026.04.09 17:32:37; 2026.04.09 18:03:17; 2026.04.24 17:45:02; 2026.05.20 17:51:12; 2026.06.04 17:16:50; 2026.06.04 21:29:19
ON,6,109,77,0.93,0.7,0.94,11,4.23,0.13,0.41,81.82,8.85,8,PD_trend=PD_green | above_ONH=true | above_ONL=true | above_PDL=true | above_dayHighSoFar=true | above_dayLowSoFar=true | above_midpoint=true | dayBrokePDH=false,2026.03.02 02:10:54; 2026.03.04 11:09:15; 2026.03.10 08:32:00; 2026.04.20 03:10:13; 2026.04.20 15:30:00; 2026.04.23 14:06:32; 2026.05.07 03:40:37; 2026.05.13 08:19:03; 2026.05.14 01:05:40; 2026.05.21 06:27:51; 2026.06.01 02:03:13
full,6,110,111,0.97,0.79,0.94,6,4.2,0.08,0.29,83.33,4.89,8,PD_trend=PD_green | above_PDC=true | above_PDL=true | above_PDO=true | below_PDH=true | below_dayHighSoFar=true | dayBrokePDL=false | levelTag=dailyUp1,2026.03.25 04:13:00; 2026.04.30 01:20:48; 2026.05.01 10:43:19; 2026.05.06 02:16:46; 2026.05.11 16:31:41; 2026.06.24 18:31:35
full,6,107,67,0.78,0.66,0.71,6,4.18,0.07,0.24,83.33,5.09,8,PD_trend=PD_green | below_ONH=true | below_ONL=true | below_PDC=true | below_PDH=true | below_dayHighSoFar=true | below_midpoint=true | dayBrokePDH=false,2026.03.02 07:44:40; 2026.03.03 16:23:55; 2026.04.02 03:03:52; 2026.04.02 13:28:58; 2026.04.07 03:11:46; 2026.05.15 10:18:44
full,6,110,111,0.97,0.79,0.94,6,4.18,0.08,0.29,83.33,4.86,5,PD_trend=PD_green | above_ONL=true | above_PDC=true | above_dayLowSoFar=true | below_PDH=true,2026.04.21 15:31:24; 2026.04.30 01:20:48; 2026.05.01 10:43:19; 2026.05.06 02:16:46; 2026.05.11 16:31:41; 2026.06.24 18:31:35
full,6,110,111,0.97,0.79,0.94,10,4.18,0.09,0.41,80.0,8.48,5,above_ONL=true | above_dayLowSoFar=true | above_midpoint=true | below_dayHighSoFar=true | day_of_week=MON,2026.03.02 19:47:05; 2026.03.09 11:14:20; 2026.03.09 18:00:41; 2026.03.09 20:36:07; 2026.03.23 12:46:59; 2026.03.23 17:29:41; 2026.04.13 16:15:33; 2026.05.11 16:31:41; 2026.06.08 03:28:15; 2026.06.22 15:43:03
full,6,109,127,0.85,0.89,0.94,11,4.14,0.08,0.35,81.82,9.07,7,above_ONL=true | above_PDC=true | above_PDL=true | above_dayLowSoFar=true | below_PDH=true | dayBrokePDL=false | day_of_week=WED,2026.03.04 11:09:15; 2026.03.04 16:26:21; 2026.03.11 01:09:31; 2026.03.25 01:11:29; 2026.03.25 16:22:06; 2026.04.22 07:25:08; 2026.05.20 01:33:48; 2026.05.20 14:30:13; 2026.06.24 02:00:53; 2026.06.24 15:52:07; 2026.06.24 16:59:03
full,6,110,111,0.97,0.79,0.94,21,4.13,0.18,0.59,80.95,16.88,6,PD_trend=PD_green | above_PDL=true | below_PDH=true | below_dayHighSoFar=true | dayBrokePDH=true | dayBrokePDL=false,2026.03.05 02:55:55; 2026.03.05 15:13:30; 2026.03.05 18:26:39; 2026.04.07 14:07:02; 2026.04.07 17:05:57; 2026.04.10 18:41:46; 2026.04.21 15:31:24; 2026.04.21 17:03:24; 2026.04.28 07:35:32; 2026.04.28 13:10:01; 2026.04.30 01:20:48; 2026.04.30 06:31:03; 2026.05.01 10:43:19; 2026.05.06 02:16:46; 2026.05.07 18:12:33; 2026.05.07 19:26:02; 2026.05.11 16:31:41; 2026.05.21 12:30:57; 2026.05.27 17:44:27; 2026.06.01 15:12:31; 2026.06.12 09:04:11
RTH-afterIB,6,111,18,1.54,0.21,0.59,10,4.13,0.13,0.41,80.0,8.29,3,above_PDL=true | below_RTHH=true | below_dayHighSoFar=true,2026.03.02 19:47:05; 2026.03.05 18:30:35; 2026.03.09 20:36:07; 2026.03.23 17:29:41; 2026.03.25 16:17:59; 2026.03.31 18:48:01; 2026.04.07 17:05:57; 2026.05.07 18:12:33; 2026.06.10 19:44:46; 2026.06.11 19:50:55
RTH-afterIB,6,114,23,0.9,0.24,0.76,10,4.12,0.12,0.53,80.0,8.14,4,above_dayLowSoFar=true | below_PDH=true | below_dayHighSoFar=true | openGap_info=gapDown_Day,2026.03.02 19:47:07; 2026.03.02 20:23:42; 2026.03.09 17:29:45; 2026.04.09 17:38:17; 2026.04.23 19:22:43; 2026.05.11 16:31:41; 2026.05.19 16:46:18; 2026.06.04 16:35:22; 2026.06.10 17:51:58; 2026.06.26 17:31:21
full,6,114,23,0.9,0.24,0.76,10,4.12,0.12,0.53,80.0,8.14,4,above_dayLowSoFar=true | below_PDH=true | below_dayHighSoFar=true | openGap_info=gapDown_Day,2026.03.02 19:47:07; 2026.03.02 20:23:42; 2026.03.09 17:29:45; 2026.04.09 17:38:17; 2026.04.23 19:22:43; 2026.05.11 16:31:41; 2026.05.19 16:46:18; 2026.06.04 16:35:22; 2026.06.10 17:51:58; 2026.06.26 17:31:21
full,6,110,111,0.97,0.79,0.94,10,4.11,0.13,0.47,80.0,8.2,11,below_ONH=true | below_ONL=true | below_PDC=true | below_PDH=true | below_PDL=true | below_PDO=true | below_dayHighSoFar=true | below_dayLowSoFar=true | below_midpoint=true | dayBrokePDH=false | levelTag=dailyDown2,2026.03.06 14:51:37; 2026.03.12 14:55:51; 2026.03.20 15:01:46; 2026.03.26 10:30:12; 2026.03.27 14:35:08; 2026.04.23 02:15:58; 2026.05.12 16:31:18; 2026.05.19 16:21:08; 2026.06.22 01:41:27; 2026.06.26 04:37:20
full,6,110,111,0.97,0.79,0.94,11,4.07,0.14,0.53,81.82,8.79,5,above_PDC=true | above_PDL=true | above_PDO=true | below_PDH=true | below_dayHighSoFar=true,2026.03.09 20:36:07; 2026.03.11 06:44:08; 2026.03.20 01:03:49; 2026.03.25 04:13:00; 2026.04.09 17:38:16; 2026.04.21 15:31:24; 2026.04.30 01:20:48; 2026.05.01 10:43:19; 2026.05.06 02:16:46; 2026.05.11 16:31:41; 2026.06.24 18:31:35
full,6,110,111,0.97,0.79,0.94,11,4.06,0.14,0.53,81.82,8.75,6,above_ONL=true | above_PDL=true | above_PDO=true | above_dayLowSoFar=true | below_PDH=true | below_dayHighSoFar=true,2026.03.02 19:47:05; 2026.03.09 20:36:07; 2026.03.11 06:44:08; 2026.04.09 17:38:16; 2026.04.21 15:31:24; 2026.04.30 01:20:48; 2026.05.01 10:43:19; 2026.05.06 02:16:46; 2026.05.11 16:31:41; 2026.05.21 12:30:57; 2026.06.24 18:31:35
full,6,110,111,0.97,0.79,0.94,10,4.02,0.13,0.41,80.0,7.96,10,PD_trend=PD_red | below_ONH=true | below_ONL=true | below_PDH=true | below_PDO=true | below_dayHighSoFar=true | below_dayLowSoFar=true | below_midpoint=true | dayBrokePDH=false | levelTag=dailyDown2,2026.03.06 14:51:37; 2026.03.12 14:55:51; 2026.03.19 13:26:59; 2026.03.26 10:30:12; 2026.03.27 14:35:08; 2026.05.19 16:21:08; 2026.06.10 13:06:14; 2026.06.22 01:41:27; 2026.06.23 03:50:07; 2026.06.26 04:37:20
full,6,109,127,0.85,0.89,0.94,10,4.01,0.08,0.35,80.0,8.01,4,above_PDO=true | below_PDH=true | dayBrokePDH=false | day_of_week=WED,2026.03.04 11:09:15; 2026.03.04 16:26:21; 2026.03.11 01:09:31; 2026.03.25 01:11:29; 2026.05.20 01:33:48; 2026.05.20 14:30:13; 2026.06.03 01:35:51; 2026.06.24 02:00:53; 2026.06.24 15:52:07; 2026.06.24 16:59:03
full,6,110,111,0.97,0.79,0.94,6,3.95,0.08,0.35,83.33,5.04,5,PD_trend=PD_red | above_PDL=true | below_midpoint=true | dayBrokePDL=false | levelTag=dailyDown1,2026.03.06 12:55:27; 2026.03.19 06:44:38; 2026.03.24 14:09:14; 2026.03.31 01:08:36; 2026.05.20 02:14:05; 2026.06.25 15:43:21
ON,6,109,77,0.93,0.7,0.94,10,3.91,0.12,0.41,80.0,7.81,10,PD_trend=PD_green | above_ONL=true | above_PDL=true | above_PDO=true | above_dayLowSoFar=true | below_ONH=true | below_PDH=true | below_dayHighSoFar=true | dayBrokePDH=false | openGap_info=unknown,2026.03.20 12:05:18; 2026.03.25 01:11:29; 2026.04.27 02:02:34; 2026.05.12 04:10:24; 2026.05.15 04:51:39; 2026.05.15 09:14:31; 2026.05.21 01:12:01; 2026.06.02 10:03:49; 2026.06.03 01:35:51; 2026.06.24 02:00:53
full,6,109,127,0.85,0.89,0.94,10,3.91,0.12,0.41,80.0,7.81,5,PD_trend=PD_green | above_PDO=true | below_ONH=true | below_dayHighSoFar=true | openGap_info=unknown,2026.03.20 12:05:18; 2026.03.25 01:11:29; 2026.04.27 02:02:34; 2026.05.12 04:10:24; 2026.05.15 04:51:39; 2026.05.15 09:14:31; 2026.05.21 01:12:01; 2026.06.02 10:03:49; 2026.06.03 01:35:51; 2026.06.24 02:00:53
ON,6,109,77,0.93,0.7,0.94,10,3.9,0.13,0.47,80.0,7.78,8,above_ONL=true | above_PDL=true | above_PDO=true | above_dayLowSoFar=true | below_ONH=true | below_dayHighSoFar=true | dayBrokePDL=false | openGap_info=unknown,2026.03.25 01:11:29; 2026.04.27 02:02:34; 2026.05.04 07:19:34; 2026.05.12 04:10:24; 2026.05.15 04:51:39; 2026.05.21 01:12:01; 2026.05.25 09:33:07; 2026.06.02 10:03:49; 2026.06.03 01:35:51; 2026.06.24 02:00:53
full,6,109,127,0.85,0.89,0.94,10,3.9,0.13,0.47,80.0,7.78,5,above_PDO=true | below_ONH=true | below_dayHighSoFar=true | dayBrokePDL=false | openGap_info=unknown,2026.03.25 01:11:29; 2026.04.27 02:02:34; 2026.05.04 07:19:34; 2026.05.12 04:10:24; 2026.05.15 04:51:39; 2026.05.21 01:12:01; 2026.05.25 09:33:07; 2026.06.02 10:03:49; 2026.06.03 01:35:51; 2026.06.24 02:00:53
full,6,110,111,0.97,0.79,0.94,20,3.9,0.17,0.53,80.0,15.64,4,PD_trend=PD_green | below_ONH=true | below_PDH=true | dayBrokePDH=true,2026.03.05 02:55:55; 2026.03.05 15:13:30; 2026.03.05 18:26:39; 2026.04.07 14:07:02; 2026.04.07 17:05:57; 2026.04.10 18:41:46; 2026.04.21 15:31:24; 2026.04.21 17:03:24; 2026.04.28 07:35:32; 2026.04.28 13:10:01; 2026.04.30 01:20:48; 2026.04.30 06:31:03; 2026.05.01 10:43:19; 2026.05.06 02:16:46; 2026.05.07 18:12:33; 2026.05.07 19:26:02; 2026.05.21 12:30:57; 2026.05.27 17:44:27; 2026.06.01 15:12:31; 2026.06.12 09:04:11
ON,6,109,77,0.93,0.7,0.94,10,3.88,0.12,0.35,80.0,7.71,8,PD_trend=PD_green | above_ONL=true | above_PDL=true | above_PDO=true | above_dayLowSoFar=true | below_PDC=true | below_PDH=true | dayBrokePDH=false,2026.03.20 12:05:18; 2026.04.20 15:30:00; 2026.04.23 14:06:32; 2026.04.27 02:02:34; 2026.05.12 04:10:24; 2026.05.15 04:51:39; 2026.05.15 09:14:31; 2026.05.21 01:12:01; 2026.06.02 10:03:49; 2026.06.03 01:35:51
full,6,109,127,0.85,0.89,0.94,10,3.87,0.13,0.53,80.0,7.93,7,above_ONL=true | above_PDL=true | above_dayLowSoFar=true | above_midpoint=true | below_ONH=true | below_dayHighSoFar=true | dayBrokePDL=false,2026.03.25 01:11:29; 2026.04.01 16:53:32; 2026.04.10 16:30:33; 2026.04.27 02:02:34; 2026.05.04 07:19:34; 2026.05.21 01:12:01; 2026.05.25 09:33:07; 2026.06.02 10:03:49; 2026.06.23 02:44:26; 2026.06.24 02:00:53
full,6,109,127,0.85,0.89,0.94,10,3.87,0.13,0.53,80.0,7.93,4,above_PDO=true | above_midpoint=true | below_dayHighSoFar=true | dayBrokePDL=false,2026.03.25 01:11:29; 2026.04.01 16:53:32; 2026.04.10 16:30:33; 2026.04.27 02:02:34; 2026.05.04 07:19:34; 2026.05.20 17:51:12; 2026.05.21 01:12:01; 2026.05.25 09:33:07; 2026.06.02 10:03:49; 2026.06.24 02:00:53
full,6,109,127,0.85,0.89,0.94,10,3.86,0.13,0.47,80.0,7.97,6,above_ONL=true | above_PDC=true | above_PDL=true | above_dayLowSoFar=true | above_midpoint=true | below_dayHighSoFar=true,2026.03.13 01:13:34; 2026.03.25 01:11:29; 2026.03.30 14:32:25; 2026.04.01 16:53:32; 2026.04.10 16:30:33; 2026.05.04 07:19:34; 2026.05.20 17:51:12; 2026.05.25 09:33:07; 2026.06.23 02:44:26; 2026.06.24 02:00:53
full,6,101,163,0.68,0.93,0.94,15,3.85,0.13,0.59,80.0,11.71,4,above_ONL=true | above_PDC=true | above_midpoint=true | day_of_week=THU,2026.03.19 03:35:33; 2026.04.02 16:37:14; 2026.04.09 17:32:37; 2026.04.30 04:32:51; 2026.04.30 14:17:44; 2026.05.07 03:45:49; 2026.05.07 09:08:42; 2026.05.14 01:05:47; 2026.05.21 06:52:42; 2026.05.28 16:13:59; 2026.06.04 17:17:06; 2026.06.04 21:29:32; 2026.06.11 03:12:36; 2026.06.11 10:02:49; 2026.06.11 19:31:08
full,6,110,111,0.97,0.79,0.94,10,3.84,0.11,0.41,80.0,7.67,5,above_ONL=true | above_dayLowSoFar=true | below_ONH=true | below_PDH=true | dayBrokePDL=false,2026.03.11 06:44:08; 2026.03.19 06:44:38; 2026.04.21 15:31:24; 2026.04.30 01:20:48; 2026.04.30 06:31:03; 2026.05.01 10:43:19; 2026.05.06 02:16:46; 2026.05.21 12:30:57; 2026.06.09 02:09:00; 2026.06.09 16:10:13
RTH-afterIB,6,101,28,0.65,0.33,0.88,10,3.83,0.11,0.41,80.0,7.91,12,above_IBH=true | above_IBL=true | above_ONH=true | above_ONL=true | above_PDL=true | above_RTHH=true | above_RTHL=true | above_dayHighSoFar=true | above_dayLowSoFar=true | above_midpoint=true | below_PDH=true | dayBrokePDH=false,2026.03.02 17:10:00; 2026.03.02 20:20:33; 2026.04.02 16:37:14; 2026.04.09 17:32:37; 2026.04.13 18:33:19; 2026.06.02 17:08:40; 2026.06.04 17:17:06; 2026.06.04 21:29:32; 2026.06.11 19:31:08; 2026.06.24 16:59:04
full,6,110,111,0.97,0.79,0.94,24,3.78,0.21,0.65,79.17,18.81,4,above_PDL=true | below_PDH=true | below_dayHighSoFar=true | dayBrokePDH=true,2026.03.05 02:55:55; 2026.03.05 15:13:30; 2026.03.05 18:26:39; 2026.03.23 12:46:59; 2026.03.23 17:29:41; 2026.04.07 14:07:02; 2026.04.07 17:05:57; 2026.04.10 18:41:46; 2026.04.21 15:31:24; 2026.04.21 17:03:24; 2026.04.28 07:35:32; 2026.04.28 13:10:01; 2026.04.30 01:20:48; 2026.04.30 06:31:03; 2026.05.01 10:43:19; 2026.05.06 02:16:46; 2026.05.07 18:12:33; 2026.05.07 19:26:02; 2026.05.11 16:31:41; 2026.05.21 12:30:57; 2026.05.27 17:44:27; 2026.06.01 15:12:31; 2026.06.09 16:10:13; 2026.06.12 09:04:11
ON,6,109,77,0.93,0.7,0.94,10,3.76,0.13,0.41,80.0,7.56,5,PD_trend=PD_green | above_ONH=true | above_dayHighSoFar=true | dayBrokePDH=false | openGap_info=unknown,2026.03.02 02:10:54; 2026.03.04 11:09:15; 2026.03.10 08:32:00; 2026.04.20 03:10:13; 2026.04.23 14:06:32; 2026.05.07 03:40:37; 2026.05.13 08:19:03; 2026.05.14 01:05:40; 2026.05.21 06:27:51; 2026.06.01 02:03:13
full,6,109,127,0.85,0.89,0.94,10,3.76,0.13,0.41,80.0,7.56,5,PD_trend=PD_green | above_ONH=true | above_dayHighSoFar=true | dayBrokePDH=false | openGap_info=unknown,2026.03.02 02:10:54; 2026.03.04 11:09:15; 2026.03.10 08:32:00; 2026.04.20 03:10:13; 2026.04.23 14:06:32; 2026.05.07 03:40:37; 2026.05.13 08:19:03; 2026.05.14 01:05:40; 2026.05.21 06:27:51; 2026.06.01 02:03:13
full,6,103,55,0.87,0.45,0.82,10,3.74,0.09,0.41,80.0,7.94,10,above_ONH=true | above_ONL=true | above_PDL=true | above_PDO=true | above_dayHighSoFar=true | above_dayLowSoFar=true | above_midpoint=true | below_PDH=true | dayBrokePDH=false | openGap_info=gapDown_Day,2026.03.02 17:10:00; 2026.03.02 20:20:33; 2026.03.09 20:20:28; 2026.03.09 20:29:47; 2026.03.09 20:38:09; 2026.04.13 18:33:19; 2026.04.20 15:30:01; 2026.05.11 15:43:32; 2026.05.28 16:13:59; 2026.06.02 17:08:40
full,6,110,111,0.97,0.79,0.94,9,3.71,0.08,0.35,77.78,7.24,6,above_ONL=true | above_dayLowSoFar=true | above_midpoint=true | below_dayHighSoFar=true | dayBrokePDL=true | day_of_week=MON,2026.03.02 19:47:05; 2026.03.09 11:14:20; 2026.03.09 18:00:41; 2026.03.09 20:36:07; 2026.03.23 12:46:59; 2026.03.23 17:29:41; 2026.04.13 16:15:33; 2026.06.08 03:28:15; 2026.06.22 15:43:03
ON,6,101,116,0.73,0.83,0.94,10,3.69,0.09,0.41,80.0,7.65,8,above_ONH=true | above_ONL=true | above_PDL=true | above_dayHighSoFar=true | above_dayLowSoFar=true | above_midpoint=true | day_of_week=THU | openGap_info=unknown,2026.03.19 03:35:33; 2026.04.23 14:06:32; 2026.04.30 14:17:44; 2026.05.07 03:45:49; 2026.05.07 09:08:42; 2026.05.14 01:05:47; 2026.05.21 06:52:42; 2026.06.11 02:17:18; 2026.06.11 03:12:36; 2026.06.11 10:02:49
full,6,101,163,0.68,0.93,0.94,10,3.69,0.09,0.41,80.0,7.65,8,above_ONH=true | above_ONL=true | above_PDL=true | above_dayHighSoFar=true | above_dayLowSoFar=true | above_midpoint=true | day_of_week=THU | openGap_info=unknown,2026.03.19 03:35:33; 2026.04.23 14:06:32; 2026.04.30 14:17:44; 2026.05.07 03:45:49; 2026.05.07 09:08:42; 2026.05.14 01:05:47; 2026.05.21 06:52:42; 2026.06.11 02:17:18; 2026.06.11 03:12:36; 2026.06.11 10:02:49
full,6,109,127,0.85,0.89,0.94,10,3.69,0.07,0.29,80.0,7.78,4,above_PDC=true | above_PDO=true | below_PDH=true | day_of_week=WED,2026.03.04 11:09:15; 2026.03.04 16:26:21; 2026.03.11 01:09:31; 2026.03.25 01:11:29; 2026.03.25 16:22:06; 2026.05.20 01:33:48; 2026.05.20 14:30:13; 2026.06.24 02:00:53; 2026.06.24 15:52:07; 2026.06.24 16:59:03
full,6,110,111,0.97,0.79,0.94,9,3.68,0.09,0.41,77.78,7.15,6,above_ONL=true | above_PDL=true | above_dayLowSoFar=true | above_midpoint=true | below_dayHighSoFar=true | day_of_week=MON,2026.03.02 19:47:05; 2026.03.09 18:00:41; 2026.03.09 20:36:07; 2026.03.23 12:46:59; 2026.03.23 17:29:41; 2026.04.13 16:15:33; 2026.05.11 16:31:41; 2026.06.08 03:28:15; 2026.06.22 15:43:03
full,6,110,111,0.97,0.79,0.94,9,3.68,0.08,0.35,77.78,7.15,6,above_ONL=true | above_dayLowSoFar=true | above_midpoint=true | below_PDH=true | below_dayHighSoFar=true | day_of_week=MON,2026.03.02 19:47:05; 2026.03.09 11:14:20; 2026.03.09 18:00:41; 2026.03.09 20:36:07; 2026.03.23 12:46:59; 2026.03.23 17:29:41; 2026.04.13 16:15:33; 2026.05.11 16:31:41; 2026.06.08 03:28:15
full,6,110,111,0.97,0.79,0.94,19,3.66,0.17,0.53,78.95,14.33,8,PD_trend=PD_green | above_PDL=true | below_ONH=true | below_PDH=true | below_dayHighSoFar=true | below_midpoint=true | dayBrokePDH=true | dayBrokePDL=false,2026.03.05 02:55:55; 2026.03.05 15:13:30; 2026.03.05 18:26:39; 2026.04.07 14:07:02; 2026.04.07 17:05:57; 2026.04.10 18:41:46; 2026.04.21 15:31:24; 2026.04.21 17:03:24; 2026.04.28 07:35:32; 2026.04.28 13:10:01; 2026.04.30 06:31:03; 2026.05.01 10:43:19; 2026.05.06 02:16:46; 2026.05.07 18:12:33; 2026.05.07 19:26:02; 2026.05.21 12:30:57; 2026.05.27 17:44:27; 2026.06.01 15:12:31; 2026.06.12 09:04:11
RTH-afterIB,6,103,20,1.21,0.18,0.59,10,3.65,0.08,0.35,80.0,7.85,8,above_IBH=true | above_IBL=true | above_ONH=true | above_ONL=true | above_PDL=true | above_RTHL=true | above_dayLowSoFar=true | above_midpoint=true,2026.03.02 17:10:00; 2026.03.02 20:20:33; 2026.03.09 17:26:08; 2026.03.09 20:20:28; 2026.03.09 20:29:47; 2026.03.09 20:38:09; 2026.04.13 18:33:19; 2026.04.24 17:50:14; 2026.05.05 20:21:52; 2026.06.02 17:08:40
full,6,109,127,0.85,0.89,0.94,19,3.64,0.17,0.59,78.95,14.25,4,PD_trend=PD_green | above_midpoint=true | dayBrokePDH=false | dayBrokePDL=false,2026.03.04 11:09:15; 2026.03.04 16:26:21; 2026.03.10 08:32:00; 2026.03.25 01:11:29; 2026.04.20 03:10:13; 2026.04.20 15:30:00; 2026.04.27 02:02:34; 2026.05.07 03:40:37; 2026.05.11 15:43:29; 2026.05.13 08:19:03; 2026.05.14 01:05:40; 2026.05.21 01:12:01; 2026.05.21 06:27:51; 2026.06.01 02:03:13; 2026.06.02 10:03:49; 2026.06.02 17:07:41; 2026.06.24 02:00:53; 2026.06.24 15:52:07; 2026.06.24 16:59:03
full,6,114,23,0.9,0.24,0.76,9,3.63,0.11,0.47,77.78,6.87,5,above_ONL=true | above_dayLowSoFar=true | below_PDH=true | below_dayHighSoFar=true | openGap_info=gapDown_Day,2026.03.02 19:47:07; 2026.03.02 20:23:42; 2026.03.09 17:29:45; 2026.04.09 17:38:17; 2026.04.23 19:22:43; 2026.05.11 16:31:41; 2026.06.04 16:35:22; 2026.06.10 17:51:58; 2026.06.26 17:31:21
RTH-afterIB,6,114,23,0.9,0.24,0.76,9,3.63,0.11,0.47,77.78,6.87,5,above_ONL=true | above_dayLowSoFar=true | below_PDH=true | below_dayHighSoFar=true | openGap_info=gapDown_Day,2026.03.02 19:47:07; 2026.03.02 20:23:42; 2026.03.09 17:29:45; 2026.04.09 17:38:17; 2026.04.23 19:22:43; 2026.05.11 16:31:41; 2026.06.04 16:35:22; 2026.06.10 17:51:58; 2026.06.26 17:31:21
full,6,110,111,0.97,0.79,0.94,10,3.61,0.13,0.53,80.0,7.47,4,above_PDC=true | above_PDO=true | below_PDH=true | dayBrokePDL=false,2026.03.11 06:44:08; 2026.03.20 01:03:49; 2026.03.25 04:13:00; 2026.04.09 17:38:16; 2026.04.21 15:31:24; 2026.04.30 01:20:48; 2026.05.01 10:43:19; 2026.05.06 02:16:46; 2026.05.11 16:31:41; 2026.06.24 18:31:35
RTH-afterIB,6,114,23,0.9,0.24,0.76,9,3.61,0.11,0.47,77.78,6.8,5,above_dayLowSoFar=true | below_PDH=true | below_RTHH=true | below_dayHighSoFar=true | openGap_info=gapDown_Day,2026.03.02 19:47:07; 2026.03.02 20:23:42; 2026.03.09 17:29:45; 2026.04.09 17:38:17; 2026.04.23 19:22:43; 2026.05.11 16:31:41; 2026.05.19 16:46:18; 2026.06.04 16:35:22; 2026.06.10 17:51:58
ON,6,109,77,0.93,0.7,0.94,19,3.6,0.22,0.65,78.95,14.09,6,PD_trend=PD_green | above_ONL=true | above_PDL=true | above_PDO=true | above_dayLowSoFar=true | dayBrokePDH=false,2026.03.04 11:09:15; 2026.03.10 08:32:00; 2026.03.20 12:05:18; 2026.03.25 01:11:29; 2026.04.20 15:30:00; 2026.04.23 14:06:32; 2026.04.27 02:02:34; 2026.05.07 03:40:37; 2026.05.12 04:10:24; 2026.05.13 08:19:03; 2026.05.14 01:05:40; 2026.05.15 04:51:39; 2026.05.15 09:14:31; 2026.05.21 01:12:01; 2026.05.21 06:27:51; 2026.06.01 02:03:13; 2026.06.02 10:03:49; 2026.06.03 01:35:51; 2026.06.24 02:00:53
full,6,110,111,0.97,0.79,0.94,23,3.6,0.2,0.59,78.26,17.57,5,above_PDL=true | below_ONH=true | below_PDH=true | below_dayHighSoFar=true | dayBrokePDH=true,2026.03.05 02:55:55; 2026.03.05 15:13:30; 2026.03.05 18:26:39; 2026.03.23 12:46:59; 2026.03.23 17:29:41; 2026.04.07 14:07:02; 2026.04.07 17:05:57; 2026.04.10 18:41:46; 2026.04.21 15:31:24; 2026.04.21 17:03:24; 2026.04.28 07:35:32; 2026.04.28 13:10:01; 2026.04.30 01:20:48; 2026.04.30 06:31:03; 2026.05.01 10:43:19; 2026.05.06 02:16:46; 2026.05.07 18:12:33; 2026.05.07 19:26:02; 2026.05.21 12:30:57; 2026.05.27 17:44:27; 2026.06.01 15:12:31; 2026.06.09 16:10:13; 2026.06.12 09:04:11
RTH-afterIB,6,111,18,1.54,0.21,0.59,9,3.58,0.12,0.35,77.78,6.85,4,above_PDL=true | below_PDH=true | below_RTHH=true | below_dayHighSoFar=true,2026.03.02 19:47:05; 2026.03.05 18:30:35; 2026.03.09 20:36:07; 2026.03.23 17:29:41; 2026.03.25 16:17:59; 2026.04.07 17:05:57; 2026.05.07 18:12:33; 2026.06.10 19:44:46; 2026.06.11 19:50:55
full,6,109,127,0.85,0.89,0.94,14,3.58,0.14,0.47,78.57,10.46,4,PD_trend=PD_green | above_PDC=true | dayBrokePDH=false | dayBrokePDL=false,2026.03.04 11:09:15; 2026.03.04 16:26:21; 2026.03.10 08:32:00; 2026.03.25 01:11:29; 2026.05.07 03:40:37; 2026.05.11 15:43:29; 2026.05.13 08:19:03; 2026.05.14 01:05:40; 2026.05.21 06:27:51; 2026.06.01 02:03:13; 2026.06.02 17:07:41; 2026.06.24 02:00:53; 2026.06.24 15:52:07; 2026.06.24 16:59:03
full,6,101,163,0.68,0.93,0.94,14,3.57,0.16,0.35,78.57,10.25,6,PD_trend=PD_green | above_PDL=true | above_PDO=true | below_PDC=true | below_PDH=true | dayBrokePDH=false,2026.03.02 17:10:00; 2026.03.03 03:22:56; 2026.03.03 08:09:09; 2026.03.04 01:05:31; 2026.03.04 04:31:00; 2026.03.20 10:50:10; 2026.04.07 03:11:46; 2026.04.20 15:30:01; 2026.04.23 14:06:32; 2026.05.12 03:17:07; 2026.05.13 01:22:31; 2026.05.15 03:25:32; 2026.06.02 02:26:15; 2026.06.05 02:01:24
full,6,109,127,0.85,0.89,0.94,14,3.55,0.14,0.47,78.57,10.31,5,PD_trend=PD_green | above_ONH=true | above_dayHighSoFar=true | dayBrokePDH=false | dayBrokePDL=false,2026.03.04 11:09:15; 2026.03.04 16:26:21; 2026.03.10 08:32:00; 2026.04.20 03:10:13; 2026.04.20 15:30:00; 2026.05.07 03:40:37; 2026.05.11 15:43:29; 2026.05.13 08:19:03; 2026.05.14 01:05:40; 2026.05.21 06:27:51; 2026.06.01 02:03:13; 2026.06.02 17:07:41; 2026.06.24 15:52:07; 2026.06.24 16:59:03
full,6,101,163,0.68,0.93,0.94,14,3.53,0.13,0.59,78.57,10.4,5,above_ONH=true | above_ONL=true | above_PDC=true | above_dayHighSoFar=true | day_of_week=THU,2026.03.19 03:35:33; 2026.04.02 16:37:14; 2026.04.09 17:32:37; 2026.04.30 14:17:44; 2026.05.07 03:45:49; 2026.05.07 09:08:42; 2026.05.14 01:05:47; 2026.05.21 06:52:42; 2026.05.28 16:13:59; 2026.06.04 17:17:06; 2026.06.04 21:29:32; 2026.06.11 03:12:36; 2026.06.11 10:02:49; 2026.06.11 19:31:08
full,6,109,127,0.85,0.89,0.94,19,3.5,0.18,0.53,78.95,13.93,8,PD_trend=PD_green | above_ONH=true | above_ONL=true | above_PDL=true | above_dayHighSoFar=true | above_dayLowSoFar=true | above_midpoint=true | dayBrokePDH=false,2026.03.02 02:10:54; 2026.03.02 17:09:52; 2026.03.02 20:20:33; 2026.03.04 11:09:15; 2026.03.04 16:26:21; 2026.03.10 08:32:00; 2026.04.02 16:37:13; 2026.04.20 03:10:13; 2026.04.20 15:30:00; 2026.04.23 14:06:32; 2026.05.07 03:40:37; 2026.05.11 15:43:29; 2026.05.13 08:19:03; 2026.05.14 01:05:40; 2026.05.21 06:27:51; 2026.06.01 02:03:13; 2026.06.02 17:07:41; 2026.06.24 15:52:07; 2026.06.24 16:59:03
ON,6,109,77,0.93,0.7,0.94,14,3.5,0.17,0.59,78.57,10.22,4,PD_trend=PD_green | above_PDO=true | above_midpoint=true | dayBrokePDH=false,2026.03.04 11:09:15; 2026.03.10 08:32:00; 2026.03.25 01:11:29; 2026.04.20 15:30:00; 2026.04.23 14:06:32; 2026.04.27 02:02:34; 2026.05.07 03:40:37; 2026.05.13 08:19:03; 2026.05.14 01:05:40; 2026.05.21 01:12:01; 2026.05.21 06:27:51; 2026.06.01 02:03:13; 2026.06.02 10:03:49; 2026.06.24 02:00:53
ON,6,109,77,0.93,0.7,0.94,14,3.49,0.16,0.59,78.57,10.17,4,PD_trend=PD_green | above_midpoint=true | dayBrokePDH=false | dayBrokePDL=false,2026.03.04 11:09:15; 2026.03.10 08:32:00; 2026.03.25 01:11:29; 2026.04.20 03:10:13; 2026.04.20 15:30:00; 2026.04.27 02:02:34; 2026.05.07 03:40:37; 2026.05.13 08:19:03; 2026.05.14 01:05:40; 2026.05.21 01:12:01; 2026.05.21 06:27:51; 2026.06.01 02:03:13; 2026.06.02 10:03:49; 2026.06.24 02:00:53
full,6,110,111,0.97,0.79,0.94,9,3.48,0.11,0.41,77.78,6.65,7,above_PDL=true | below_ONH=true | below_PDH=true | below_PDO=true | below_dayHighSoFar=true | dayBrokePDH=true | dayBrokePDL=false,2026.03.05 18:26:39; 2026.04.07 14:07:02; 2026.04.07 17:05:57; 2026.04.21 17:03:24; 2026.04.28 13:10:01; 2026.04.30 06:31:03; 2026.05.27 17:44:27; 2026.06.01 15:12:31; 2026.06.09 16:10:13
full,6,100,71,0.91,0.54,0.88,9,3.48,0.12,0.41,77.78,6.61,11,below_ONH=true | below_ONL=true | below_PDC=true | below_PDH=true | below_PDL=true | below_PDO=true | below_dayHighSoFar=true | below_dayLowSoFar=true | below_midpoint=true | dayBrokePDL=true | levelTag=dailyDown2,2026.03.06 14:51:38; 2026.03.12 14:55:52; 2026.03.20 15:11:48; 2026.03.26 10:30:13; 2026.03.27 14:35:22; 2026.05.19 16:21:14; 2026.06.09 17:31:35; 2026.06.22 01:48:50; 2026.06.26 04:38:03
full,6,110,111,0.97,0.79,0.94,9,3.47,0.07,0.29,77.78,6.58,6,PD_trend=PD_green | above_PDL=true | below_dayHighSoFar=true | dayBrokePDH=true | dayBrokePDL=false | day_of_week=THU,2026.03.05 02:55:55; 2026.03.05 15:13:30; 2026.03.05 18:26:39; 2026.04.30 01:20:48; 2026.04.30 06:31:03; 2026.05.07 18:12:33; 2026.05.07 19:26:02; 2026.05.14 19:16:44; 2026.05.21 12:30:57
full,6,100,71,0.91,0.54,0.88,9,3.47,0.08,0.35,77.78,6.56,4,below_PDO=true | dayBrokePDH=false | dayBrokePDL=false | day_of_week=TUE,2026.03.24 01:17:22; 2026.03.24 14:09:17; 2026.03.31 01:08:37; 2026.05.12 09:05:03; 2026.05.12 16:31:21; 2026.05.19 03:21:45; 2026.05.19 11:32:00; 2026.05.26 02:08:12; 2026.06.23 03:50:15
full,6,101,163,0.68,0.93,0.94,9,3.46,0.09,0.41,77.78,6.63,5,above_ONL=true | above_PDC=true | above_dayLowSoFar=true | below_PDH=true | day_of_week=WED,2026.03.11 01:09:31; 2026.03.25 01:11:31; 2026.04.22 07:25:15; 2026.04.29 03:05:17; 2026.05.20 01:33:52; 2026.05.20 14:34:12; 2026.05.27 01:30:37; 2026.06.24 15:52:10; 2026.06.24 16:59:04
full,6,109,127,0.85,0.89,0.94,9,3.45,0.12,0.29,77.78,6.44,11,PD_trend=PD_green | above_ONH=true | above_ONL=true | above_PDC=true | above_PDL=true | above_PDO=true | above_dayHighSoFar=true | above_dayLowSoFar=true | above_midpoint=true | dayBrokePDH=false | levelTag=dailyUp1,2026.03.02 20:20:33; 2026.03.04 11:09:15; 2026.03.10 08:32:00; 2026.05.11 15:43:29; 2026.05.13 08:19:03; 2026.05.14 01:05:40; 2026.06.01 02:03:13; 2026.06.02 17:07:41; 2026.06.24 15:52:07
full,6,103,55,0.87,0.45,0.82,9,3.45,0.08,0.29,77.78,6.36,8,PD_trend=PD_green | above_ONH=true | above_ONL=true | above_PDL=true | above_dayHighSoFar=true | above_dayLowSoFar=true | above_midpoint=true | dayBrokePDH=false,2026.03.02 02:10:55; 2026.03.02 17:10:00; 2026.03.02 20:20:33; 2026.03.10 08:32:01; 2026.04.20 03:10:13; 2026.04.20 15:30:01; 2026.05.11 15:43:32; 2026.06.01 02:05:08; 2026.06.02 17:08:40
ON,6,109,77,0.93,0.7,0.94,9,3.44,0.11,0.47,77.78,6.5,7,above_ONL=true | above_PDL=true | above_dayLowSoFar=true | dayBrokePDH=false | dayBrokePDL=false | day_of_week=WED | openGap_info=unknown,2026.03.04 11:09:15; 2026.03.11 01:09:31; 2026.03.25 01:11:29; 2026.04.22 07:25:08; 2026.05.13 08:19:03; 2026.05.20 01:33:48; 2026.05.20 14:30:13; 2026.06.03 01:35:51; 2026.06.24 02:00:53
full,6,109,127,0.85,0.89,0.94,9,3.44,0.11,0.47,77.78,6.5,7,above_ONL=true | above_PDL=true | above_dayLowSoFar=true | dayBrokePDH=false | dayBrokePDL=false | day_of_week=WED | openGap_info=unknown,2026.03.04 11:09:15; 2026.03.11 01:09:31; 2026.03.25 01:11:29; 2026.04.22 07:25:08; 2026.05.13 08:19:03; 2026.05.20 01:33:48; 2026.05.20 14:30:13; 2026.06.03 01:35:51; 2026.06.24 02:00:53
full,6,102,24,0.83,0.24,0.53,9,3.44,0.12,0.35,77.78,6.52,8,below_ONH=true | below_ONL=true | below_PDH=true | below_PDO=true | below_dayHighSoFar=true | below_dayLowSoFar=true | below_midpoint=true | levelTag=dailyDown2,2026.03.19 13:27:01; 2026.03.20 15:11:48; 2026.03.27 14:35:22; 2026.05.12 16:31:21; 2026.05.15 08:00:17; 2026.05.19 16:21:14; 2026.06.09 17:31:35; 2026.06.22 01:48:50; 2026.06.26 04:38:03
ON,6,109,77,0.93,0.7,0.94,9,3.42,0.12,0.41,77.78,6.48,6,above_PDO=true | below_ONH=true | below_PDH=true | below_dayHighSoFar=true | dayBrokePDH=false | dayBrokePDL=false,2026.03.25 01:11:29; 2026.04.27 02:02:34; 2026.05.04 07:19:34; 2026.05.12 04:10:24; 2026.05.15 04:51:39; 2026.05.21 01:12:01; 2026.06.02 10:03:49; 2026.06.03 01:35:51; 2026.06.24 02:00:53
full,6,109,127,0.85,0.89,0.94,9,3.42,0.12,0.41,77.78,6.48,5,above_PDO=true | below_ONH=true | below_dayHighSoFar=true | dayBrokePDH=false | dayBrokePDL=false,2026.03.25 01:11:29; 2026.04.27 02:02:34; 2026.05.04 07:19:34; 2026.05.12 04:10:24; 2026.05.15 04:51:39; 2026.05.21 01:12:01; 2026.06.02 10:03:49; 2026.06.03 01:35:51; 2026.06.24 02:00:53
full,6,109,127,0.85,0.89,0.94,9,3.4,0.12,0.53,77.78,6.63,4,above_PDO=true | above_midpoint=true | below_ONH=true | dayBrokePDL=false,2026.03.25 01:11:29; 2026.04.01 16:53:32; 2026.04.10 16:30:33; 2026.04.27 02:02:34; 2026.05.04 07:19:34; 2026.05.21 01:12:01; 2026.05.25 09:33:07; 2026.06.02 10:03:49; 2026.06.24 02:00:53
full,6,109,127,0.85,0.89,0.94,9,3.4,0.11,0.35,77.78,6.42,9,PD_trend=PD_green | above_ONL=true | above_PDL=true | above_PDO=true | above_dayLowSoFar=true | below_PDC=true | below_PDH=true | dayBrokePDH=false | openGap_info=unknown,2026.03.20 12:05:18; 2026.04.23 14:06:32; 2026.04.27 02:02:34; 2026.05.12 04:10:24; 2026.05.15 04:51:39; 2026.05.15 09:14:31; 2026.05.21 01:12:01; 2026.06.02 10:03:49; 2026.06.03 01:35:51
ON,6,109,77,0.93,0.7,0.94,9,3.4,0.11,0.35,77.78,6.42,9,PD_trend=PD_green | above_ONL=true | above_PDL=true | above_PDO=true | above_dayLowSoFar=true | below_PDC=true | below_PDH=true | dayBrokePDH=false | openGap_info=unknown,2026.03.20 12:05:18; 2026.04.23 14:06:32; 2026.04.27 02:02:34; 2026.05.12 04:10:24; 2026.05.15 04:51:39; 2026.05.15 09:14:31; 2026.05.21 01:12:01; 2026.06.02 10:03:49; 2026.06.03 01:35:51
full,6,109,127,0.85,0.89,0.94,9,3.39,0.12,0.41,77.78,6.67,7,above_ONL=true | above_PDC=true | above_PDL=true | above_dayLowSoFar=true | above_midpoint=true | below_ONH=true | below_dayHighSoFar=true,2026.03.13 01:13:34; 2026.03.25 01:11:29; 2026.03.30 14:32:25; 2026.04.01 16:53:32; 2026.04.10 16:30:33; 2026.05.04 07:19:34; 2026.05.25 09:33:07; 2026.06.23 02:44:26; 2026.06.24 02:00:53
full,6,110,111,0.97,0.79,0.94,13,3.38,0.17,0.59,76.92,9.46,10,below_ONH=true | below_ONL=true | below_PDC=true | below_PDH=true | below_PDO=true | below_dayHighSoFar=true | below_dayLowSoFar=true | below_midpoint=true | dayBrokePDH=false | levelTag=dailyDown2,2026.03.06 14:51:37; 2026.03.12 14:55:51; 2026.03.20 15:01:46; 2026.03.26 10:30:12; 2026.03.27 14:35:08; 2026.04.02 03:30:23; 2026.04.23 02:15:58; 2026.05.12 16:31:18; 2026.05.19 16:21:08; 2026.06.10 13:06:14; 2026.06.22 01:41:27; 2026.06.23 03:50:07; 2026.06.26 04:37:20
ON,6,110,75,0.87,0.63,0.94,9,3.37,0.09,0.35,77.78,6.48,10,PD_trend=PD_green | above_PDL=true | below_ONH=true | below_PDC=true | below_PDH=true | below_dayHighSoFar=true | below_midpoint=true | dayBrokePDH=true | dayBrokePDL=false | openGap_info=unknown,2026.03.05 02:55:55; 2026.03.05 15:13:30; 2026.04.07 14:07:02; 2026.04.28 07:35:32; 2026.04.28 13:10:01; 2026.04.30 06:31:03; 2026.05.21 12:30:57; 2026.06.01 15:12:31; 2026.06.12 09:04:11
full,6,110,111,0.97,0.79,0.94,9,3.37,0.09,0.35,77.78,6.48,10,PD_trend=PD_green | above_PDL=true | below_ONH=true | below_PDC=true | below_PDH=true | below_dayHighSoFar=true | below_midpoint=true | dayBrokePDH=true | dayBrokePDL=false | openGap_info=unknown,2026.03.05 02:55:55; 2026.03.05 15:13:30; 2026.04.07 14:07:02; 2026.04.28 07:35:32; 2026.04.28 13:10:01; 2026.04.30 06:31:03; 2026.05.21 12:30:57; 2026.06.01 15:12:31; 2026.06.12 09:04:11
ON,6,109,77,0.93,0.7,0.94,9,3.37,0.11,0.35,77.78,6.36,7,above_ONL=true | above_PDL=true | above_dayLowSoFar=true | below_PDC=true | below_PDH=true | dayBrokePDH=false | dayBrokePDL=false,2026.03.24 01:41:08; 2026.04.20 03:10:13; 2026.04.20 15:30:00; 2026.04.27 02:02:34; 2026.05.12 04:10:24; 2026.05.15 04:51:39; 2026.05.21 01:12:01; 2026.06.02 10:03:49; 2026.06.03 01:35:51
full,6,109,127,0.85,0.89,0.94,9,3.37,0.11,0.35,77.78,6.36,7,above_ONL=true | above_PDL=true | above_dayLowSoFar=true | below_PDC=true | below_PDH=true | dayBrokePDH=false | dayBrokePDL=false,2026.03.24 01:41:08; 2026.04.20 03:10:13; 2026.04.20 15:30:00; 2026.04.27 02:02:34; 2026.05.12 04:10:24; 2026.05.15 04:51:39; 2026.05.21 01:12:01; 2026.06.02 10:03:49; 2026.06.03 01:35:51
ON,6,109,77,0.93,0.7,0.94,18,3.36,0.21,0.65,77.78,12.8,4,PD_trend=PD_green | above_PDO=true | dayBrokePDH=false | openGap_info=unknown,2026.03.04 11:09:15; 2026.03.10 08:32:00; 2026.03.20 12:05:18; 2026.03.25 01:11:29; 2026.04.23 14:06:32; 2026.04.27 02:02:34; 2026.05.07 03:40:37; 2026.05.12 04:10:24; 2026.05.13 08:19:03; 2026.05.14 01:05:40; 2026.05.15 04:51:39; 2026.05.15 09:14:31; 2026.05.21 01:12:01; 2026.05.21 06:27:51; 2026.06.01 02:03:13; 2026.06.02 10:03:49; 2026.06.03 01:35:51; 2026.06.24 02:00:53
full,6,109,127,0.85,0.89,0.94,18,3.36,0.21,0.65,77.78,12.8,4,PD_trend=PD_green | above_PDO=true | dayBrokePDH=false | openGap_info=unknown,2026.03.04 11:09:15; 2026.03.10 08:32:00; 2026.03.20 12:05:18; 2026.03.25 01:11:29; 2026.04.23 14:06:32; 2026.04.27 02:02:34; 2026.05.07 03:40:37; 2026.05.12 04:10:24; 2026.05.13 08:19:03; 2026.05.14 01:05:40; 2026.05.15 04:51:39; 2026.05.15 09:14:31; 2026.05.21 01:12:01; 2026.05.21 06:27:51; 2026.06.01 02:03:13; 2026.06.02 10:03:49; 2026.06.03 01:35:51; 2026.06.24 02:00:53
RTH-afterIB,6,101,28,0.65,0.33,0.88,9,3.36,0.11,0.41,77.78,6.61,13,above_IBH=true | above_IBL=true | above_ONH=true | above_ONL=true | above_PDC=true | above_PDL=true | above_RTHH=true | above_RTHL=true | above_dayHighSoFar=true | above_dayLowSoFar=true | above_midpoint=true | below_PDH=true | dayBrokePDH=false,2026.03.02 20:20:33; 2026.04.02 16:37:14; 2026.04.09 17:32:37; 2026.04.13 18:33:19; 2026.06.02 17:08:40; 2026.06.04 17:17:06; 2026.06.04 21:29:32; 2026.06.11 19:31:08; 2026.06.24 16:59:04
full,6,109,127,0.85,0.89,0.94,9,3.36,0.12,0.35,77.78,6.46,5,above_PDL=true | above_dayLowSoFar=true | below_PDH=true | dayBrokePDH=false | levelTag=weeklyPivot,2026.03.02 17:09:52; 2026.03.04 16:26:21; 2026.03.24 01:41:08; 2026.03.30 10:31:58; 2026.03.31 03:32:46; 2026.04.20 15:30:00; 2026.04.24 01:34:41; 2026.06.03 19:56:13; 2026.06.23 02:44:26
ON,6,109,77,0.93,0.7,0.94,9,3.33,0.12,0.47,77.78,6.38,10,PD_trend=PD_green | above_ONL=true | above_PDC=true | above_PDL=true | above_PDO=true | above_dayLowSoFar=true | above_midpoint=true | dayBrokePDH=false | dayBrokePDL=false | openGap_info=unknown,2026.03.04 11:09:15; 2026.03.10 08:32:00; 2026.03.25 01:11:29; 2026.05.07 03:40:37; 2026.05.13 08:19:03; 2026.05.14 01:05:40; 2026.05.21 06:27:51; 2026.06.01 02:03:13; 2026.06.24 02:00:53
full,6,109,127,0.85,0.89,0.94,9,3.33,0.12,0.47,77.78,6.38,4,PD_trend=PD_green | above_PDC=true | dayBrokePDH=false | openGap_info=unknown,2026.03.04 11:09:15; 2026.03.10 08:32:00; 2026.03.25 01:11:29; 2026.05.07 03:40:37; 2026.05.13 08:19:03; 2026.05.14 01:05:40; 2026.05.21 06:27:51; 2026.06.01 02:03:13; 2026.06.24 02:00:53
full,6,109,127,0.85,0.89,0.94,22,3.3,0.21,0.59,77.27,15.5,6,PD_trend=PD_green | above_ONL=true | above_PDL=true | above_dayLowSoFar=true | dayBrokePDH=false | dayBrokePDL=false,2026.03.04 11:09:15; 2026.03.04 16:26:21; 2026.03.10 08:32:00; 2026.03.25 01:11:29; 2026.04.20 03:10:13; 2026.04.20 15:30:00; 2026.04.27 02:02:34; 2026.05.07 03:40:37; 2026.05.11 15:43:29; 2026.05.12 04:10:24; 2026.05.13 08:19:03; 2026.05.14 01:05:40; 2026.05.15 04:51:39; 2026.05.21 01:12:01; 2026.05.21 06:27:51; 2026.06.01 02:03:13; 2026.06.02 10:03:49; 2026.06.02 17:07:41; 2026.06.03 01:35:51; 2026.06.24 02:00:53; 2026.06.24 15:52:07; 2026.06.24 16:59:03
full,6,107,67,0.78,0.66,0.71,9,3.3,0.11,0.41,77.78,6.45,4,PD_trend=PD_green | above_dayLowSoFar=true | below_PDC=true | below_PDH=true,2026.03.02 17:10:00; 2026.03.03 09:18:00; 2026.03.03 16:23:55; 2026.03.10 01:46:06; 2026.04.03 08:56:37; 2026.04.15 07:26:03; 2026.04.20 15:30:01; 2026.04.30 06:12:59; 2026.05.12 09:06:48
full,6,110,111,0.97,0.79,0.94,22,3.29,0.2,0.59,77.27,15.51,5,above_PDL=true | below_PDH=true | below_dayHighSoFar=true | dayBrokePDH=true | dayBrokePDL=false,2026.03.05 02:55:55; 2026.03.05 15:13:30; 2026.03.05 18:26:39; 2026.04.07 14:07:02; 2026.04.07 17:05:57; 2026.04.10 18:41:46; 2026.04.21 15:31:24; 2026.04.21 17:03:24; 2026.04.28 07:35:32; 2026.04.28 13:10:01; 2026.04.30 01:20:48; 2026.04.30 06:31:03; 2026.05.01 10:43:19; 2026.05.06 02:16:46; 2026.05.07 18:12:33; 2026.05.07 19:26:02; 2026.05.11 16:31:41; 2026.05.21 12:30:57; 2026.05.27 17:44:27; 2026.06.01 15:12:31; 2026.06.09 16:10:13; 2026.06.12 09:04:11
RTH-afterIB,6,103,20,1.21,0.18,0.59,9,3.29,0.07,0.29,77.78,6.65,10,PD_trend=PD_red | above_IBH=true | above_IBL=true | above_ONH=true | above_PDC=true | above_PDL=true | above_PDO=true | above_RTHL=true | above_dayLowSoFar=true | above_midpoint=true,2026.03.09 20:20:28; 2026.03.09 20:29:47; 2026.03.09 20:38:09; 2026.04.09 18:03:19; 2026.04.13 18:33:19; 2026.04.13 21:27:22; 2026.04.24 17:45:02; 2026.04.24 17:50:14; 2026.05.05 20:21:52
ON,6,109,77,0.93,0.7,0.94,9,3.29,0.12,0.41,77.78,6.28,5,PD_trend=PD_green | above_ONH=true | above_PDO=true | above_dayHighSoFar=true | dayBrokePDH=false,2026.03.04 11:09:15; 2026.03.10 08:32:00; 2026.04.20 15:30:00; 2026.04.23 14:06:32; 2026.05.07 03:40:37; 2026.05.13 08:19:03; 2026.05.14 01:05:40; 2026.05.21 06:27:51; 2026.06.01 02:03:13
full,6,103,55,0.87,0.45,0.82,9,3.29,0.07,0.29,77.78,6.64,10,above_ONH=true | above_ONL=true | above_PDL=true | above_PDO=true | above_dayHighSoFar=true | above_dayLowSoFar=true | above_midpoint=true | below_PDH=true | dayBrokePDH=false | dayBrokePDL=true,2026.03.02 17:10:00; 2026.03.02 20:20:33; 2026.03.09 20:20:28; 2026.03.09 20:29:47; 2026.03.09 20:38:09; 2026.04.06 02:23:08; 2026.04.06 04:21:30; 2026.04.13 18:33:19; 2026.05.28 16:13:59
ON,6,109,77,0.93,0.7,0.94,9,3.27,0.11,0.41,77.78,6.23,5,PD_trend=PD_green | above_ONH=true | above_dayHighSoFar=true | dayBrokePDH=false | dayBrokePDL=false,2026.03.04 11:09:15; 2026.03.10 08:32:00; 2026.04.20 03:10:13; 2026.04.20 15:30:00; 2026.05.07 03:40:37; 2026.05.13 08:19:03; 2026.05.14 01:05:40; 2026.05.21 06:27:51; 2026.06.01 02:03:13
full,6,109,127,0.85,0.89,0.94,9,3.25,0.05,0.24,77.78,6.5,5,PD_trend=PD_green | above_PDL=true | above_dayLowSoFar=true | below_PDH=true | day_of_week=WED,2026.03.04 11:09:15; 2026.03.04 16:26:21; 2026.03.25 01:11:29; 2026.03.25 16:22:06; 2026.06.03 01:35:51; 2026.06.03 19:56:13; 2026.06.24 02:00:53; 2026.06.24 15:52:07; 2026.06.24 16:59:03
ON,6,101,116,0.73,0.83,0.94,13,3.24,0.14,0.35,76.92,8.95,6,PD_trend=PD_green | above_PDL=true | above_PDO=true | below_PDC=true | below_PDH=true | dayBrokePDH=false,2026.03.03 03:22:56; 2026.03.03 08:09:09; 2026.03.04 01:05:31; 2026.03.04 04:31:00; 2026.03.20 10:50:10; 2026.04.07 03:11:46; 2026.04.20 15:30:01; 2026.04.23 14:06:32; 2026.05.12 03:17:07; 2026.05.13 01:22:31; 2026.05.15 03:25:32; 2026.06.02 02:26:15; 2026.06.05 02:01:24
full,6,109,127,0.85,0.89,0.94,13,3.23,0.16,0.41,76.92,8.95,7,PD_trend=PD_green | above_ONL=true | above_PDL=true | above_PDO=true | above_dayLowSoFar=true | below_PDC=true | below_PDH=true,2026.03.02 17:09:52; 2026.03.03 19:26:47; 2026.03.05 16:40:23; 2026.03.20 12:05:18; 2026.04.20 15:30:00; 2026.04.23 14:06:32; 2026.04.27 02:02:34; 2026.05.12 04:10:24; 2026.05.15 04:51:39; 2026.05.15 09:14:31; 2026.05.21 01:12:01; 2026.06.02 10:03:49; 2026.06.03 01:35:51
full,6,110,111,0.97,0.79,0.94,8,3.22,0.07,0.29,75.0,5.94,7,PD_trend=PD_red | above_ONL=true | above_dayLowSoFar=true | above_midpoint=true | below_dayHighSoFar=true | dayBrokePDL=true | day_of_week=MON,2026.03.09 11:14:20; 2026.03.09 18:00:41; 2026.03.09 20:36:07; 2026.03.23 12:46:59; 2026.03.23 17:29:41; 2026.04.13 16:15:33; 2026.06.08 03:28:15; 2026.06.22 15:43:03
full,6,110,111,0.97,0.79,0.94,8,3.21,0.08,0.35,75.0,5.91,7,above_ONL=true | above_PDL=true | above_dayLowSoFar=true | above_midpoint=true | below_dayHighSoFar=true | dayBrokePDL=true | day_of_week=MON,2026.03.02 19:47:05; 2026.03.09 18:00:41; 2026.03.09 20:36:07; 2026.03.23 12:46:59; 2026.03.23 17:29:41; 2026.04.13 16:15:33; 2026.06.08 03:28:15; 2026.06.22 15:43:03
full,6,110,111,0.97,0.79,0.94,8,3.21,0.07,0.29,75.0,5.91,4,above_midpoint=true | below_PDH=true | dayBrokePDL=true | day_of_week=MON,2026.03.02 19:47:05; 2026.03.09 11:14:20; 2026.03.09 18:00:41; 2026.03.09 20:36:07; 2026.03.23 12:46:59; 2026.03.23 17:29:41; 2026.04.13 16:15:33; 2026.06.08 03:28:15
ON,6,109,77,0.93,0.7,0.94,22,3.21,0.24,0.65,77.27,15.2,5,PD_trend=PD_green | above_ONL=true | above_PDL=true | above_dayLowSoFar=true | dayBrokePDH=false,2026.03.02 02:10:54; 2026.03.04 11:09:15; 2026.03.10 08:32:00; 2026.03.20 12:05:18; 2026.03.25 01:11:29; 2026.04.20 03:10:13; 2026.04.20 15:30:00; 2026.04.23 02:19:20; 2026.04.23 14:06:32; 2026.04.27 02:02:34; 2026.05.07 03:40:37; 2026.05.12 04:10:24; 2026.05.13 08:19:03; 2026.05.14 01:05:40; 2026.05.15 04:51:39; 2026.05.15 09:14:31; 2026.05.21 01:12:01; 2026.05.21 06:27:51; 2026.06.01 02:03:13; 2026.06.02 10:03:49; 2026.06.03 01:35:51; 2026.06.24 02:00:53
full,6,109,127,0.85,0.89,0.94,9,3.2,0.09,0.41,77.78,6.43,5,above_ONL=true | above_PDL=true | above_dayLowSoFar=true | dayBrokePDL=false | day_of_week=THU,2026.03.05 16:40:23; 2026.03.19 03:35:28; 2026.04.09 17:32:37; 2026.04.30 14:17:24; 2026.05.07 03:40:37; 2026.05.07 09:08:00; 2026.05.14 01:05:40; 2026.05.21 01:12:01; 2026.05.21 06:27:51
full,6,111,65,0.59,0.61,0.88,8,3.18,0.08,0.29,75.0,5.92,4,PD_trend=PD_red | above_ONL=true | above_dayLowSoFar=true | below_dayHighSoFar=true,2026.03.09 11:14:20; 2026.03.09 20:36:07; 2026.03.13 05:22:56; 2026.03.23 12:12:35; 2026.03.23 17:29:41; 2026.03.31 18:48:01; 2026.06.11 19:50:55; 2026.06.26 01:40:56
full,6,110,111,0.97,0.79,0.94,8,3.18,0.08,0.35,75.0,5.82,6,above_ONL=true | above_PDL=true | above_dayLowSoFar=true | above_midpoint=true | below_PDH=true | day_of_week=MON,2026.03.02 19:47:05; 2026.03.09 18:00:41; 2026.03.09 20:36:07; 2026.03.23 12:46:59; 2026.03.23 17:29:41; 2026.04.13 16:15:33; 2026.05.11 16:31:41; 2026.06.08 03:28:15
full,6,110,111,0.97,0.79,0.94,13,3.17,0.14,0.47,76.92,8.86,7,PD_trend=PD_green | above_PDL=true | above_PDO=true | below_PDH=true | below_dayHighSoFar=true | dayBrokePDH=true | dayBrokePDL=false,2026.03.05 02:55:55; 2026.03.05 15:13:30; 2026.04.10 18:41:46; 2026.04.21 15:31:24; 2026.04.28 07:35:32; 2026.04.30 01:20:48; 2026.05.01 10:43:19; 2026.05.06 02:16:46; 2026.05.07 18:12:33; 2026.05.07 19:26:02; 2026.05.11 16:31:41; 2026.05.21 12:30:57; 2026.06.12 09:04:11
full,6,109,127,0.85,0.89,0.94,9,3.17,0.09,0.41,77.78,6.38,4,PD_trend=PD_green | above_ONL=true | above_PDO=true | day_of_week=THU,2026.03.05 16:40:23; 2026.04.02 16:37:13; 2026.04.23 14:06:32; 2026.04.30 14:17:24; 2026.05.07 03:40:37; 2026.05.07 09:08:00; 2026.05.14 01:05:40; 2026.05.21 01:12:01; 2026.05.21 06:27:51
full,6,109,127,0.85,0.89,0.94,9,3.16,0.11,0.41,77.78,6.42,6,above_ONL=true | above_PDC=true | above_PDL=true | above_dayLowSoFar=true | below_dayHighSoFar=true | dayBrokePDL=false,2026.03.25 01:11:29; 2026.03.25 16:22:06; 2026.04.01 16:53:32; 2026.04.10 16:30:33; 2026.05.04 07:19:34; 2026.05.20 17:51:12; 2026.05.25 09:33:07; 2026.06.23 02:44:26; 2026.06.24 02:00:53
full,6,110,111,0.97,0.79,0.94,9,3.15,0.12,0.41,77.78,6.15,5,above_ONL=true | above_PDC=true | above_PDO=true | above_dayLowSoFar=true | below_PDH=true,2026.03.09 20:36:07; 2026.03.11 06:44:08; 2026.04.09 17:38:16; 2026.04.21 15:31:24; 2026.04.30 01:20:48; 2026.05.01 10:43:19; 2026.05.06 02:16:46; 2026.05.11 16:31:41; 2026.06.24 18:31:35
full,6,110,111,0.97,0.79,0.94,9,3.14,0.12,0.47,77.78,6.13,5,above_ONL=true | above_PDO=true | above_dayLowSoFar=true | below_PDH=true | dayBrokePDL=false,2026.03.11 06:44:08; 2026.04.09 17:38:16; 2026.04.21 15:31:24; 2026.04.30 01:20:48; 2026.05.01 10:43:19; 2026.05.06 02:16:46; 2026.05.11 16:31:41; 2026.05.21 12:30:57; 2026.06.24 18:31:35
full,6,109,127,0.85,0.89,0.94,13,3.14,0.09,0.41,76.92,9.04,4,above_PDL=true | above_dayLowSoFar=true | below_PDH=true | day_of_week=WED,2026.03.04 11:09:15; 2026.03.04 16:26:21; 2026.03.11 01:09:31; 2026.03.25 01:11:29; 2026.03.25 16:22:06; 2026.04.22 07:25:08; 2026.05.20 01:33:48; 2026.05.20 14:30:13; 2026.06.03 01:35:51; 2026.06.03 19:56:13; 2026.06.24 02:00:53; 2026.06.24 15:52:07; 2026.06.24 16:59:03
ON,6,109,77,0.93,0.7,0.94,13,3.13,0.13,0.41,76.92,8.82,7,PD_trend=PD_green | above_ONL=true | above_PDL=true | above_dayLowSoFar=true | below_PDC=true | below_PDH=true | dayBrokePDH=false,2026.03.02 02:10:54; 2026.03.20 12:05:18; 2026.04.20 03:10:13; 2026.04.20 15:30:00; 2026.04.23 02:19:20; 2026.04.23 14:06:32; 2026.04.27 02:02:34; 2026.05.12 04:10:24; 2026.05.15 04:51:39; 2026.05.15 09:14:31; 2026.05.21 01:12:01; 2026.06.02 10:03:49; 2026.06.03 01:35:51
full,6,114,23,0.9,0.24,0.76,8,3.12,0.08,0.35,75.0,5.5,5,PD_trend=PD_red | above_dayLowSoFar=true | below_PDH=true | dayBrokePDH=false | openGap_info=gapDown_Day,2026.03.09 17:29:45; 2026.03.09 20:20:36; 2026.03.09 20:30:17; 2026.04.09 17:38:17; 2026.05.19 16:46:18; 2026.06.04 16:35:22; 2026.06.10 17:51:58; 2026.06.26 17:31:21
RTH-afterIB,6,114,23,0.9,0.24,0.76,8,3.12,0.08,0.35,75.0,5.5,5,PD_trend=PD_red | above_dayLowSoFar=true | below_PDH=true | dayBrokePDH=false | openGap_info=gapDown_Day,2026.03.09 17:29:45; 2026.03.09 20:20:36; 2026.03.09 20:30:17; 2026.04.09 17:38:17; 2026.05.19 16:46:18; 2026.06.04 16:35:22; 2026.06.10 17:51:58; 2026.06.26 17:31:21
full,6,107,67,0.78,0.66,0.71,8,3.12,0.09,0.41,75.0,5.87,9,above_ONH=true | above_ONL=true | above_PDC=true | above_PDL=true | above_dayHighSoFar=true | above_dayLowSoFar=true | above_midpoint=true | dayBrokePDL=false | day_of_week=WED,2026.03.04 16:26:26; 2026.04.01 08:15:53; 2026.04.01 14:45:02; 2026.04.08 11:13:43; 2026.04.22 14:08:13; 2026.05.13 10:40:43; 2026.05.20 01:33:52; 2026.05.27 01:30:37
RTH-afterIB,6,114,23,0.9,0.24,0.76,8,3.12,0.09,0.41,75.0,5.53,6,above_ONL=true | above_dayLowSoFar=true | below_PDH=true | below_RTHH=true | below_dayHighSoFar=true | openGap_info=gapDown_Day,2026.03.02 19:47:07; 2026.03.02 20:23:42; 2026.03.09 17:29:45; 2026.04.09 17:38:17; 2026.04.23 19:22:43; 2026.05.11 16:31:41; 2026.06.04 16:35:22; 2026.06.10 17:51:58
full,6,109,127,0.85,0.89,0.94,21,3.12,0.21,0.59,76.19,14.25,4,PD_trend=PD_green | above_PDO=true | dayBrokePDH=false | dayBrokePDL=false,2026.03.04 11:09:15; 2026.03.04 16:26:21; 2026.03.10 08:32:00; 2026.03.25 01:11:29; 2026.04.20 15:30:00; 2026.04.27 02:02:34; 2026.05.07 03:40:37; 2026.05.11 15:43:29; 2026.05.12 04:10:24; 2026.05.13 08:19:03; 2026.05.14 01:05:40; 2026.05.15 04:51:39; 2026.05.21 01:12:01; 2026.05.21 06:27:51; 2026.06.01 02:03:13; 2026.06.02 10:03:49; 2026.06.02 17:07:41; 2026.06.03 01:35:51; 2026.06.24 02:00:53; 2026.06.24 15:52:07; 2026.06.24 16:59:03
full,6,110,111,0.97,0.79,0.94,21,3.11,0.18,0.53,76.19,14.27,4,below_ONH=true | below_PDH=true | dayBrokePDH=true | dayBrokePDL=false,2026.03.05 02:55:55; 2026.03.05 15:13:30; 2026.03.05 18:26:39; 2026.04.07 14:07:02; 2026.04.07 17:05:57; 2026.04.10 18:41:46; 2026.04.21 15:31:24; 2026.04.21 17:03:24; 2026.04.28 07:35:32; 2026.04.28 13:10:01; 2026.04.30 01:20:48; 2026.04.30 06:31:03; 2026.05.01 10:43:19; 2026.05.06 02:16:46; 2026.05.07 18:12:33; 2026.05.07 19:26:02; 2026.05.21 12:30:57; 2026.05.27 17:44:27; 2026.06.01 15:12:31; 2026.06.09 16:10:13; 2026.06.12 09:04:11
ON,6,109,77,0.93,0.7,0.94,17,3.11,0.2,0.59,76.47,11.42,6,PD_trend=PD_green | above_ONL=true | above_PDL=true | above_dayLowSoFar=true | dayBrokePDH=false | dayBrokePDL=false,2026.03.04 11:09:15; 2026.03.10 08:32:00; 2026.03.25 01:11:29; 2026.04.20 03:10:13; 2026.04.20 15:30:00; 2026.04.27 02:02:34; 2026.05.07 03:40:37; 2026.05.12 04:10:24; 2026.05.13 08:19:03; 2026.05.14 01:05:40; 2026.05.15 04:51:39; 2026.05.21 01:12:01; 2026.05.21 06:27:51; 2026.06.01 02:03:13; 2026.06.02 10:03:49; 2026.06.03 01:35:51; 2026.06.24 02:00:53
full,6,114,23,0.9,0.24,0.76,8,3.09,0.09,0.41,75.0,5.46,5,above_ONL=true | above_PDL=true | above_dayLowSoFar=true | below_PDH=true | below_dayHighSoFar=true,2026.03.02 19:47:07; 2026.03.02 20:23:42; 2026.03.09 17:29:45; 2026.04.09 17:38:17; 2026.05.11 16:31:41; 2026.06.04 16:35:22; 2026.06.10 17:51:58; 2026.06.26 17:31:21
RTH-afterIB,6,114,23,0.9,0.24,0.76,8,3.09,0.09,0.41,75.0,5.46,5,above_ONL=true | above_PDL=true | above_dayLowSoFar=true | below_PDH=true | below_dayHighSoFar=true,2026.03.02 19:47:07; 2026.03.02 20:23:42; 2026.03.09 17:29:45; 2026.04.09 17:38:17; 2026.05.11 16:31:41; 2026.06.04 16:35:22; 2026.06.10 17:51:58; 2026.06.26 17:31:21
full,6,114,23,0.9,0.24,0.76,8,3.09,0.09,0.41,75.0,5.45,5,above_dayLowSoFar=true | below_PDH=true | below_dayHighSoFar=true | dayBrokePDH=false | openGap_info=gapDown_Day,2026.03.02 19:47:07; 2026.03.02 20:23:42; 2026.03.09 17:29:45; 2026.04.09 17:38:17; 2026.05.19 16:46:18; 2026.06.04 16:35:22; 2026.06.10 17:51:58; 2026.06.26 17:31:21
RTH-afterIB,6,114,23,0.9,0.24,0.76,8,3.09,0.09,0.41,75.0,5.45,5,above_dayLowSoFar=true | below_PDH=true | below_dayHighSoFar=true | dayBrokePDH=false | openGap_info=gapDown_Day,2026.03.02 19:47:07; 2026.03.02 20:23:42; 2026.03.09 17:29:45; 2026.04.09 17:38:17; 2026.05.19 16:46:18; 2026.06.04 16:35:22; 2026.06.10 17:51:58; 2026.06.26 17:31:21
full,6,107,67,0.78,0.66,0.71,6,3.09,0.08,0.35,83.33,4.55,9,above_ONH=true | above_ONL=true | above_PDL=true | above_dayHighSoFar=true | above_dayLowSoFar=true | above_midpoint=true | below_PDH=true | dayBrokePDH=false | day_of_week=MON,2026.03.02 17:10:00; 2026.03.23 12:06:57; 2026.03.30 10:38:12; 2026.04.06 04:21:30; 2026.04.13 18:33:19; 2026.04.20 15:30:01
RTH-afterIB,6,110,19,1.34,0.22,0.71,8,3.07,0.09,0.35,75.0,5.51,9,above_PDL=true | below_IBH=true | below_IBL=true | below_ONH=true | below_PDH=true | below_RTHH=true | below_RTHL=true | below_dayHighSoFar=true | dayBrokePDH=true,2026.03.05 18:26:39; 2026.03.23 17:29:41; 2026.04.07 17:05:57; 2026.04.10 18:41:46; 2026.04.21 17:03:24; 2026.05.07 18:12:33; 2026.05.07 19:26:02; 2026.05.27 17:44:27
full,6,110,111,0.97,0.79,0.94,13,3.05,0.14,0.59,76.92,8.68,6,above_ONL=true | above_PDL=true | above_dayLowSoFar=true | below_PDH=true | below_dayHighSoFar=true | dayBrokePDL=false,2026.03.11 06:44:08; 2026.03.19 06:44:38; 2026.04.09 17:38:16; 2026.04.21 15:31:24; 2026.04.30 01:20:48; 2026.04.30 06:31:03; 2026.05.01 10:43:19; 2026.05.06 02:16:46; 2026.05.11 16:31:41; 2026.05.21 12:30:57; 2026.06.09 02:09:00; 2026.06.09 16:10:13; 2026.06.24 18:31:35
ON,6,110,75,0.87,0.63,0.94,8,3.05,0.07,0.29,75.0,5.37,8,PD_trend=PD_green | above_PDL=true | below_ONH=true | below_PDH=true | below_dayHighSoFar=true | dayBrokePDL=false | day_of_week=THU | openGap_info=unknown,2026.03.05 02:55:55; 2026.03.05 15:13:30; 2026.04.02 03:03:47; 2026.04.02 03:30:23; 2026.04.23 02:10:10; 2026.04.30 01:20:48; 2026.04.30 06:31:03; 2026.05.21 12:30:57
full,6,110,111,0.97,0.79,0.94,8,3.05,0.07,0.29,75.0,5.37,4,PD_trend=PD_green | above_PDL=true | day_of_week=THU | openGap_info=unknown,2026.03.05 02:55:55; 2026.03.05 15:13:30; 2026.04.02 03:03:47; 2026.04.02 03:30:23; 2026.04.23 02:10:10; 2026.04.30 01:20:48; 2026.04.30 06:31:03; 2026.05.21 12:30:57
full,6,100,71,0.91,0.54,0.88,12,3.04,0.12,0.53,75.0,8.11,11,above_PDL=true | below_ONH=true | below_ONL=true | below_PDC=true | below_PDH=true | below_PDO=true | below_dayHighSoFar=true | below_dayLowSoFar=true | below_midpoint=true | dayBrokePDL=false | day_of_week=TUE,2026.03.24 01:17:22; 2026.03.24 14:09:17; 2026.03.31 01:08:37; 2026.04.07 14:07:02; 2026.04.07 17:05:57; 2026.04.21 17:05:35; 2026.04.28 13:11:15; 2026.05.12 09:05:03; 2026.05.19 03:21:45; 2026.05.19 11:32:00; 2026.05.26 02:08:12; 2026.06.23 03:50:15
ON,6,109,77,0.93,0.7,0.94,17,3.04,0.18,0.59,76.47,11.33,6,PD_trend=PD_green | above_ONL=true | above_PDL=true | above_dayLowSoFar=true | above_midpoint=true | dayBrokePDH=false,2026.03.02 02:10:54; 2026.03.04 11:09:15; 2026.03.10 08:32:00; 2026.03.25 01:11:29; 2026.04.20 03:10:13; 2026.04.20 15:30:00; 2026.04.23 02:19:20; 2026.04.23 14:06:32; 2026.04.27 02:02:34; 2026.05.07 03:40:37; 2026.05.13 08:19:03; 2026.05.14 01:05:40; 2026.05.21 01:12:01; 2026.05.21 06:27:51; 2026.06.01 02:03:13; 2026.06.02 10:03:49; 2026.06.24 02:00:53
full,6,109,127,0.85,0.89,0.94,17,3.04,0.18,0.53,76.47,11.36,5,PD_trend=PD_green | above_ONH=true | above_PDO=true | above_dayHighSoFar=true | dayBrokePDH=false,2026.03.02 17:09:52; 2026.03.02 20:20:33; 2026.03.04 11:09:15; 2026.03.04 16:26:21; 2026.03.10 08:32:00; 2026.04.02 16:37:13; 2026.04.20 15:30:00; 2026.04.23 14:06:32; 2026.05.07 03:40:37; 2026.05.11 15:43:29; 2026.05.13 08:19:03; 2026.05.14 01:05:40; 2026.05.21 06:27:51; 2026.06.01 02:03:13; 2026.06.02 17:07:41; 2026.06.24 15:52:07; 2026.06.24 16:59:03
full,6,109,127,0.85,0.89,0.94,21,3.02,0.24,0.65,76.19,13.91,6,PD_trend=PD_green | above_ONL=true | above_PDL=true | above_dayLowSoFar=true | dayBrokePDH=false | openGap_info=unknown,2026.03.02 02:10:54; 2026.03.04 11:09:15; 2026.03.10 08:32:00; 2026.03.20 12:05:18; 2026.03.25 01:11:29; 2026.04.20 03:10:13; 2026.04.23 02:19:20; 2026.04.23 14:06:32; 2026.04.27 02:02:34; 2026.05.07 03:40:37; 2026.05.12 04:10:24; 2026.05.13 08:19:03; 2026.05.14 01:05:40; 2026.05.15 04:51:39; 2026.05.15 09:14:31; 2026.05.21 01:12:01; 2026.05.21 06:27:51; 2026.06.01 02:03:13; 2026.06.02 10:03:49; 2026.06.03 01:35:51; 2026.06.24 02:00:53
ON,6,109,77,0.93,0.7,0.94,21,3.02,0.24,0.65,76.19,13.91,6,PD_trend=PD_green | above_ONL=true | above_PDL=true | above_dayLowSoFar=true | dayBrokePDH=false | openGap_info=unknown,2026.03.02 02:10:54; 2026.03.04 11:09:15; 2026.03.10 08:32:00; 2026.03.20 12:05:18; 2026.03.25 01:11:29; 2026.04.20 03:10:13; 2026.04.23 02:19:20; 2026.04.23 14:06:32; 2026.04.27 02:02:34; 2026.05.07 03:40:37; 2026.05.12 04:10:24; 2026.05.13 08:19:03; 2026.05.14 01:05:40; 2026.05.15 04:51:39; 2026.05.15 09:14:31; 2026.05.21 01:12:01; 2026.05.21 06:27:51; 2026.06.01 02:03:13; 2026.06.02 10:03:49; 2026.06.03 01:35:51; 2026.06.24 02:00:53
RTH-afterIB,6,111,18,1.54,0.21,0.59,8,3.02,0.09,0.29,75.0,5.58,3,below_RTHH=true | below_dayHighSoFar=true | openGap_info=gapUp_Day,2026.03.23 17:29:41; 2026.03.25 16:17:59; 2026.03.31 18:48:01; 2026.05.07 18:12:33; 2026.06.09 17:26:28; 2026.06.09 18:09:33; 2026.06.11 19:50:55; 2026.06.24 21:07:14
RTH-afterIB,6,114,23,0.9,0.24,0.76,8,3.01,0.09,0.41,75.0,5.24,5,above_RTHL=true | above_dayLowSoFar=true | below_PDH=true | below_dayHighSoFar=true | openGap_info=gapDown_Day,2026.03.02 19:47:07; 2026.03.02 20:23:42; 2026.03.09 17:29:45; 2026.04.09 17:38:17; 2026.05.11 16:31:41; 2026.05.19 16:46:18; 2026.06.04 16:35:22; 2026.06.26 17:31:21
RTH-afterIB,6,109,30,0.94,0.32,0.76,9,3.0,0.09,0.35,77.78,6.05,8,above_IBH=true | above_IBL=true | above_ONH=true | above_ONL=true | above_PDL=true | above_RTHL=true | above_dayLowSoFar=true | above_midpoint=true,2026.03.02 17:09:52; 2026.03.02 20:20:33; 2026.04.02 16:37:13; 2026.04.09 17:32:37; 2026.05.20 17:51:12; 2026.06.02 17:07:41; 2026.06.04 17:16:50; 2026.06.04 21:29:19; 2026.06.24 16:59:03
ON,6,101,116,0.73,0.83,0.94,12,3.0,0.11,0.47,75.0,7.9,6,above_ONL=true | above_PDC=true | above_PDL=true | above_dayLowSoFar=true | day_of_week=THU | openGap_info=unknown,2026.03.19 01:46:58; 2026.03.19 03:35:33; 2026.04.30 04:32:51; 2026.04.30 14:17:44; 2026.05.07 03:45:49; 2026.05.07 09:08:42; 2026.05.14 01:05:47; 2026.05.21 06:52:42; 2026.05.28 02:03:32; 2026.06.11 03:12:36; 2026.06.11 10:02:49; 2026.06.25 01:35:19
full,6,101,163,0.68,0.93,0.94,12,3.0,0.11,0.47,75.0,7.9,5,above_ONL=true | above_PDC=true | above_dayLowSoFar=true | day_of_week=THU | openGap_info=unknown,2026.03.19 01:46:58; 2026.03.19 03:35:33; 2026.04.30 04:32:51; 2026.04.30 14:17:44; 2026.05.07 03:45:49; 2026.05.07 09:08:42; 2026.05.14 01:05:47; 2026.05.21 06:52:42; 2026.05.28 02:03:32; 2026.06.11 03:12:36; 2026.06.11 10:02:49; 2026.06.25 01:35:19
RTH-afterIB,6,101,28,0.65,0.33,0.88,8,3.0,0.07,0.29,75.0,5.37,9,above_IBH=true | above_IBL=true | above_ONH=true | above_ONL=true | above_PDL=true | above_RTHL=true | above_dayLowSoFar=true | above_midpoint=true | dayBrokePDL=true,2026.03.02 17:10:00; 2026.03.02 20:20:33; 2026.04.02 16:37:14; 2026.04.13 18:33:19; 2026.04.13 21:31:20; 2026.06.04 17:17:06; 2026.06.04 21:29:32; 2026.06.11 19:31:08
RTH-afterIB,6,110,19,1.34,0.22,0.71,8,3.0,0.09,0.29,75.0,5.31,6,PD_trend=PD_green | above_PDL=true | below_PDC=true | below_PDH=true | below_RTHH=true | below_dayHighSoFar=true,2026.03.02 19:47:05; 2026.03.05 18:26:39; 2026.04.07 17:05:57; 2026.04.10 18:41:46; 2026.04.21 17:03:24; 2026.05.07 18:12:33; 2026.05.07 19:26:02; 2026.05.27 17:44:27
full,6,110,111,0.97,0.79,0.94,8,2.99,0.05,0.24,75.0,5.29,8,PD_trend=PD_green | above_PDL=true | below_ONH=true | below_PDH=true | below_dayHighSoFar=true | dayBrokePDH=true | dayBrokePDL=false | day_of_week=THU,2026.03.05 02:55:55; 2026.03.05 15:13:30; 2026.03.05 18:26:39; 2026.04.30 01:20:48; 2026.04.30 06:31:03; 2026.05.07 18:12:33; 2026.05.07 19:26:02; 2026.05.21 12:30:57
ON,6,110,75,0.87,0.63,0.94,8,2.99,0.11,0.47,75.0,5.34,4,above_PDL=true | below_PDO=true | dayBrokePDH=false | levelTag=dailyDown1,2026.03.06 12:55:27; 2026.03.12 09:41:11; 2026.03.19 06:44:38; 2026.03.24 14:09:14; 2026.03.31 01:08:36; 2026.04.23 02:10:10; 2026.05.20 02:14:05; 2026.06.24 01:03:55
full,6,101,163,0.68,0.93,0.94,8,2.98,0.08,0.35,75.0,5.18,4,PD_trend=PD_green | above_PDO=true | day_of_week=TUE | openGap_info=unknown,2026.03.03 03:22:56; 2026.03.03 08:09:09; 2026.04.07 03:11:46; 2026.04.07 11:34:30; 2026.04.21 12:50:00; 2026.04.28 07:39:03; 2026.05.12 03:17:07; 2026.06.02 02:26:15
ON,6,101,116,0.73,0.83,0.94,8,2.98,0.08,0.35,75.0,5.18,6,PD_trend=PD_green | above_PDL=true | above_PDO=true | dayBrokePDL=false | day_of_week=TUE | openGap_info=unknown,2026.03.03 03:22:56; 2026.03.03 08:09:09; 2026.04.07 03:11:46; 2026.04.07 11:34:30; 2026.04.21 12:50:00; 2026.04.28 07:39:03; 2026.05.12 03:17:07; 2026.06.02 02:26:15
ON,6,100,50,0.92,0.42,0.88,8,2.98,0.08,0.35,75.0,5.27,5,above_PDL=true | below_PDO=true | dayBrokePDH=false | dayBrokePDL=false | day_of_week=TUE,2026.03.24 01:17:22; 2026.03.24 14:09:17; 2026.03.31 01:08:37; 2026.05.12 09:05:03; 2026.05.19 03:21:45; 2026.05.19 11:32:00; 2026.05.26 02:08:12; 2026.06.23 03:50:15
full,6,100,71,0.91,0.54,0.88,8,2.98,0.08,0.35,75.0,5.27,4,above_PDL=true | below_PDO=true | dayBrokePDH=false | day_of_week=TUE,2026.03.24 01:17:22; 2026.03.24 14:09:17; 2026.03.31 01:08:37; 2026.05.12 09:05:03; 2026.05.19 03:21:45; 2026.05.19 11:32:00; 2026.05.26 02:08:12; 2026.06.23 03:50:15
full,6,107,67,0.78,0.66,0.71,8,2.98,0.08,0.29,75.0,5.34,3,PD_trend=PD_green | below_PDH=true | dayBrokePDL=true,2026.03.02 07:44:40; 2026.03.02 17:10:00; 2026.03.03 16:23:55; 2026.04.02 13:28:58; 2026.04.02 16:37:14; 2026.04.23 19:45:56; 2026.04.28 13:41:43; 2026.05.15 10:18:44
full,6,101,163,0.68,0.93,0.94,8,2.98,0.08,0.35,75.0,5.16,4,PD_trend=PD_green | above_PDO=true | below_PDH=true | day_of_week=TUE,2026.03.03 03:22:56; 2026.03.03 08:09:09; 2026.04.07 03:11:46; 2026.04.21 15:35:56; 2026.04.28 07:39:03; 2026.05.12 03:17:07; 2026.06.02 02:26:15; 2026.06.02 17:08:40
full,6,100,71,0.91,0.54,0.88,8,2.97,0.11,0.35,75.0,5.27,12,below_ONH=true | below_ONL=true | below_PDC=true | below_PDH=true | below_PDL=true | below_PDO=true | below_dayHighSoFar=true | below_dayLowSoFar=true | below_midpoint=true | dayBrokePDH=false | dayBrokePDL=true | levelTag=dailyDown2,2026.03.06 14:51:38; 2026.03.12 14:55:52; 2026.03.20 15:11:48; 2026.03.26 10:30:13; 2026.03.27 14:35:22; 2026.05.19 16:21:14; 2026.06.22 01:48:50; 2026.06.26 04:38:03
full,6,109,127,0.85,0.89,0.94,8,2.97,0.11,0.29,75.0,5.18,4,PD_trend=PD_green | dayBrokePDH=false | dayBrokePDL=false | levelTag=dailyUp1,2026.03.04 11:09:15; 2026.03.10 08:32:00; 2026.05.11 15:43:29; 2026.05.13 08:19:03; 2026.05.14 01:05:40; 2026.06.01 02:03:13; 2026.06.02 17:07:41; 2026.06.24 15:52:07
full,6,101,163,0.68,0.93,0.94,8,2.97,0.08,0.35,75.0,5.29,9,above_ONL=true | above_PDC=true | above_PDL=true | above_dayLowSoFar=true | above_midpoint=true | below_PDH=true | dayBrokePDH=false | dayBrokePDL=false | day_of_week=WED,2026.03.11 01:09:31; 2026.03.25 01:11:31; 2026.04.22 07:25:15; 2026.05.20 01:33:52; 2026.05.20 14:34:12; 2026.05.27 01:30:37; 2026.06.24 15:52:10; 2026.06.24 16:59:04
ON,6,109,77,0.93,0.7,0.94,8,2.96,0.09,0.41,75.0,5.21,8,above_ONL=true | above_PDL=true | above_dayLowSoFar=true | below_PDH=true | dayBrokePDH=false | dayBrokePDL=false | day_of_week=WED | openGap_info=unknown,2026.03.04 11:09:15; 2026.03.11 01:09:31; 2026.03.25 01:11:29; 2026.04.22 07:25:08; 2026.05.20 01:33:48; 2026.05.20 14:30:13; 2026.06.03 01:35:51; 2026.06.24 02:00:53
full,6,109,127,0.85,0.89,0.94,8,2.96,0.09,0.41,75.0,5.21,8,above_ONL=true | above_PDL=true | above_dayLowSoFar=true | below_PDH=true | dayBrokePDH=false | dayBrokePDL=false | day_of_week=WED | openGap_info=unknown,2026.03.04 11:09:15; 2026.03.11 01:09:31; 2026.03.25 01:11:29; 2026.04.22 07:25:08; 2026.05.20 01:33:48; 2026.05.20 14:30:13; 2026.06.03 01:35:51; 2026.06.24 02:00:53
ON,6,109,77,0.93,0.7,0.94,8,2.96,0.09,0.41,75.0,5.21,8,above_ONL=true | above_PDL=true | above_PDO=true | above_dayLowSoFar=true | dayBrokePDH=false | dayBrokePDL=false | day_of_week=WED | openGap_info=unknown,2026.03.04 11:09:15; 2026.03.11 01:09:31; 2026.03.25 01:11:29; 2026.05.13 08:19:03; 2026.05.20 01:33:48; 2026.05.20 14:30:13; 2026.06.03 01:35:51; 2026.06.24 02:00:53
full,6,109,127,0.85,0.89,0.94,8,2.96,0.09,0.41,75.0,5.21,4,above_PDO=true | dayBrokePDH=false | day_of_week=WED | openGap_info=unknown,2026.03.04 11:09:15; 2026.03.11 01:09:31; 2026.03.25 01:11:29; 2026.05.13 08:19:03; 2026.05.20 01:33:48; 2026.05.20 14:30:13; 2026.06.03 01:35:51; 2026.06.24 02:00:53
full,6,102,24,0.83,0.24,0.53,8,2.96,0.11,0.35,75.0,5.22,10,below_ONH=true | below_ONL=true | below_PDC=true | below_PDH=true | below_PDL=true | below_PDO=true | below_dayHighSoFar=true | below_dayLowSoFar=true | below_midpoint=true | levelTag=dailyDown2,2026.03.20 15:11:48; 2026.03.27 14:35:22; 2026.05.12 16:31:21; 2026.05.15 08:00:17; 2026.05.19 16:21:14; 2026.06.09 17:31:35; 2026.06.22 01:48:50; 2026.06.26 04:38:03
ON,6,109,77,0.93,0.7,0.94,8,2.95,0.09,0.35,75.0,5.2,10,above_ONL=true | above_PDL=true | above_dayLowSoFar=true | below_ONH=true | below_PDC=true | below_PDH=true | below_dayHighSoFar=true | below_midpoint=true | dayBrokePDH=false | openGap_info=unknown,2026.03.20 12:05:18; 2026.03.24 01:41:08; 2026.05.12 04:10:24; 2026.05.15 04:51:39; 2026.05.15 09:14:31; 2026.05.28 07:33:07; 2026.06.03 01:35:51; 2026.06.26 08:54:28
full,6,109,127,0.85,0.89,0.94,8,2.95,0.09,0.35,75.0,5.2,10,above_ONL=true | above_PDL=true | above_dayLowSoFar=true | below_ONH=true | below_PDC=true | below_PDH=true | below_dayHighSoFar=true | below_midpoint=true | dayBrokePDH=false | openGap_info=unknown,2026.03.20 12:05:18; 2026.03.24 01:41:08; 2026.05.12 04:10:24; 2026.05.15 04:51:39; 2026.05.15 09:14:31; 2026.05.28 07:33:07; 2026.06.03 01:35:51; 2026.06.26 08:54:28
full,6,101,163,0.68,0.93,0.94,8,2.95,0.08,0.29,75.0,5.18,4,PD_trend=PD_green | below_PDC=true | dayBrokePDH=false | dayBrokePDL=true,2026.03.02 02:10:55; 2026.03.02 17:10:00; 2026.03.20 15:12:02; 2026.03.20 19:22:20; 2026.04.02 07:43:27; 2026.04.23 14:06:32; 2026.05.12 16:33:03; 2026.05.15 08:00:24
ON,6,101,116,0.73,0.83,0.94,8,2.95,0.09,0.29,75.0,5.13,12,PD_trend=PD_green | above_PDL=true | above_PDO=true | below_ONH=true | below_ONL=true | below_PDH=true | below_dayHighSoFar=true | below_dayLowSoFar=true | below_midpoint=true | dayBrokePDH=false | dayBrokePDL=false | openGap_info=unknown,2026.03.20 01:05:42; 2026.03.20 10:50:10; 2026.03.25 04:16:02; 2026.04.07 03:11:46; 2026.05.12 03:17:07; 2026.05.15 03:25:32; 2026.06.02 02:26:15; 2026.06.05 02:01:24
full,6,101,163,0.68,0.93,0.94,8,2.95,0.09,0.29,75.0,5.13,12,PD_trend=PD_green | above_PDL=true | above_PDO=true | below_ONH=true | below_ONL=true | below_PDH=true | below_dayHighSoFar=true | below_dayLowSoFar=true | below_midpoint=true | dayBrokePDH=false | dayBrokePDL=false | openGap_info=unknown,2026.03.20 01:05:42; 2026.03.20 10:50:10; 2026.03.25 04:16:02; 2026.04.07 03:11:46; 2026.05.12 03:17:07; 2026.05.15 03:25:32; 2026.06.02 02:26:15; 2026.06.05 02:01:24
full,6,110,111,0.97,0.79,0.94,8,2.95,0.08,0.35,75.0,5.18,5,above_PDL=true | above_PDO=true | below_dayHighSoFar=true | dayBrokePDL=false | day_of_week=THU,2026.03.05 02:55:55; 2026.03.05 15:13:30; 2026.04.09 17:38:16; 2026.04.30 01:20:48; 2026.05.07 18:12:33; 2026.05.07 19:26:02; 2026.05.14 19:16:44; 2026.05.21 12:30:57
full,6,110,111,0.97,0.79,0.94,16,2.95,0.14,0.53,75.0,10.49,9,PD_trend=PD_green | above_PDL=true | below_ONH=true | below_PDC=true | below_PDH=true | below_dayHighSoFar=true | below_midpoint=true | dayBrokePDH=true | dayBrokePDL=false,2026.03.05 02:55:55; 2026.03.05 15:13:30; 2026.03.05 18:26:39; 2026.04.07 14:07:02; 2026.04.07 17:05:57; 2026.04.10 18:41:46; 2026.04.21 17:03:24; 2026.04.28 07:35:32; 2026.04.28 13:10:01; 2026.04.30 06:31:03; 2026.05.07 18:12:33; 2026.05.07 19:26:02; 2026.05.21 12:30:57; 2026.05.27 17:44:27; 2026.06.01 15:12:31; 2026.06.12 09:04:11
ON,6,101,116,0.73,0.83,0.94,8,2.94,0.08,0.35,75.0,5.23,7,above_ONL=true | above_PDL=true | above_dayLowSoFar=true | above_midpoint=true | dayBrokePDL=false | day_of_week=THU | openGap_info=unknown,2026.03.19 03:35:33; 2026.03.26 01:02:52; 2026.04.30 04:32:51; 2026.04.30 14:17:44; 2026.05.07 03:45:49; 2026.05.07 09:08:42; 2026.05.14 01:05:47; 2026.05.21 06:52:42
full,6,101,163,0.68,0.93,0.94,8,2.94,0.08,0.35,75.0,5.23,4,above_midpoint=true | dayBrokePDL=false | day_of_week=THU | openGap_info=unknown,2026.03.19 03:35:33; 2026.03.26 01:02:52; 2026.04.30 04:32:51; 2026.04.30 14:17:44; 2026.05.07 03:45:49; 2026.05.07 09:08:42; 2026.05.14 01:05:47; 2026.05.21 06:52:42
full,6,103,55,0.87,0.45,0.82,8,2.94,0.07,0.24,75.0,5.05,9,PD_trend=PD_green | above_ONH=true | above_ONL=true | above_PDL=true | above_dayHighSoFar=true | above_dayLowSoFar=true | above_midpoint=true | below_PDH=true | dayBrokePDH=false,2026.03.02 02:10:55; 2026.03.02 17:10:00; 2026.03.02 20:20:33; 2026.04.20 03:10:13; 2026.04.20 15:30:01; 2026.05.11 15:43:32; 2026.06.01 02:05:08; 2026.06.02 17:08:40
full,6,102,24,0.83,0.24,0.53,8,2.94,0.11,0.29,75.0,5.18,9,below_ONH=true | below_ONL=true | below_PDH=true | below_PDO=true | below_dayHighSoFar=true | below_dayLowSoFar=true | below_midpoint=true | dayBrokePDH=false | levelTag=dailyDown2,2026.03.19 13:27:01; 2026.03.20 15:11:48; 2026.03.27 14:35:22; 2026.05.12 16:31:21; 2026.05.15 08:00:17; 2026.05.19 16:21:14; 2026.06.22 01:48:50; 2026.06.26 04:38:03
ON,6,109,77,0.93,0.7,0.94,8,2.94,0.11,0.35,75.0,5.19,11,PD_trend=PD_green | above_ONL=true | above_PDL=true | above_PDO=true | above_dayLowSoFar=true | below_ONH=true | below_PDH=true | below_dayHighSoFar=true | dayBrokePDH=false | dayBrokePDL=false | openGap_info=unknown,2026.03.25 01:11:29; 2026.04.27 02:02:34; 2026.05.12 04:10:24; 2026.05.15 04:51:39; 2026.05.21 01:12:01; 2026.06.02 10:03:49; 2026.06.03 01:35:51; 2026.06.24 02:00:53
full,6,109,127,0.85,0.89,0.94,8,2.94,0.11,0.35,75.0,5.19,6,PD_trend=PD_green | below_ONH=true | below_dayHighSoFar=true | dayBrokePDH=false | dayBrokePDL=false | openGap_info=unknown,2026.03.25 01:11:29; 2026.04.27 02:02:34; 2026.05.12 04:10:24; 2026.05.15 04:51:39; 2026.05.21 01:12:01; 2026.06.02 10:03:49; 2026.06.03 01:35:51; 2026.06.24 02:00:53
full,6,109,127,0.85,0.89,0.94,8,2.94,0.11,0.47,75.0,5.17,9,above_ONH=true | above_PDC=true | above_PDL=true | above_dayHighSoFar=true | above_dayLowSoFar=true | above_midpoint=true | dayBrokePDL=false | day_of_week=WED | levelTag=dailyUp1,2026.03.04 11:09:15; 2026.03.11 01:09:31; 2026.04.01 08:29:01; 2026.04.15 16:24:07; 2026.04.22 07:25:08; 2026.05.13 08:19:03; 2026.05.20 14:30:13; 2026.06.24 15:52:07
full,6,101,163,0.68,0.93,0.94,8,2.93,0.08,0.35,75.0,5.2,4,PD_trend=PD_green | above_ONL=true | above_midpoint=true | day_of_week=THU,2026.04.02 16:37:14; 2026.04.23 14:06:32; 2026.04.30 04:32:51; 2026.04.30 14:17:44; 2026.05.07 03:45:49; 2026.05.07 09:08:42; 2026.05.14 01:05:47; 2026.05.21 06:52:42
full,6,110,111,0.97,0.79,0.94,8,2.93,0.11,0.35,75.0,5.16,6,above_ONL=true | above_PDL=true | above_dayLowSoFar=true | below_PDC=true | below_PDH=true | below_dayHighSoFar=true,2026.03.02 19:47:05; 2026.03.09 18:00:41; 2026.03.12 09:41:11; 2026.04.13 16:15:33; 2026.04.30 06:31:03; 2026.05.21 12:30:57; 2026.06.08 03:28:15; 2026.06.09 02:09:00
full,6,110,111,0.97,0.79,0.94,8,2.93,0.07,0.29,75.0,5.35,9,PD_trend=PD_red | below_ONH=true | below_PDC=true | below_PDH=true | below_PDO=true | below_dayHighSoFar=true | below_midpoint=true | dayBrokePDH=false | day_of_week=TUE,2026.03.24 01:17:09; 2026.03.24 14:09:14; 2026.03.31 01:08:36; 2026.05.19 03:21:42; 2026.05.19 11:31:53; 2026.05.19 16:21:08; 2026.06.09 02:09:00; 2026.06.23 03:50:07
full,6,109,127,0.85,0.89,0.94,12,2.93,0.14,0.53,75.0,7.76,8,above_ONL=true | above_PDL=true | above_PDO=true | above_dayLowSoFar=true | below_ONH=true | below_PDH=true | below_dayHighSoFar=true | dayBrokePDH=false,2026.03.03 19:26:47; 2026.03.20 12:05:18; 2026.03.25 01:11:29; 2026.04.27 02:02:34; 2026.05.04 07:19:34; 2026.05.12 04:10:24; 2026.05.15 04:51:39; 2026.05.15 09:14:31; 2026.05.21 01:12:01; 2026.06.02 10:03:49; 2026.06.03 01:35:51; 2026.06.24 02:00:53
full,6,109,127,0.85,0.89,0.94,16,2.93,0.13,0.53,75.0,10.4,4,PD_trend=PD_green | above_midpoint=true | below_PDH=true | dayBrokePDL=false,2026.03.04 11:09:15; 2026.03.04 16:26:21; 2026.03.25 01:11:29; 2026.04.20 03:10:13; 2026.04.20 15:30:00; 2026.04.27 02:02:34; 2026.05.07 03:40:37; 2026.05.11 15:43:29; 2026.05.21 01:12:01; 2026.05.21 06:27:51; 2026.06.01 02:03:13; 2026.06.02 10:03:49; 2026.06.02 17:07:41; 2026.06.24 02:00:53; 2026.06.24 15:52:07; 2026.06.24 16:59:03
full,6,101,163,0.68,0.93,0.94,12,2.92,0.13,0.35,75.0,7.66,4,above_PDO=true | below_PDC=true | dayBrokePDH=false | openGap_info=unknown,2026.03.03 03:22:56; 2026.03.03 08:09:09; 2026.03.04 01:05:31; 2026.03.04 04:31:00; 2026.03.20 10:50:10; 2026.04.07 03:11:46; 2026.04.23 14:06:32; 2026.05.12 03:17:07; 2026.05.13 01:22:31; 2026.05.15 03:25:32; 2026.06.02 02:26:15; 2026.06.05 02:01:24
ON,6,101,116,0.73,0.83,0.94,12,2.92,0.13,0.35,75.0,7.66,4,above_PDO=true | below_PDC=true | dayBrokePDH=false | openGap_info=unknown,2026.03.03 03:22:56; 2026.03.03 08:09:09; 2026.03.04 01:05:31; 2026.03.04 04:31:00; 2026.03.20 10:50:10; 2026.04.07 03:11:46; 2026.04.23 14:06:32; 2026.05.12 03:17:07; 2026.05.13 01:22:31; 2026.05.15 03:25:32; 2026.06.02 02:26:15; 2026.06.05 02:01:24
full,6,101,163,0.68,0.93,0.94,12,2.92,0.13,0.35,75.0,7.65,4,above_PDO=true | below_PDC=true | dayBrokePDH=false | dayBrokePDL=false,2026.03.03 03:22:56; 2026.03.03 08:09:09; 2026.03.04 01:05:31; 2026.03.04 04:31:00; 2026.03.20 10:50:10; 2026.04.07 03:11:46; 2026.04.20 15:30:01; 2026.05.12 03:17:07; 2026.05.13 01:22:31; 2026.05.15 03:25:32; 2026.06.02 02:26:15; 2026.06.05 02:01:24
ON,6,101,116,0.73,0.83,0.94,12,2.92,0.13,0.35,75.0,7.65,4,above_PDO=true | below_PDC=true | dayBrokePDH=false | dayBrokePDL=false,2026.03.03 03:22:56; 2026.03.03 08:09:09; 2026.03.04 01:05:31; 2026.03.04 04:31:00; 2026.03.20 10:50:10; 2026.04.07 03:11:46; 2026.04.20 15:30:01; 2026.05.12 03:17:07; 2026.05.13 01:22:31; 2026.05.15 03:25:32; 2026.06.02 02:26:15; 2026.06.05 02:01:24
full,6,101,163,0.68,0.93,0.94,8,2.92,0.11,0.29,75.0,5.1,10,PD_trend=PD_green | above_PDL=true | above_PDO=true | below_ONH=true | below_ONL=true | below_PDC=true | below_PDH=true | below_dayHighSoFar=true | below_midpoint=true | dayBrokePDL=false,2026.03.20 10:50:10; 2026.04.07 03:11:46; 2026.04.10 19:30:43; 2026.05.07 19:28:32; 2026.05.12 03:17:07; 2026.05.15 03:25:32; 2026.06.02 02:26:15; 2026.06.05 02:01:24
full,6,100,71,0.91,0.54,0.88,8,2.91,0.09,0.41,75.0,5.24,8,below_ONH=true | below_ONL=true | below_PDC=true | below_PDH=true | below_dayHighSoFar=true | below_dayLowSoFar=true | below_midpoint=true | day_of_week=WED,2026.03.04 04:21:41; 2026.04.29 15:31:00; 2026.05.20 02:14:09; 2026.05.27 17:44:45; 2026.06.03 15:47:42; 2026.06.10 07:19:42; 2026.06.10 13:06:14; 2026.06.24 21:07:15
ON,6,109,77,0.93,0.7,0.94,8,2.91,0.09,0.29,75.0,5.12,11,PD_trend=PD_green | above_ONL=true | above_PDL=true | above_PDO=true | above_dayLowSoFar=true | below_ONH=true | below_PDC=true | below_PDH=true | below_dayHighSoFar=true | dayBrokePDH=false | openGap_info=unknown,2026.03.20 12:05:18; 2026.04.27 02:02:34; 2026.05.12 04:10:24; 2026.05.15 04:51:39; 2026.05.15 09:14:31; 2026.05.21 01:12:01; 2026.06.02 10:03:49; 2026.06.03 01:35:51
full,6,109,127,0.85,0.89,0.94,8,2.91,0.09,0.29,75.0,5.12,5,above_PDO=true | below_ONH=true | below_PDC=true | below_dayHighSoFar=true | openGap_info=unknown,2026.03.20 12:05:18; 2026.04.27 02:02:34; 2026.05.12 04:10:24; 2026.05.15 04:51:39; 2026.05.15 09:14:31; 2026.05.21 01:12:01; 2026.06.02 10:03:49; 2026.06.03 01:35:51
full,6,109,127,0.85,0.89,0.94,8,2.91,0.11,0.35,75.0,5.11,8,PD_trend=PD_green | above_ONL=true | above_PDL=true | above_PDO=true | above_dayLowSoFar=true | below_PDC=true | below_PDH=true | dayBrokePDL=false,2026.03.05 16:40:23; 2026.04.20 15:30:00; 2026.04.27 02:02:34; 2026.05.12 04:10:24; 2026.05.15 04:51:39; 2026.05.21 01:12:01; 2026.06.02 10:03:49; 2026.06.03 01:35:51
full,6,109,127,0.85,0.89,0.94,8,2.9,0.05,0.24,75.0,5.0,7,PD_trend=PD_green | above_ONH=true | above_PDL=true | above_dayHighSoFar=true | above_dayLowSoFar=true | above_midpoint=true | day_of_week=MON,2026.03.02 02:10:54; 2026.03.02 17:09:52; 2026.03.02 20:20:33; 2026.04.20 03:10:13; 2026.04.20 15:30:00; 2026.05.11 15:43:29; 2026.05.11 19:45:32; 2026.06.01 02:03:13
full,6,109,127,0.85,0.89,0.94,12,2.9,0.14,0.41,75.0,7.63,8,PD_trend=PD_green | above_ONL=true | above_PDL=true | above_PDO=true | above_dayLowSoFar=true | below_PDC=true | below_PDH=true | dayBrokePDH=false,2026.03.02 17:09:52; 2026.03.03 19:26:47; 2026.03.20 12:05:18; 2026.04.20 15:30:00; 2026.04.23 14:06:32; 2026.04.27 02:02:34; 2026.05.12 04:10:24; 2026.05.15 04:51:39; 2026.05.15 09:14:31; 2026.05.21 01:12:01; 2026.06.02 10:03:49; 2026.06.03 01:35:51
ON,6,109,77,0.93,0.7,0.94,8,2.89,0.11,0.35,75.0,5.07,8,above_ONL=true | above_PDL=true | above_dayLowSoFar=true | below_PDC=true | below_PDH=true | dayBrokePDH=false | dayBrokePDL=false | openGap_info=unknown,2026.03.24 01:41:08; 2026.04.20 03:10:13; 2026.04.27 02:02:34; 2026.05.12 04:10:24; 2026.05.15 04:51:39; 2026.05.21 01:12:01; 2026.06.02 10:03:49; 2026.06.03 01:35:51
full,6,109,127,0.85,0.89,0.94,8,2.89,0.11,0.35,75.0,5.07,8,above_ONL=true | above_PDL=true | above_dayLowSoFar=true | below_PDC=true | below_PDH=true | dayBrokePDH=false | dayBrokePDL=false | openGap_info=unknown,2026.03.24 01:41:08; 2026.04.20 03:10:13; 2026.04.27 02:02:34; 2026.05.12 04:10:24; 2026.05.15 04:51:39; 2026.05.21 01:12:01; 2026.06.02 10:03:49; 2026.06.03 01:35:51
ON,6,109,77,0.93,0.7,0.94,16,2.89,0.18,0.59,75.0,10.24,7,PD_trend=PD_green | above_ONL=true | above_PDL=true | above_PDO=true | above_dayLowSoFar=true | below_PDH=true | dayBrokePDH=false,2026.03.04 11:09:15; 2026.03.20 12:05:18; 2026.03.25 01:11:29; 2026.04.20 15:30:00; 2026.04.23 14:06:32; 2026.04.27 02:02:34; 2026.05.07 03:40:37; 2026.05.12 04:10:24; 2026.05.15 04:51:39; 2026.05.15 09:14:31; 2026.05.21 01:12:01; 2026.05.21 06:27:51; 2026.06.01 02:03:13; 2026.06.02 10:03:49; 2026.06.03 01:35:51; 2026.06.24 02:00:53
full,6,109,127,0.85,0.89,0.94,8,2.88,0.11,0.29,75.0,5.16,6,above_ONL=true | above_PDL=true | above_dayLowSoFar=true | below_PDH=true | dayBrokePDH=false | levelTag=weeklyPivot,2026.03.02 17:09:52; 2026.03.04 16:26:21; 2026.03.24 01:41:08; 2026.03.30 10:31:58; 2026.03.31 03:32:46; 2026.04.20 15:30:00; 2026.04.24 01:34:41; 2026.06.23 02:44:26
ON,6,106,25,0.55,0.32,0.82,8,2.88,0.11,0.35,75.0,5.14,10,below_ONH=true | below_ONL=true | below_PDC=true | below_PDH=true | below_PDO=true | below_dayHighSoFar=true | below_dayLowSoFar=true | below_midpoint=true | levelTag=weeklyPivot | openGap_info=unknown,2026.03.24 01:17:22; 2026.03.26 03:37:06; 2026.04.28 13:39:53; 2026.04.29 14:34:22; 2026.05.04 12:03:39; 2026.05.12 09:05:03; 2026.06.01 15:12:38; 2026.06.10 07:19:42
full,6,106,44,0.46,0.42,0.82,8,2.88,0.11,0.35,75.0,5.14,10,below_ONH=true | below_ONL=true | below_PDC=true | below_PDH=true | below_PDO=true | below_dayHighSoFar=true | below_dayLowSoFar=true | below_midpoint=true | levelTag=weeklyPivot | openGap_info=unknown,2026.03.24 01:17:22; 2026.03.26 03:37:06; 2026.04.28 13:39:53; 2026.04.29 14:34:22; 2026.05.04 12:03:39; 2026.05.12 09:05:03; 2026.06.01 15:12:38; 2026.06.10 07:19:42
full,6,101,163,0.68,0.93,0.94,12,2.88,0.12,0.53,75.0,7.73,4,above_PDC=true | above_midpoint=true | below_PDH=true | day_of_week=THU,2026.03.19 03:35:33; 2026.04.02 16:37:14; 2026.04.09 17:32:37; 2026.04.30 04:32:51; 2026.05.07 03:45:49; 2026.05.21 06:52:42; 2026.05.28 16:13:59; 2026.06.04 17:17:06; 2026.06.04 21:29:32; 2026.06.11 03:12:36; 2026.06.11 10:02:49; 2026.06.11 19:31:08
ON,6,109,77,0.93,0.7,0.94,8,2.88,0.09,0.29,75.0,5.04,8,PD_trend=PD_green | above_ONL=true | above_PDL=true | above_dayLowSoFar=true | below_PDC=true | below_PDH=true | dayBrokePDH=false | dayBrokePDL=false,2026.04.20 03:10:13; 2026.04.20 15:30:00; 2026.04.27 02:02:34; 2026.05.12 04:10:24; 2026.05.15 04:51:39; 2026.05.21 01:12:01; 2026.06.02 10:03:49; 2026.06.03 01:35:51
full,6,109,127,0.85,0.89,0.94,8,2.88,0.09,0.29,75.0,5.04,4,PD_trend=PD_green | below_PDC=true | dayBrokePDH=false | dayBrokePDL=false,2026.04.20 03:10:13; 2026.04.20 15:30:00; 2026.04.27 02:02:34; 2026.05.12 04:10:24; 2026.05.15 04:51:39; 2026.05.21 01:12:01; 2026.06.02 10:03:49; 2026.06.03 01:35:51
ON,6,109,77,0.93,0.7,0.94,16,2.88,0.2,0.59,75.0,10.17,4,PD_trend=PD_green | above_PDO=true | dayBrokePDH=false | dayBrokePDL=false,2026.03.04 11:09:15; 2026.03.10 08:32:00; 2026.03.25 01:11:29; 2026.04.20 15:30:00; 2026.04.27 02:02:34; 2026.05.07 03:40:37; 2026.05.12 04:10:24; 2026.05.13 08:19:03; 2026.05.14 01:05:40; 2026.05.15 04:51:39; 2026.05.21 01:12:01; 2026.05.21 06:27:51; 2026.06.01 02:03:13; 2026.06.02 10:03:49; 2026.06.03 01:35:51; 2026.06.24 02:00:53
full,6,101,163,0.68,0.93,0.94,12,2.88,0.12,0.53,75.0,7.71,6,above_ONH=true | above_PDC=true | above_dayHighSoFar=true | above_midpoint=true | dayBrokePDH=false | day_of_week=THU,2026.03.19 03:35:33; 2026.04.02 16:37:14; 2026.04.09 17:32:37; 2026.05.07 03:45:49; 2026.05.14 01:05:47; 2026.05.21 06:52:42; 2026.05.28 16:13:59; 2026.06.04 17:17:06; 2026.06.04 21:29:32; 2026.06.11 03:12:36; 2026.06.11 10:02:49; 2026.06.11 19:31:08
full,6,109,127,0.85,0.89,0.94,16,2.87,0.2,0.59,75.0,10.13,4,PD_trend=PD_green | dayBrokePDH=false | dayBrokePDL=false | openGap_info=unknown,2026.03.04 11:09:15; 2026.03.10 08:32:00; 2026.03.25 01:11:29; 2026.04.20 03:10:13; 2026.04.27 02:02:34; 2026.05.07 03:40:37; 2026.05.12 04:10:24; 2026.05.13 08:19:03; 2026.05.14 01:05:40; 2026.05.15 04:51:39; 2026.05.21 01:12:01; 2026.05.21 06:27:51; 2026.06.01 02:03:13; 2026.06.02 10:03:49; 2026.06.03 01:35:51; 2026.06.24 02:00:53
ON,6,109,77,0.93,0.7,0.94,16,2.87,0.2,0.59,75.0,10.13,4,PD_trend=PD_green | dayBrokePDH=false | dayBrokePDL=false | openGap_info=unknown,2026.03.04 11:09:15; 2026.03.10 08:32:00; 2026.03.25 01:11:29; 2026.04.20 03:10:13; 2026.04.27 02:02:34; 2026.05.07 03:40:37; 2026.05.12 04:10:24; 2026.05.13 08:19:03; 2026.05.14 01:05:40; 2026.05.15 04:51:39; 2026.05.21 01:12:01; 2026.05.21 06:27:51; 2026.06.01 02:03:13; 2026.06.02 10:03:49; 2026.06.03 01:35:51; 2026.06.24 02:00:53
full,6,110,111,0.97,0.79,0.94,12,2.87,0.13,0.41,75.0,7.62,4,above_PDO=true | below_ONH=true | below_PDH=true | dayBrokePDH=true,2026.03.05 02:55:55; 2026.03.05 15:13:30; 2026.04.10 18:41:46; 2026.04.21 15:31:24; 2026.04.28 07:35:32; 2026.04.30 01:20:48; 2026.05.01 10:43:19; 2026.05.06 02:16:46; 2026.05.07 18:12:33; 2026.05.07 19:26:02; 2026.05.21 12:30:57; 2026.06.12 09:04:11
RTH-afterIB,6,101,28,0.65,0.33,0.88,8,2.86,0.09,0.35,75.0,5.22,13,above_IBH=true | above_IBL=true | above_ONH=true | above_ONL=true | above_PDL=true | above_PDO=true | above_RTHH=true | above_RTHL=true | above_dayHighSoFar=true | above_dayLowSoFar=true | above_midpoint=true | below_PDH=true | dayBrokePDH=false,2026.03.02 17:10:00; 2026.03.02 20:20:33; 2026.04.02 16:37:14; 2026.04.09 17:32:37; 2026.04.13 18:33:19; 2026.06.02 17:08:40; 2026.06.04 21:29:32; 2026.06.24 16:59:04
full,6,109,127,0.85,0.89,0.94,28,2.86,0.28,0.71,75.0,17.83,6,PD_trend=PD_green | above_ONL=true | above_PDL=true | above_PDO=true | above_dayLowSoFar=true | dayBrokePDH=false,2026.03.02 17:09:52; 2026.03.02 20:20:33; 2026.03.03 19:26:47; 2026.03.04 11:09:15; 2026.03.04 16:26:21; 2026.03.10 08:32:00; 2026.03.20 12:05:18; 2026.03.25 01:11:29; 2026.04.02 16:37:13; 2026.04.20 15:30:00; 2026.04.23 14:06:32; 2026.04.27 02:02:34; 2026.05.07 03:40:37; 2026.05.11 15:43:29; 2026.05.12 04:10:24; 2026.05.13 08:19:03; 2026.05.14 01:05:40; 2026.05.15 04:51:39; 2026.05.15 09:14:31; 2026.05.21 01:12:01; 2026.05.21 06:27:51; 2026.06.01 02:03:13; 2026.06.02 10:03:49; 2026.06.02 17:07:41; 2026.06.03 01:35:51; 2026.06.24 02:00:53; 2026.06.24 15:52:07; 2026.06.24 16:59:03
full,6,100,71,0.91,0.54,0.88,8,2.86,0.05,0.24,75.0,5.14,11,PD_trend=PD_red | below_ONH=true | below_ONL=true | below_PDC=true | below_PDH=true | below_PDO=true | below_dayHighSoFar=true | below_dayLowSoFar=true | below_midpoint=true | dayBrokePDH=false | day_of_week=TUE,2026.03.24 01:17:22; 2026.03.24 14:09:17; 2026.03.31 01:08:37; 2026.05.19 03:21:45; 2026.05.19 11:32:00; 2026.05.19 16:21:14; 2026.06.23 03:50:15; 2026.06.23 06:43:21
ON,6,110,75,0.87,0.63,0.94,8,2.85,0.11,0.47,75.0,5.23,10,above_PDL=true | below_ONH=true | below_PDC=true | below_PDH=true | below_PDO=true | below_dayHighSoFar=true | below_midpoint=true | dayBrokePDL=false | levelTag=dailyPivot | openGap_info=unknown,2026.03.06 10:26:15; 2026.03.11 10:04:36; 2026.04.02 03:03:47; 2026.04.09 03:22:34; 2026.04.30 06:31:03; 2026.05.19 03:21:42; 2026.05.28 05:32:30; 2026.06.09 02:09:00
full,6,110,111,0.97,0.79,0.94,8,2.85,0.11,0.47,75.0,5.23,5,below_PDO=true | below_midpoint=true | dayBrokePDL=false | levelTag=dailyPivot | openGap_info=unknown,2026.03.06 10:26:15; 2026.03.11 10:04:36; 2026.04.02 03:03:47; 2026.04.09 03:22:34; 2026.04.30 06:31:03; 2026.05.19 03:21:42; 2026.05.28 05:32:30; 2026.06.09 02:09:00
RTH-afterIB,6,101,28,0.65,0.33,0.88,8,2.85,0.08,0.29,75.0,5.17,13,above_IBH=true | above_IBL=true | above_ONH=true | above_ONL=true | above_PDL=true | above_RTHH=true | above_RTHL=true | above_dayHighSoFar=true | above_dayLowSoFar=true | above_midpoint=true | below_PDH=true | dayBrokePDH=false | openGap_info=gapDown_Day,2026.03.02 17:10:00; 2026.03.02 20:20:33; 2026.04.02 16:37:14; 2026.04.09 17:32:37; 2026.04.13 18:33:19; 2026.06.02 17:08:40; 2026.06.04 17:17:06; 2026.06.04 21:29:32
full,6,103,55,0.87,0.45,0.82,8,2.84,0.08,0.35,75.0,5.35,11,above_ONH=true | above_ONL=true | above_PDC=true | above_PDL=true | above_PDO=true | above_dayHighSoFar=true | above_dayLowSoFar=true | above_midpoint=true | below_PDH=true | dayBrokePDH=false | openGap_info=gapDown_Day,2026.03.02 20:20:33; 2026.03.09 20:20:28; 2026.03.09 20:29:47; 2026.03.09 20:38:09; 2026.04.13 18:33:19; 2026.05.11 15:43:32; 2026.05.28 16:13:59; 2026.06.02 17:08:40
full,6,103,55,0.87,0.45,0.82,8,2.84,0.05,0.24,75.0,5.35,8,above_ONH=true | above_PDL=true | above_PDO=true | above_dayHighSoFar=true | above_dayLowSoFar=true | above_midpoint=true | dayBrokePDL=true | openGap_info=gapDown_Day,2026.03.02 17:10:00; 2026.03.02 20:20:33; 2026.03.09 20:20:28; 2026.03.09 20:29:47; 2026.03.09 20:38:09; 2026.04.13 18:33:19; 2026.04.13 21:27:22; 2026.05.28 16:13:59
full,6,103,55,0.87,0.45,0.82,8,2.84,0.07,0.29,75.0,5.34,4,above_PDC=true | above_PDO=true | below_PDH=true | dayBrokePDL=true,2026.03.02 20:20:33; 2026.03.09 20:20:28; 2026.03.09 20:29:47; 2026.03.09 20:38:09; 2026.04.06 02:23:08; 2026.04.06 04:21:30; 2026.04.13 18:33:19; 2026.05.28 16:13:59
full,6,109,127,0.85,0.89,0.94,12,2.83,0.09,0.41,75.0,7.74,6,above_ONL=true | above_PDL=true | above_dayLowSoFar=true | below_PDH=true | dayBrokePDL=false | day_of_week=WED,2026.03.04 11:09:15; 2026.03.04 16:26:21; 2026.03.11 01:09:31; 2026.03.25 01:11:29; 2026.03.25 16:22:06; 2026.04.22 07:25:08; 2026.05.20 01:33:48; 2026.05.20 14:30:13; 2026.06.03 01:35:51; 2026.06.24 02:00:53; 2026.06.24 15:52:07; 2026.06.24 16:59:03
full,6,109,127,0.85,0.89,0.94,16,2.83,0.17,0.53,75.0,10.2,8,PD_trend=PD_green | above_ONL=true | above_PDC=true | above_PDL=true | above_PDO=true | above_dayLowSoFar=true | above_midpoint=true | dayBrokePDH=false,2026.03.02 20:20:33; 2026.03.04 11:09:15; 2026.03.04 16:26:21; 2026.03.10 08:32:00; 2026.03.25 01:11:29; 2026.04.02 16:37:13; 2026.05.07 03:40:37; 2026.05.11 15:43:29; 2026.05.13 08:19:03; 2026.05.14 01:05:40; 2026.05.21 06:27:51; 2026.06.01 02:03:13; 2026.06.02 17:07:41; 2026.06.24 02:00:53; 2026.06.24 15:52:07; 2026.06.24 16:59:03
full,6,103,55,0.87,0.45,0.82,8,2.83,0.07,0.29,75.0,5.31,6,above_ONL=true | above_PDO=true | below_PDH=true | dayBrokePDH=false | day_of_week=MON | openGap_info=gapDown_Day,2026.03.02 17:10:00; 2026.03.02 20:20:33; 2026.03.09 20:20:28; 2026.03.09 20:29:47; 2026.03.09 20:38:09; 2026.04.13 18:33:19; 2026.04.20 15:30:01; 2026.05.11 15:43:32
full,6,103,55,0.87,0.45,0.82,8,2.83,0.05,0.24,75.0,5.31,4,above_PDO=true | below_PDH=true | dayBrokePDL=true | day_of_week=MON,2026.03.02 17:10:00; 2026.03.02 20:20:33; 2026.03.09 20:20:28; 2026.03.09 20:29:47; 2026.03.09 20:38:09; 2026.04.06 02:23:08; 2026.04.06 04:21:30; 2026.04.13 18:33:19
ON,6,109,77,0.93,0.7,0.94,8,2.82,0.09,0.29,75.0,5.0,9,PD_trend=PD_green | above_ONH=true | above_ONL=true | above_PDL=true | above_dayHighSoFar=true | above_dayLowSoFar=true | above_midpoint=true | below_PDH=true | dayBrokePDH=false,2026.03.02 02:10:54; 2026.03.04 11:09:15; 2026.04.20 03:10:13; 2026.04.20 15:30:00; 2026.04.23 14:06:32; 2026.05.07 03:40:37; 2026.05.21 06:27:51; 2026.06.01 02:03:13
full,6,109,127,0.85,0.89,0.94,12,2.82,0.13,0.41,75.0,7.53,5,PD_trend=PD_green | above_PDL=true | below_PDC=true | dayBrokePDH=false | openGap_info=unknown,2026.03.02 02:10:54; 2026.03.20 12:05:18; 2026.04.20 03:10:13; 2026.04.23 02:19:20; 2026.04.23 14:06:32; 2026.04.27 02:02:34; 2026.05.12 04:10:24; 2026.05.15 04:51:39; 2026.05.15 09:14:31; 2026.05.21 01:12:01; 2026.06.02 10:03:49; 2026.06.03 01:35:51
ON,6,109,77,0.93,0.7,0.94,12,2.82,0.13,0.41,75.0,7.53,5,PD_trend=PD_green | above_PDL=true | below_PDC=true | dayBrokePDH=false | openGap_info=unknown,2026.03.02 02:10:54; 2026.03.20 12:05:18; 2026.04.20 03:10:13; 2026.04.23 02:19:20; 2026.04.23 14:06:32; 2026.04.27 02:02:34; 2026.05.12 04:10:24; 2026.05.15 04:51:39; 2026.05.15 09:14:31; 2026.05.21 01:12:01; 2026.06.02 10:03:49; 2026.06.03 01:35:51
full,6,109,127,0.85,0.89,0.94,16,2.81,0.14,0.47,75.0,10.08,9,PD_trend=PD_green | above_ONH=true | above_ONL=true | above_PDL=true | above_dayHighSoFar=true | above_dayLowSoFar=true | above_midpoint=true | below_PDH=true | dayBrokePDH=false,2026.03.02 02:10:54; 2026.03.02 17:09:52; 2026.03.02 20:20:33; 2026.03.04 11:09:15; 2026.03.04 16:26:21; 2026.04.02 16:37:13; 2026.04.20 03:10:13; 2026.04.20 15:30:00; 2026.04.23 14:06:32; 2026.05.07 03:40:37; 2026.05.11 15:43:29; 2026.05.21 06:27:51; 2026.06.01 02:03:13; 2026.06.02 17:07:41; 2026.06.24 15:52:07; 2026.06.24 16:59:03
ON,6,109,77,0.93,0.7,0.94,16,2.81,0.18,0.59,75.0,10.04,4,PD_trend=PD_green | above_midpoint=true | dayBrokePDH=false | openGap_info=unknown,2026.03.02 02:10:54; 2026.03.04 11:09:15; 2026.03.10 08:32:00; 2026.03.25 01:11:29; 2026.04.20 03:10:13; 2026.04.23 02:19:20; 2026.04.23 14:06:32; 2026.04.27 02:02:34; 2026.05.07 03:40:37; 2026.05.13 08:19:03; 2026.05.14 01:05:40; 2026.05.21 01:12:01; 2026.05.21 06:27:51; 2026.06.01 02:03:13; 2026.06.02 10:03:49; 2026.06.24 02:00:53
full,6,109,127,0.85,0.89,0.94,16,2.81,0.18,0.59,75.0,10.04,4,PD_trend=PD_green | above_midpoint=true | dayBrokePDH=false | openGap_info=unknown,2026.03.02 02:10:54; 2026.03.04 11:09:15; 2026.03.10 08:32:00; 2026.03.25 01:11:29; 2026.04.20 03:10:13; 2026.04.23 02:19:20; 2026.04.23 14:06:32; 2026.04.27 02:02:34; 2026.05.07 03:40:37; 2026.05.13 08:19:03; 2026.05.14 01:05:40; 2026.05.21 01:12:01; 2026.05.21 06:27:51; 2026.06.01 02:03:13; 2026.06.02 10:03:49; 2026.06.24 02:00:53
full,6,109,127,0.85,0.89,0.94,8,2.8,0.05,0.24,75.0,5.2,6,PD_trend=PD_green | above_ONL=true | above_PDO=true | below_PDH=true | dayBrokePDL=false | day_of_week=WED,2026.03.04 11:09:15; 2026.03.04 16:26:21; 2026.03.25 01:11:29; 2026.03.25 16:22:06; 2026.06.03 01:35:51; 2026.06.24 02:00:53; 2026.06.24 15:52:07; 2026.06.24 16:59:03
full,6,101,163,0.68,0.93,0.94,12,2.8,0.11,0.47,75.0,7.58,6,above_ONL=true | above_PDL=true | above_dayLowSoFar=true | above_midpoint=true | day_of_week=THU | openGap_info=unknown,2026.03.19 03:35:33; 2026.03.26 01:02:52; 2026.04.23 14:06:32; 2026.04.30 04:32:51; 2026.04.30 14:17:44; 2026.05.07 03:45:49; 2026.05.07 09:08:42; 2026.05.14 01:05:47; 2026.05.21 06:52:42; 2026.06.11 02:17:18; 2026.06.11 03:12:36; 2026.06.11 10:02:49
ON,6,101,116,0.73,0.83,0.94,12,2.8,0.11,0.47,75.0,7.58,6,above_ONL=true | above_PDL=true | above_dayLowSoFar=true | above_midpoint=true | day_of_week=THU | openGap_info=unknown,2026.03.19 03:35:33; 2026.03.26 01:02:52; 2026.04.23 14:06:32; 2026.04.30 04:32:51; 2026.04.30 14:17:44; 2026.05.07 03:45:49; 2026.05.07 09:08:42; 2026.05.14 01:05:47; 2026.05.21 06:52:42; 2026.06.11 02:17:18; 2026.06.11 03:12:36; 2026.06.11 10:02:49
full,6,107,67,0.78,0.66,0.71,8,2.79,0.11,0.41,75.0,5.04,6,PD_trend=PD_green | above_ONL=true | above_PDL=true | above_dayLowSoFar=true | below_PDC=true | below_PDH=true,2026.03.02 17:10:00; 2026.03.03 09:18:00; 2026.03.10 01:46:06; 2026.04.03 08:56:37; 2026.04.15 07:26:03; 2026.04.20 15:30:01; 2026.04.30 06:12:59; 2026.05.12 09:06:48
full,6,103,55,0.87,0.45,0.82,8,2.79,0.05,0.24,75.0,5.29,10,above_ONH=true | above_ONL=true | above_PDL=true | above_dayHighSoFar=true | above_dayLowSoFar=true | above_midpoint=true | below_PDH=true | dayBrokePDH=false | dayBrokePDL=true | openGap_info=gapDown_Day,2026.03.02 17:10:00; 2026.03.02 20:20:33; 2026.03.09 17:26:08; 2026.03.09 20:20:28; 2026.03.09 20:29:47; 2026.03.09 20:38:09; 2026.04.13 18:33:19; 2026.05.28 16:13:59
full,6,109,127,0.85,0.89,0.94,8,2.78,0.07,0.29,75.0,5.12,7,PD_trend=PD_green | above_ONL=true | above_PDL=true | above_dayLowSoFar=true | above_midpoint=true | day_of_week=THU | openGap_info=unknown,2026.04.23 02:19:20; 2026.04.23 14:06:32; 2026.04.30 14:17:24; 2026.05.07 03:40:37; 2026.05.07 09:08:00; 2026.05.14 01:05:40; 2026.05.21 01:12:01; 2026.05.21 06:27:51
ON,6,109,77,0.93,0.7,0.94,8,2.78,0.07,0.29,75.0,5.12,7,PD_trend=PD_green | above_ONL=true | above_PDL=true | above_dayLowSoFar=true | above_midpoint=true | day_of_week=THU | openGap_info=unknown,2026.04.23 02:19:20; 2026.04.23 14:06:32; 2026.04.30 14:17:24; 2026.05.07 03:40:37; 2026.05.07 09:08:00; 2026.05.14 01:05:40; 2026.05.21 01:12:01; 2026.05.21 06:27:51
RTH-afterIB,6,103,20,1.21,0.18,0.59,8,2.78,0.05,0.24,75.0,5.26,13,above_IBH=true | above_IBL=true | above_ONH=true | above_ONL=true | above_PDL=true | above_RTHH=true | above_RTHL=true | above_dayHighSoFar=true | above_dayLowSoFar=true | above_midpoint=true | below_PDH=true | dayBrokePDH=false | openGap_info=gapDown_Day,2026.03.02 17:10:00; 2026.03.02 20:20:33; 2026.03.09 17:26:08; 2026.03.09 20:20:28; 2026.03.09 20:29:47; 2026.03.09 20:38:09; 2026.04.13 18:33:19; 2026.06.02 17:08:40
full,6,100,71,0.91,0.54,0.88,15,2.77,0.2,0.59,73.33,9.37,8,below_ONH=true | below_ONL=true | below_PDH=true | below_PDO=true | below_dayHighSoFar=true | below_dayLowSoFar=true | below_midpoint=true | levelTag=dailyDown2,2026.03.06 14:51:38; 2026.03.12 14:55:52; 2026.03.19 13:27:01; 2026.03.20 15:11:48; 2026.03.26 10:30:13; 2026.03.27 14:35:22; 2026.04.02 03:30:23; 2026.04.23 02:15:58; 2026.05.12 16:31:21; 2026.05.19 16:21:14; 2026.06.09 17:31:35; 2026.06.10 13:06:14; 2026.06.22 01:48:50; 2026.06.23 03:50:15; 2026.06.26 04:38:03
RTH-afterIB,6,109,30,0.94,0.32,0.76,8,2.77,0.08,0.35,75.0,5.0,5,above_PDL=true | above_RTHL=true | above_dayLowSoFar=true | dayBrokePDL=false | openGap_info=gapDown_Day,2026.03.05 16:40:23; 2026.03.05 18:38:00; 2026.03.10 18:27:32; 2026.04.09 17:32:37; 2026.04.09 18:03:17; 2026.05.11 19:45:32; 2026.05.21 19:51:28; 2026.06.02 17:07:41
full,6,110,111,0.97,0.79,0.94,11,2.77,0.12,0.53,72.73,7.12,3,above_PDL=true | below_dayHighSoFar=true | day_of_week=MON,2026.03.02 19:47:05; 2026.03.09 18:00:41; 2026.03.09 20:36:07; 2026.03.23 12:46:59; 2026.03.23 17:29:41; 2026.04.13 16:15:33; 2026.05.04 12:03:39; 2026.05.11 16:31:41; 2026.06.01 15:12:31; 2026.06.08 03:28:15; 2026.06.22 15:43:03
ON,6,109,77,0.93,0.7,0.94,8,2.76,0.08,0.29,75.0,4.95,8,PD_trend=PD_green | above_ONL=true | above_PDL=true | above_dayLowSoFar=true | above_midpoint=true | below_PDC=true | below_PDH=true | dayBrokePDH=false,2026.03.02 02:10:54; 2026.04.20 03:10:13; 2026.04.20 15:30:00; 2026.04.23 02:19:20; 2026.04.23 14:06:32; 2026.04.27 02:02:34; 2026.05.21 01:12:01; 2026.06.02 10:03:49
full,6,110,111,0.97,0.79,0.94,11,2.76,0.11,0.47,72.73,7.11,4,above_ONL=true | above_dayLowSoFar=true | below_dayHighSoFar=true | day_of_week=MON,2026.03.02 19:47:05; 2026.03.09 11:14:20; 2026.03.09 18:00:41; 2026.03.09 20:36:07; 2026.03.23 12:46:59; 2026.03.23 17:29:41; 2026.04.13 16:15:33; 2026.05.11 16:31:41; 2026.05.18 01:07:32; 2026.06.08 03:28:15; 2026.06.22 15:43:03
full,6,110,111,0.97,0.79,0.94,15,2.75,0.13,0.59,73.33,9.41,7,below_ONH=true | below_PDC=true | below_PDH=true | below_PDO=true | below_dayHighSoFar=true | below_midpoint=true | day_of_week=TUE,2026.03.24 01:17:09; 2026.03.24 14:09:14; 2026.03.31 01:08:36; 2026.04.07 14:07:02; 2026.04.07 17:05:57; 2026.04.21 17:03:24; 2026.04.28 13:10:01; 2026.05.12 09:02:33; 2026.05.12 16:31:18; 2026.05.19 03:21:42; 2026.05.19 11:31:53; 2026.05.19 16:21:08; 2026.05.26 02:06:59; 2026.06.09 02:09:00; 2026.06.23 03:50:07
full,6,116,25,0.95,0.29,0.76,6,2.75,0.08,0.35,83.33,4.29,9,above_ONH=true | above_ONL=true | above_PDL=true | above_PDO=true | above_dayHighSoFar=true | above_dayLowSoFar=true | above_midpoint=true | dayBrokePDH=false | day_of_week=MON,2026.03.02 17:10:00; 2026.03.09 20:29:47; 2026.03.23 12:08:29; 2026.04.06 04:21:30; 2026.04.13 18:33:19; 2026.04.20 15:30:01
full,6,109,127,0.85,0.89,0.94,8,2.75,0.08,0.35,75.0,5.11,4,above_ONL=true | above_midpoint=true | dayBrokePDL=false | day_of_week=THU,2026.03.19 03:35:28; 2026.04.09 17:32:37; 2026.04.30 14:17:24; 2026.05.07 03:40:37; 2026.05.07 09:08:00; 2026.05.14 01:05:40; 2026.05.21 01:12:01; 2026.05.21 06:27:51
full,6,109,127,0.85,0.89,0.94,8,2.75,0.08,0.35,75.0,5.1,4,above_ONL=true | above_PDO=true | dayBrokePDL=false | day_of_week=THU,2026.03.05 16:40:23; 2026.04.09 17:32:37; 2026.04.30 14:17:24; 2026.05.07 03:40:37; 2026.05.07 09:08:00; 2026.05.14 01:05:40; 2026.05.21 01:12:01; 2026.05.21 06:27:51
full,6,101,163,0.68,0.93,0.94,8,2.75,0.08,0.35,75.0,4.96,5,above_ONH=true | above_dayHighSoFar=true | dayBrokePDH=false | day_of_week=THU | openGap_info=unknown,2026.03.19 03:35:33; 2026.04.23 14:06:32; 2026.05.07 03:45:49; 2026.05.14 01:05:47; 2026.05.21 06:52:42; 2026.06.11 02:17:18; 2026.06.11 03:12:36; 2026.06.11 10:02:49
ON,6,101,116,0.73,0.83,0.94,8,2.75,0.08,0.35,75.0,4.96,9,above_ONH=true | above_ONL=true | above_PDL=true | above_dayHighSoFar=true | above_dayLowSoFar=true | above_midpoint=true | dayBrokePDH=false | day_of_week=THU | openGap_info=unknown,2026.03.19 03:35:33; 2026.04.23 14:06:32; 2026.05.07 03:45:49; 2026.05.14 01:05:47; 2026.05.21 06:52:42; 2026.06.11 02:17:18; 2026.06.11 03:12:36; 2026.06.11 10:02:49
full,6,109,127,0.85,0.89,0.94,19,2.73,0.17,0.53,73.68,11.65,4,PD_trend=PD_green | below_PDH=true | dayBrokePDH=false | dayBrokePDL=false,2026.03.04 11:09:15; 2026.03.04 16:26:21; 2026.03.25 01:11:29; 2026.04.20 03:10:13; 2026.04.20 15:30:00; 2026.04.27 02:02:34; 2026.05.07 03:40:37; 2026.05.11 15:43:29; 2026.05.12 04:10:24; 2026.05.15 04:51:39; 2026.05.21 01:12:01; 2026.05.21 06:27:51; 2026.06.01 02:03:13; 2026.06.02 10:03:49; 2026.06.02 17:07:41; 2026.06.03 01:35:51; 2026.06.24 02:00:53; 2026.06.24 15:52:07; 2026.06.24 16:59:03
full,6,114,23,0.9,0.24,0.76,11,2.73,0.13,0.53,72.73,6.81,3,above_dayLowSoFar=true | below_dayHighSoFar=true | openGap_info=gapDown_Day,2026.03.02 19:47:07; 2026.03.02 20:23:42; 2026.03.09 17:29:45; 2026.04.09 17:38:17; 2026.04.23 19:22:43; 2026.05.11 16:31:41; 2026.05.19 16:46:18; 2026.05.21 19:57:59; 2026.06.04 16:35:22; 2026.06.10 17:51:58; 2026.06.26 17:31:21
RTH-afterIB,6,114,23,0.9,0.24,0.76,11,2.73,0.13,0.53,72.73,6.81,3,above_dayLowSoFar=true | below_dayHighSoFar=true | openGap_info=gapDown_Day,2026.03.02 19:47:07; 2026.03.02 20:23:42; 2026.03.09 17:29:45; 2026.04.09 17:38:17; 2026.04.23 19:22:43; 2026.05.11 16:31:41; 2026.05.19 16:46:18; 2026.05.21 19:57:59; 2026.06.04 16:35:22; 2026.06.10 17:51:58; 2026.06.26 17:31:21
full,6,109,127,0.85,0.89,0.94,8,2.73,0.11,0.41,75.0,5.01,7,above_ONL=true | above_PDC=true | above_PDL=true | above_PDO=true | above_dayLowSoFar=true | above_midpoint=true | levelTag=dailyUp2,2026.03.25 01:11:29; 2026.04.17 14:30:00; 2026.04.30 14:17:24; 2026.05.06 10:52:38; 2026.05.20 17:51:12; 2026.05.27 14:22:39; 2026.05.28 16:13:57; 2026.06.04 21:29:19
full,6,110,111,0.97,0.79,0.94,7,2.73,0.07,0.29,71.43,4.61,7,PD_trend=PD_red | above_ONL=true | above_PDL=true | above_dayLowSoFar=true | above_midpoint=true | dayBrokePDL=true | day_of_week=MON,2026.03.09 18:00:41; 2026.03.09 20:36:07; 2026.03.23 12:46:59; 2026.03.23 17:29:41; 2026.04.13 16:15:33; 2026.06.08 03:28:15; 2026.06.22 15:43:03
full,6,110,111,0.97,0.79,0.94,7,2.73,0.05,0.24,71.43,4.61,4,PD_trend=PD_red | above_midpoint=true | below_PDH=true | day_of_week=MON,2026.03.09 11:14:20; 2026.03.09 18:00:41; 2026.03.09 20:36:07; 2026.03.23 12:46:59; 2026.03.23 17:29:41; 2026.04.13 16:15:33; 2026.06.08 03:28:15
full,6,109,127,0.85,0.89,0.94,8,2.72,0.09,0.41,75.0,5.12,7,above_ONL=true | above_PDC=true | above_PDL=true | above_PDO=true | above_dayLowSoFar=true | below_dayHighSoFar=true | dayBrokePDL=false,2026.03.25 01:11:29; 2026.03.25 16:22:06; 2026.04.01 16:53:32; 2026.04.10 16:30:33; 2026.05.04 07:19:34; 2026.05.20 17:51:12; 2026.05.25 09:33:07; 2026.06.24 02:00:53
full,6,109,127,0.85,0.89,0.94,8,2.72,0.09,0.35,75.0,5.12,7,above_ONL=true | above_PDC=true | above_PDL=true | above_dayLowSoFar=true | below_ONH=true | below_dayHighSoFar=true | dayBrokePDL=false,2026.03.25 01:11:29; 2026.03.25 16:22:06; 2026.04.01 16:53:32; 2026.04.10 16:30:33; 2026.05.04 07:19:34; 2026.05.25 09:33:07; 2026.06.23 02:44:26; 2026.06.24 02:00:53
full,6,110,111,0.97,0.79,0.94,7,2.72,0.07,0.29,71.43,4.58,4,above_PDL=true | below_PDH=true | dayBrokePDL=true | day_of_week=MON,2026.03.02 19:47:05; 2026.03.09 18:00:41; 2026.03.09 20:36:07; 2026.03.23 12:46:59; 2026.03.23 17:29:41; 2026.04.13 16:15:33; 2026.06.08 03:28:15
ON,6,109,77,0.93,0.7,0.94,19,2.71,0.22,0.59,73.68,11.49,4,above_PDO=true | above_midpoint=true | dayBrokePDH=false | dayBrokePDL=false,2026.03.04 11:09:15; 2026.03.06 01:11:51; 2026.03.10 08:32:00; 2026.03.11 01:09:31; 2026.03.25 01:11:29; 2026.04.20 15:30:00; 2026.04.27 02:02:34; 2026.05.04 07:19:34; 2026.05.05 14:15:10; 2026.05.07 03:40:37; 2026.05.13 08:19:03; 2026.05.14 01:05:40; 2026.05.20 01:33:48; 2026.05.20 14:30:13; 2026.05.21 01:12:01; 2026.05.21 06:27:51; 2026.06.01 02:03:13; 2026.06.02 10:03:49; 2026.06.24 02:00:53
full,6,107,67,0.78,0.66,0.71,12,2.71,0.12,0.35,75.0,7.53,4,PD_trend=PD_green | below_PDC=true | below_PDH=true | dayBrokePDH=false,2026.03.02 07:44:40; 2026.03.02 17:10:00; 2026.03.03 09:18:00; 2026.03.03 16:23:55; 2026.03.10 01:46:06; 2026.04.02 03:03:52; 2026.04.02 13:28:58; 2026.04.03 08:56:37; 2026.04.07 03:11:46; 2026.04.20 15:30:01; 2026.05.12 09:06:48; 2026.05.15 10:18:44
full,6,110,111,0.97,0.79,0.94,8,2.7,0.09,0.41,75.0,4.94,7,above_ONH=true | above_ONL=true | above_PDL=true | above_dayLowSoFar=true | above_midpoint=true | below_PDH=true | below_dayHighSoFar=true,2026.03.02 19:47:05; 2026.03.09 18:00:41; 2026.03.09 20:36:07; 2026.04.09 17:38:16; 2026.04.13 16:15:33; 2026.05.11 16:31:41; 2026.06.11 19:50:55; 2026.06.24 18:31:35
full,6,110,111,0.97,0.79,0.94,8,2.7,0.11,0.41,75.0,4.86,7,above_PDC=true | above_PDL=true | above_PDO=true | below_PDH=true | below_dayHighSoFar=true | dayBrokePDL=false | levelTag=dailyUp1,2026.03.11 06:44:08; 2026.03.25 04:13:00; 2026.04.09 17:38:16; 2026.04.30 01:20:48; 2026.05.01 10:43:19; 2026.05.06 02:16:46; 2026.05.11 16:31:41; 2026.06.24 18:31:35
full,6,109,127,0.85,0.89,0.94,12,2.7,0.13,0.59,75.0,7.54,5,above_ONL=true | above_PDL=true | above_PDO=true | above_dayLowSoFar=true | day_of_week=THU,2026.03.05 16:40:23; 2026.04.02 16:37:13; 2026.04.09 17:32:37; 2026.04.23 14:06:32; 2026.04.30 14:17:24; 2026.05.07 03:40:37; 2026.05.07 09:08:00; 2026.05.14 01:05:40; 2026.05.21 01:12:01; 2026.05.21 06:27:51; 2026.05.28 16:13:57; 2026.06.04 21:29:19
RTH-afterIB,6,101,28,0.65,0.33,0.88,11,2.69,0.12,0.53,72.73,6.83,2,below_PDH=true | dayBrokePDL=true,2026.03.02 17:10:00; 2026.03.02 20:20:33; 2026.03.20 19:22:20; 2026.04.02 16:37:14; 2026.04.13 18:33:19; 2026.04.23 19:44:33; 2026.05.04 18:08:13; 2026.05.12 16:33:03; 2026.06.04 17:17:06; 2026.06.04 21:29:32; 2026.06.11 19:31:08
full,6,111,65,0.59,0.61,0.88,7,2.69,0.08,0.29,71.43,4.59,6,PD_trend=PD_red | above_ONL=true | above_PDC=true | above_PDL=true | above_dayLowSoFar=true | below_dayHighSoFar=true,2026.03.09 20:36:07; 2026.03.13 05:22:56; 2026.03.23 12:12:35; 2026.03.23 17:29:41; 2026.03.31 18:48:01; 2026.06.11 19:50:55; 2026.06.26 01:40:56
full,6,109,127,0.85,0.89,0.94,23,2.69,0.22,0.65,73.91,13.96,4,PD_trend=PD_green | above_PDO=true | above_midpoint=true | dayBrokePDH=false,2026.03.02 17:09:52; 2026.03.02 20:20:33; 2026.03.03 19:26:47; 2026.03.04 11:09:15; 2026.03.04 16:26:21; 2026.03.10 08:32:00; 2026.03.25 01:11:29; 2026.04.02 16:37:13; 2026.04.20 15:30:00; 2026.04.23 14:06:32; 2026.04.27 02:02:34; 2026.05.07 03:40:37; 2026.05.11 15:43:29; 2026.05.13 08:19:03; 2026.05.14 01:05:40; 2026.05.21 01:12:01; 2026.05.21 06:27:51; 2026.06.01 02:03:13; 2026.06.02 10:03:49; 2026.06.02 17:07:41; 2026.06.24 02:00:53; 2026.06.24 15:52:07; 2026.06.24 16:59:03
full,6,101,163,0.68,0.93,0.94,19,2.69,0.17,0.41,73.68,11.35,4,PD_trend=PD_green | above_PDL=true | below_PDC=true | dayBrokePDH=false,2026.03.02 02:10:55; 2026.03.02 17:10:00; 2026.03.03 03:22:56; 2026.03.03 08:09:09; 2026.03.04 01:05:31; 2026.03.04 04:31:00; 2026.03.20 10:50:10; 2026.04.02 03:03:52; 2026.04.02 03:18:02; 2026.04.07 03:11:46; 2026.04.20 03:10:13; 2026.04.20 15:30:01; 2026.04.23 14:06:32; 2026.05.12 03:17:07; 2026.05.12 09:06:48; 2026.05.13 01:22:31; 2026.05.15 03:25:32; 2026.06.02 02:26:15; 2026.06.05 02:01:24
full,6,110,111,0.97,0.79,0.94,8,2.68,0.11,0.41,75.0,4.82,7,PD_trend=PD_green | above_PDC=true | above_PDL=true | above_PDO=true | below_dayHighSoFar=true | dayBrokePDL=false | levelTag=dailyUp1,2026.03.10 09:58:23; 2026.03.25 04:13:00; 2026.04.01 09:49:10; 2026.04.30 01:20:48; 2026.05.01 10:43:19; 2026.05.06 02:16:46; 2026.05.11 16:31:41; 2026.06.24 18:31:35
full,6,100,71,0.91,0.54,0.88,11,2.68,0.14,0.53,72.73,6.62,10,below_ONH=true | below_ONL=true | below_PDC=true | below_PDH=true | below_PDL=true | below_PDO=true | below_dayHighSoFar=true | below_dayLowSoFar=true | below_midpoint=true | levelTag=dailyDown2,2026.03.06 14:51:38; 2026.03.12 14:55:52; 2026.03.20 15:11:48; 2026.03.26 10:30:13; 2026.03.27 14:35:22; 2026.04.23 02:15:58; 2026.05.12 16:31:21; 2026.05.19 16:21:14; 2026.06.09 17:31:35; 2026.06.22 01:48:50; 2026.06.26 04:38:03
ON,6,109,77,0.93,0.7,0.94,15,2.67,0.18,0.47,73.33,8.95,4,above_PDC=true | above_PDO=true | dayBrokePDH=false | dayBrokePDL=false,2026.03.04 11:09:15; 2026.03.06 01:11:51; 2026.03.10 08:32:00; 2026.03.11 01:09:31; 2026.03.25 01:11:29; 2026.05.04 07:19:34; 2026.05.05 14:15:10; 2026.05.07 03:40:37; 2026.05.13 08:19:03; 2026.05.14 01:05:40; 2026.05.20 01:33:48; 2026.05.20 14:30:13; 2026.05.21 06:27:51; 2026.06.01 02:03:13; 2026.06.24 02:00:53
ON,6,109,77,0.93,0.7,0.94,15,2.65,0.17,0.59,73.33,8.95,4,PD_trend=PD_green | above_PDO=true | below_PDH=true | openGap_info=unknown,2026.03.04 11:09:15; 2026.03.20 12:05:18; 2026.03.25 01:11:29; 2026.04.23 14:06:32; 2026.04.27 02:02:34; 2026.05.07 03:40:37; 2026.05.12 04:10:24; 2026.05.15 04:51:39; 2026.05.15 09:14:31; 2026.05.21 01:12:01; 2026.05.21 06:27:51; 2026.06.01 02:03:13; 2026.06.02 10:03:49; 2026.06.03 01:35:51; 2026.06.24 02:00:53
full,6,109,127,0.85,0.89,0.94,15,2.65,0.17,0.59,73.33,8.95,4,PD_trend=PD_green | above_PDO=true | below_PDH=true | openGap_info=unknown,2026.03.04 11:09:15; 2026.03.20 12:05:18; 2026.03.25 01:11:29; 2026.04.23 14:06:32; 2026.04.27 02:02:34; 2026.05.07 03:40:37; 2026.05.12 04:10:24; 2026.05.15 04:51:39; 2026.05.15 09:14:31; 2026.05.21 01:12:01; 2026.05.21 06:27:51; 2026.06.01 02:03:13; 2026.06.02 10:03:49; 2026.06.03 01:35:51; 2026.06.24 02:00:53
full,6,107,67,0.78,0.66,0.71,7,2.65,0.08,0.35,71.43,4.57,5,above_ONH=true | above_ONL=true | above_PDO=true | above_dayHighSoFar=true | day_of_week=WED,2026.03.04 16:26:26; 2026.04.01 08:15:53; 2026.04.01 14:45:02; 2026.04.08 11:13:43; 2026.05.13 10:40:43; 2026.05.20 01:33:52; 2026.05.27 01:30:37
ON,6,109,77,0.93,0.7,0.94,19,2.65,0.2,0.59,73.68,11.35,6,PD_trend=PD_green | above_ONL=true | above_PDL=true | above_dayLowSoFar=true | below_PDH=true | dayBrokePDH=false,2026.03.02 02:10:54; 2026.03.04 11:09:15; 2026.03.20 12:05:18; 2026.03.25 01:11:29; 2026.04.20 03:10:13; 2026.04.20 15:30:00; 2026.04.23 02:19:20; 2026.04.23 14:06:32; 2026.04.27 02:02:34; 2026.05.07 03:40:37; 2026.05.12 04:10:24; 2026.05.15 04:51:39; 2026.05.15 09:14:31; 2026.05.21 01:12:01; 2026.05.21 06:27:51; 2026.06.01 02:03:13; 2026.06.02 10:03:49; 2026.06.03 01:35:51; 2026.06.24 02:00:53
full,6,107,67,0.78,0.66,0.71,7,2.65,0.09,0.35,71.43,4.3,7,above_ONH=true | above_PDL=true | above_PDO=true | above_dayHighSoFar=true | above_dayLowSoFar=true | above_midpoint=true | levelTag=weeklyPivot,2026.03.02 17:10:00; 2026.03.04 16:26:26; 2026.03.10 01:46:06; 2026.04.13 18:33:19; 2026.04.20 15:30:01; 2026.05.05 09:04:39; 2026.05.21 19:51:55
full,6,110,111,0.97,0.79,0.94,11,2.65,0.09,0.41,72.73,6.68,5,below_PDC=true | below_PDO=true | below_midpoint=true | dayBrokePDH=false | day_of_week=TUE,2026.03.24 01:17:09; 2026.03.24 14:09:14; 2026.03.31 01:08:36; 2026.05.12 09:02:33; 2026.05.12 16:31:18; 2026.05.19 03:21:42; 2026.05.19 11:31:53; 2026.05.19 16:21:08; 2026.05.26 02:06:59; 2026.06.09 02:09:00; 2026.06.23 03:50:07
RTH-afterIB,6,114,23,0.9,0.24,0.76,7,2.63,0.07,0.29,71.43,4.23,7,PD_trend=PD_red | above_ONL=true | above_PDL=true | above_dayLowSoFar=true | below_PDH=true | dayBrokePDH=false | openGap_info=gapDown_Day,2026.03.09 17:29:45; 2026.03.09 20:20:36; 2026.03.09 20:30:17; 2026.04.09 17:38:17; 2026.06.04 16:35:22; 2026.06.10 17:51:58; 2026.06.26 17:31:21
full,6,114,23,0.9,0.24,0.76,7,2.63,0.07,0.29,71.43,4.23,7,PD_trend=PD_red | above_ONL=true | above_PDL=true | above_dayLowSoFar=true | below_PDH=true | dayBrokePDH=false | openGap_info=gapDown_Day,2026.03.09 17:29:45; 2026.03.09 20:20:36; 2026.03.09 20:30:17; 2026.04.09 17:38:17; 2026.06.04 16:35:22; 2026.06.10 17:51:58; 2026.06.26 17:31:21
full,6,101,163,0.68,0.93,0.94,7,2.63,0.09,0.35,71.43,4.23,6,above_ONH=true | above_PDL=true | above_dayHighSoFar=true | above_dayLowSoFar=true | above_midpoint=true | levelTag=weeklyPivot,2026.03.02 17:10:00; 2026.03.30 10:38:12; 2026.04.13 18:33:19; 2026.04.20 15:30:01; 2026.04.24 01:34:42; 2026.05.21 19:51:55; 2026.06.11 19:31:08
full,6,109,127,0.85,0.89,0.94,11,2.61,0.13,0.47,72.73,6.47,5,PD_trend=PD_green | above_PDO=true | below_ONH=true | below_dayHighSoFar=true | dayBrokePDH=false,2026.03.03 19:26:47; 2026.03.20 12:05:18; 2026.03.25 01:11:29; 2026.04.27 02:02:34; 2026.05.12 04:10:24; 2026.05.15 04:51:39; 2026.05.15 09:14:31; 2026.05.21 01:12:01; 2026.06.02 10:03:49; 2026.06.03 01:35:51; 2026.06.24 02:00:53
RTH-afterIB,6,103,20,1.21,0.18,0.59,11,2.61,0.09,0.35,72.73,6.74,10,above_IBH=true | above_IBL=true | above_ONH=true | above_PDL=true | above_PDO=true | above_RTHL=true | above_dayHighSoFar=true | above_dayLowSoFar=true | above_midpoint=true | openGap_info=gapDown_Day,2026.03.02 17:10:00; 2026.03.02 20:20:33; 2026.03.09 20:20:28; 2026.03.09 20:29:47; 2026.03.09 20:38:09; 2026.03.10 18:28:43; 2026.04.09 18:03:19; 2026.04.13 18:33:19; 2026.04.13 21:27:22; 2026.05.21 19:51:55; 2026.06.02 17:08:40
full,6,107,67,0.78,0.66,0.71,7,2.61,0.09,0.35,71.43,4.26,8,above_ONL=true | above_PDL=true | above_PDO=true | above_dayLowSoFar=true | above_midpoint=true | below_PDH=true | dayBrokePDH=false | levelTag=weeklyPivot,2026.03.02 17:10:00; 2026.03.04 16:26:26; 2026.03.10 01:46:06; 2026.04.13 18:33:19; 2026.04.20 15:30:01; 2026.05.05 09:04:39; 2026.05.22 01:14:09
full,6,109,127,0.85,0.89,0.94,11,2.61,0.14,0.59,72.73,6.59,6,above_ONL=true | above_PDL=true | above_PDO=true | above_dayLowSoFar=true | above_midpoint=true | below_dayHighSoFar=true,2026.03.03 19:26:47; 2026.03.25 01:11:29; 2026.04.01 16:53:32; 2026.04.10 16:30:33; 2026.04.27 02:02:34; 2026.05.04 07:19:34; 2026.05.20 17:51:12; 2026.05.21 01:12:01; 2026.05.25 09:33:07; 2026.06.02 10:03:49; 2026.06.24 02:00:53
full,6,110,111,0.97,0.79,0.94,8,2.61,0.11,0.41,75.0,4.95,7,PD_trend=PD_red | above_PDL=true | below_PDH=true | below_PDO=true | below_dayHighSoFar=true | dayBrokePDH=false | levelTag=dailyDown1,2026.03.06 12:55:27; 2026.03.09 18:00:41; 2026.03.12 09:41:11; 2026.03.19 06:44:38; 2026.03.24 14:09:14; 2026.03.31 01:08:36; 2026.05.20 02:14:05; 2026.06.25 15:43:21
full,6,101,163,0.68,0.93,0.94,11,2.61,0.08,0.35,72.73,6.52,5,PD_trend=PD_red | above_ONL=true | above_PDC=true | above_dayLowSoFar=true | day_of_week=THU,2026.03.19 01:46:58; 2026.03.19 03:35:33; 2026.04.09 17:32:37; 2026.05.28 02:03:32; 2026.05.28 16:13:59; 2026.06.04 17:17:06; 2026.06.04 21:29:32; 2026.06.11 03:12:36; 2026.06.11 10:02:49; 2026.06.11 19:31:08; 2026.06.25 01:35:19
RTH-afterIB,6,101,28,0.65,0.33,0.88,11,2.61,0.11,0.41,72.73,6.6,8,above_IBH=true | above_IBL=true | above_ONH=true | above_ONL=true | above_PDL=true | above_RTHL=true | above_dayLowSoFar=true | above_midpoint=true,2026.03.02 17:10:00; 2026.03.02 20:20:33; 2026.04.02 16:37:14; 2026.04.09 17:32:37; 2026.04.13 18:33:19; 2026.04.13 21:31:20; 2026.06.02 17:08:40; 2026.06.04 17:17:06; 2026.06.04 21:29:32; 2026.06.11 19:31:08; 2026.06.24 16:59:04
RTH-afterIB,6,114,23,0.9,0.24,0.76,7,2.6,0.08,0.35,71.43,4.18,7,above_ONL=true | above_PDL=true | above_dayLowSoFar=true | below_PDH=true | below_dayHighSoFar=true | dayBrokePDH=false | openGap_info=gapDown_Day,2026.03.02 19:47:07; 2026.03.02 20:23:42; 2026.03.09 17:29:45; 2026.04.09 17:38:17; 2026.06.04 16:35:22; 2026.06.10 17:51:58; 2026.06.26 17:31:21
full,6,114,23,0.9,0.24,0.76,7,2.6,0.08,0.35,71.43,4.18,7,above_ONL=true | above_PDL=true | above_dayLowSoFar=true | below_PDH=true | below_dayHighSoFar=true | dayBrokePDH=false | openGap_info=gapDown_Day,2026.03.02 19:47:07; 2026.03.02 20:23:42; 2026.03.09 17:29:45; 2026.04.09 17:38:17; 2026.06.04 16:35:22; 2026.06.10 17:51:58; 2026.06.26 17:31:21
full,6,109,127,0.85,0.89,0.94,11,2.6,0.11,0.41,72.73,6.46,5,PD_trend=PD_green | above_ONH=true | above_dayHighSoFar=true | below_PDH=true | dayBrokePDL=false,2026.03.04 11:09:15; 2026.03.04 16:26:21; 2026.04.20 03:10:13; 2026.04.20 15:30:00; 2026.05.07 03:40:37; 2026.05.11 15:43:29; 2026.05.21 06:27:51; 2026.06.01 02:03:13; 2026.06.02 17:07:41; 2026.06.24 15:52:07; 2026.06.24 16:59:03
full,6,101,163,0.68,0.93,0.94,11,2.59,0.12,0.29,72.73,6.36,6,above_PDO=true | below_ONH=true | below_PDC=true | below_dayHighSoFar=true | below_midpoint=true | dayBrokePDH=false,2026.03.03 03:22:56; 2026.03.03 08:09:09; 2026.03.04 01:05:31; 2026.03.04 04:31:00; 2026.03.20 10:50:10; 2026.04.07 03:11:46; 2026.05.12 03:17:07; 2026.05.13 01:22:31; 2026.05.15 03:25:32; 2026.06.02 02:26:15; 2026.06.05 02:01:24
ON,6,101,116,0.73,0.83,0.94,11,2.59,0.12,0.29,72.73,6.36,6,above_PDO=true | below_ONH=true | below_PDC=true | below_dayHighSoFar=true | below_midpoint=true | dayBrokePDH=false,2026.03.03 03:22:56; 2026.03.03 08:09:09; 2026.03.04 01:05:31; 2026.03.04 04:31:00; 2026.03.20 10:50:10; 2026.04.07 03:11:46; 2026.05.12 03:17:07; 2026.05.13 01:22:31; 2026.05.15 03:25:32; 2026.06.02 02:26:15; 2026.06.05 02:01:24
full,6,100,71,0.91,0.54,0.88,7,2.59,0.07,0.29,71.43,4.13,11,PD_trend=PD_green | below_ONH=true | below_ONL=true | below_PDC=true | below_PDH=true | below_PDO=true | below_dayHighSoFar=true | below_dayLowSoFar=true | below_midpoint=true | dayBrokePDL=false | day_of_week=TUE,2026.04.07 14:07:02; 2026.04.07 17:05:57; 2026.04.21 17:05:35; 2026.04.28 13:11:15; 2026.05.12 09:05:03; 2026.05.12 16:31:21; 2026.05.26 02:08:12
full,6,101,163,0.68,0.93,0.94,7,2.59,0.09,0.35,71.43,4.19,7,above_ONL=true | above_PDL=true | above_dayLowSoFar=true | above_midpoint=true | below_PDH=true | dayBrokePDH=false | levelTag=weeklyPivot,2026.03.02 17:10:00; 2026.03.30 10:38:12; 2026.04.13 18:33:19; 2026.04.20 15:30:01; 2026.04.24 01:34:42; 2026.05.22 01:14:09; 2026.06.11 19:31:08
RTH-afterIB,6,109,30,0.94,0.32,0.76,8,2.59,0.09,0.35,75.0,4.79,9,above_IBH=true | above_IBL=true | above_ONH=true | above_ONL=true | above_PDC=true | above_PDL=true | above_RTHL=true | above_dayLowSoFar=true | above_midpoint=true,2026.03.02 20:20:33; 2026.04.02 16:37:13; 2026.04.09 17:32:37; 2026.05.20 17:51:12; 2026.06.02 17:07:41; 2026.06.04 17:16:50; 2026.06.04 21:29:19; 2026.06.24 16:59:03
ON,6,109,77,0.93,0.7,0.94,22,2.58,0.26,0.59,72.73,12.74,6,above_ONL=true | above_PDL=true | above_PDO=true | above_dayLowSoFar=true | dayBrokePDH=false | dayBrokePDL=false,2026.03.04 11:09:15; 2026.03.06 01:11:51; 2026.03.10 08:32:00; 2026.03.11 01:09:31; 2026.03.25 01:11:29; 2026.04.20 15:30:00; 2026.04.27 02:02:34; 2026.05.04 07:19:34; 2026.05.05 14:15:10; 2026.05.07 03:40:37; 2026.05.12 04:10:24; 2026.05.13 08:19:03; 2026.05.14 01:05:40; 2026.05.15 04:51:39; 2026.05.20 01:33:48; 2026.05.20 14:30:13; 2026.05.21 01:12:01; 2026.05.21 06:27:51; 2026.06.01 02:03:13; 2026.06.02 10:03:49; 2026.06.03 01:35:51; 2026.06.24 02:00:53
full,6,100,71,0.91,0.54,0.88,11,2.58,0.08,0.35,72.73,6.43,10,below_ONH=true | below_ONL=true | below_PDC=true | below_PDH=true | below_PDO=true | below_dayHighSoFar=true | below_dayLowSoFar=true | below_midpoint=true | dayBrokePDH=false | day_of_week=TUE,2026.03.24 01:17:22; 2026.03.24 14:09:17; 2026.03.31 01:08:37; 2026.05.12 09:05:03; 2026.05.12 16:31:21; 2026.05.19 03:21:45; 2026.05.19 11:32:00; 2026.05.19 16:21:14; 2026.05.26 02:08:12; 2026.06.23 03:50:15; 2026.06.23 06:43:21
full,6,109,127,0.85,0.89,0.94,15,2.58,0.18,0.65,73.33,8.94,6,above_ONL=true | above_PDL=true | above_PDO=true | above_dayLowSoFar=true | below_dayHighSoFar=true | dayBrokePDL=false,2026.03.05 16:40:23; 2026.03.25 01:11:29; 2026.03.25 16:22:06; 2026.04.01 16:53:32; 2026.04.10 16:30:33; 2026.04.27 02:02:34; 2026.05.04 07:19:34; 2026.05.12 04:10:24; 2026.05.15 04:51:39; 2026.05.20 17:51:12; 2026.05.21 01:12:01; 2026.05.25 09:33:07; 2026.06.02 10:03:49; 2026.06.03 01:35:51; 2026.06.24 02:00:53
full,6,107,67,0.78,0.66,0.71,7,2.58,0.09,0.24,71.43,4.16,5,PD_trend=PD_green | above_ONL=true | above_PDO=true | below_PDH=true | levelTag=weeklyPivot,2026.03.02 17:10:00; 2026.03.04 16:26:26; 2026.03.05 02:18:14; 2026.03.10 01:46:06; 2026.04.20 15:30:01; 2026.04.21 15:35:56; 2026.05.22 01:14:09
full,6,111,65,0.59,0.61,0.88,7,2.58,0.09,0.35,71.43,4.14,6,above_ONL=true | above_PDL=true | above_dayLowSoFar=true | below_PDH=true | below_dayHighSoFar=true | levelTag=weeklyPivot,2026.03.02 19:47:05; 2026.03.05 02:17:28; 2026.03.09 20:36:07; 2026.03.23 17:29:41; 2026.04.21 15:31:24; 2026.04.30 06:06:12; 2026.06.11 19:50:55
RTH-afterIB,6,114,23,0.9,0.24,0.76,7,2.58,0.08,0.35,71.43,4.12,5,above_ONL=true | above_PDL=true | above_dayLowSoFar=true | below_PDH=true | below_RTHH=true,2026.03.02 19:47:07; 2026.03.02 20:23:42; 2026.03.09 17:29:45; 2026.04.09 17:38:17; 2026.05.11 16:31:41; 2026.06.04 16:35:22; 2026.06.10 17:51:58
ON,6,107,46,0.73,0.51,0.71,7,2.58,0.08,0.35,71.43,4.37,10,above_ONH=true | above_ONL=true | above_PDC=true | above_PDL=true | above_dayHighSoFar=true | above_dayLowSoFar=true | above_midpoint=true | dayBrokePDL=false | day_of_week=WED | openGap_info=unknown,2026.04.01 08:15:53; 2026.04.01 14:45:02; 2026.04.08 11:13:43; 2026.04.22 14:08:13; 2026.05.13 10:40:43; 2026.05.20 01:33:52; 2026.05.27 01:30:37
full,6,107,67,0.78,0.66,0.71,7,2.58,0.08,0.35,71.43,4.37,10,above_ONH=true | above_ONL=true | above_PDC=true | above_PDL=true | above_dayHighSoFar=true | above_dayLowSoFar=true | above_midpoint=true | dayBrokePDL=false | day_of_week=WED | openGap_info=unknown,2026.04.01 08:15:53; 2026.04.01 14:45:02; 2026.04.08 11:13:43; 2026.04.22 14:08:13; 2026.05.13 10:40:43; 2026.05.20 01:33:52; 2026.05.27 01:30:37
RTH-afterIB,6,114,23,0.9,0.24,0.76,7,2.57,0.08,0.35,71.43,4.11,6,above_dayLowSoFar=true | below_PDH=true | below_RTHH=true | below_dayHighSoFar=true | dayBrokePDH=false | openGap_info=gapDown_Day,2026.03.02 19:47:07; 2026.03.02 20:23:42; 2026.03.09 17:29:45; 2026.04.09 17:38:17; 2026.05.19 16:46:18; 2026.06.04 16:35:22; 2026.06.10 17:51:58
RTH-afterIB,6,109,30,0.94,0.32,0.76,8,2.57,0.08,0.29,75.0,4.75,12,above_IBH=true | above_IBL=true | above_ONH=true | above_ONL=true | above_PDL=true | above_RTHH=true | above_RTHL=true | above_dayHighSoFar=true | above_dayLowSoFar=true | above_midpoint=true | below_PDH=true | dayBrokePDH=false,2026.03.02 17:09:52; 2026.03.02 20:20:33; 2026.04.02 16:37:13; 2026.04.09 17:32:37; 2026.06.02 17:07:41; 2026.06.04 17:16:50; 2026.06.04 21:29:19; 2026.06.24 16:59:03
RTH-afterIB,6,109,30,0.94,0.32,0.76,8,2.57,0.09,0.35,75.0,4.75,9,above_IBH=true | above_IBL=true | above_ONH=true | above_ONL=true | above_PDL=true | above_PDO=true | above_RTHL=true | above_dayLowSoFar=true | above_midpoint=true,2026.03.02 17:09:52; 2026.03.02 20:20:33; 2026.04.02 16:37:13; 2026.04.09 17:32:37; 2026.05.20 17:51:12; 2026.06.02 17:07:41; 2026.06.04 21:29:19; 2026.06.24 16:59:03
ON,6,101,116,0.73,0.83,0.94,11,2.57,0.11,0.35,72.73,6.37,5,PD_trend=PD_green | below_ONL=true | below_PDC=true | below_dayLowSoFar=true | dayBrokePDH=false,2026.03.20 10:50:10; 2026.04.02 03:03:52; 2026.04.02 03:18:02; 2026.04.02 07:43:27; 2026.04.07 03:11:46; 2026.04.23 02:17:17; 2026.05.12 03:17:07; 2026.05.15 03:25:32; 2026.05.15 08:00:24; 2026.06.02 02:26:15; 2026.06.05 02:01:24
full,6,101,163,0.68,0.93,0.94,11,2.57,0.12,0.53,72.73,6.46,4,above_ONL=true | above_PDC=true | above_PDO=true | day_of_week=THU,2026.04.02 16:37:14; 2026.04.09 17:32:37; 2026.04.30 04:32:51; 2026.04.30 14:17:44; 2026.05.07 03:45:49; 2026.05.07 09:08:42; 2026.05.14 01:05:47; 2026.05.21 06:52:42; 2026.05.28 16:13:59; 2026.06.04 21:29:32; 2026.06.25 01:35:19
full,6,110,111,0.97,0.79,0.94,7,2.57,0.08,0.29,71.43,4.46,8,PD_trend=PD_red | above_ONL=true | above_PDC=true | above_PDL=true | above_dayLowSoFar=true | above_midpoint=true | below_dayHighSoFar=true | dayBrokePDL=true,2026.03.09 20:36:07; 2026.03.13 05:22:56; 2026.03.23 12:46:59; 2026.03.23 17:29:41; 2026.03.31 02:51:44; 2026.06.11 19:50:55; 2026.06.22 15:43:03
full,6,107,67,0.78,0.66,0.71,7,2.57,0.08,0.35,71.43,4.08,3,PD_trend=PD_green | dayBrokePDH=true | day_of_week=THU,2026.03.05 02:18:14; 2026.04.23 19:45:56; 2026.04.30 06:12:59; 2026.04.30 20:02:03; 2026.05.07 09:08:42; 2026.05.14 17:56:15; 2026.05.21 19:51:55
full,6,101,163,0.68,0.93,0.94,11,2.56,0.11,0.47,72.73,6.42,5,above_ONH=true | above_PDC=true | above_dayHighSoFar=true | below_PDH=true | day_of_week=THU,2026.03.19 03:35:33; 2026.04.02 16:37:14; 2026.04.09 17:32:37; 2026.05.07 03:45:49; 2026.05.21 06:52:42; 2026.05.28 16:13:59; 2026.06.04 17:17:06; 2026.06.04 21:29:32; 2026.06.11 03:12:36; 2026.06.11 10:02:49; 2026.06.11 19:31:08
full,6,110,111,0.97,0.79,0.94,7,2.56,0.07,0.29,71.43,4.06,11,PD_trend=PD_green | below_ONH=true | below_ONL=true | below_PDC=true | below_PDH=true | below_PDO=true | below_dayHighSoFar=true | below_dayLowSoFar=true | below_midpoint=true | dayBrokePDL=false | day_of_week=TUE,2026.04.07 14:07:02; 2026.04.07 17:05:57; 2026.04.21 17:03:24; 2026.04.28 13:10:01; 2026.05.12 09:02:33; 2026.05.12 16:31:18; 2026.05.26 02:06:59
full,6,101,163,0.68,0.93,0.94,11,2.56,0.12,0.53,72.73,6.41,4,above_ONL=true | above_PDO=true | above_midpoint=true | day_of_week=THU,2026.04.02 16:37:14; 2026.04.09 17:32:37; 2026.04.23 14:06:32; 2026.04.30 04:32:51; 2026.04.30 14:17:44; 2026.05.07 03:45:49; 2026.05.07 09:08:42; 2026.05.14 01:05:47; 2026.05.21 06:52:42; 2026.05.28 16:13:59; 2026.06.04 21:29:32
ON,6,109,77,0.93,0.7,0.94,11,2.56,0.13,0.47,72.73,6.37,4,PD_trend=PD_green | above_PDO=true | above_midpoint=true | below_PDH=true,2026.03.04 11:09:15; 2026.03.25 01:11:29; 2026.04.20 15:30:00; 2026.04.23 14:06:32; 2026.04.27 02:02:34; 2026.05.07 03:40:37; 2026.05.21 01:12:01; 2026.05.21 06:27:51; 2026.06.01 02:03:13; 2026.06.02 10:03:49; 2026.06.24 02:00:53
full,6,100,71,0.91,0.54,0.88,7,2.55,0.09,0.35,71.43,4.08,11,above_PDL=true | below_ONH=true | below_ONL=true | below_PDC=true | below_PDH=true | below_PDO=true | below_dayHighSoFar=true | below_dayLowSoFar=true | below_midpoint=true | dayBrokePDL=false | levelTag=dailyPivot,2026.03.06 10:26:31; 2026.04.02 03:03:47; 2026.04.09 03:22:54; 2026.04.29 15:31:00; 2026.05.19 03:21:45; 2026.05.27 17:44:45; 2026.05.28 05:32:35
full,6,107,67,0.78,0.66,0.71,7,2.55,0.09,0.35,71.43,4.14,2,above_dayLowSoFar=true | openGap_info=gapDown_Day,2026.03.02 17:10:00; 2026.03.03 16:23:55; 2026.04.02 16:37:14; 2026.04.09 17:32:50; 2026.04.13 18:33:19; 2026.04.20 15:30:01; 2026.05.21 19:51:55
ON,6,110,75,0.87,0.63,0.94,7,2.55,0.07,0.29,71.43,4.06,5,PD_trend=PD_green | above_PDL=true | below_PDC=true | below_midpoint=true | day_of_week=THU,2026.03.05 02:55:55; 2026.03.05 15:13:30; 2026.04.02 03:03:47; 2026.04.02 03:30:23; 2026.04.23 02:10:10; 2026.04.30 06:31:03; 2026.05.21 12:30:57
full,6,109,127,0.85,0.89,0.94,7,2.55,0.07,0.29,71.43,4.06,9,above_ONH=true | above_PDC=true | above_PDL=true | above_PDO=true | above_dayLowSoFar=true | above_midpoint=true | dayBrokePDL=false | day_of_week=WED | openGap_info=gapUp_Day,2026.03.04 16:26:21; 2026.04.15 16:24:07; 2026.04.15 20:02:22; 2026.05.13 19:01:52; 2026.05.20 17:51:12; 2026.06.24 15:52:07; 2026.06.24 16:59:03
RTH-afterIB,6,114,23,0.9,0.24,0.76,7,2.55,0.07,0.29,71.43,4.01,7,PD_trend=PD_red | above_IBL=true | above_RTHL=true | above_dayLowSoFar=true | below_PDH=true | dayBrokePDH=false | openGap_info=gapDown_Day,2026.03.09 17:29:45; 2026.03.09 20:20:36; 2026.03.09 20:30:17; 2026.04.09 17:38:17; 2026.05.19 16:46:18; 2026.06.04 16:35:22; 2026.06.26 17:31:21
full,6,110,111,0.97,0.79,0.94,11,2.55,0.12,0.41,72.73,6.31,9,PD_trend=PD_green | above_PDL=true | above_PDO=true | below_ONH=true | below_PDH=true | below_dayHighSoFar=true | below_midpoint=true | dayBrokePDH=true | dayBrokePDL=false,2026.03.05 02:55:55; 2026.03.05 15:13:30; 2026.04.10 18:41:46; 2026.04.21 15:31:24; 2026.04.28 07:35:32; 2026.05.01 10:43:19; 2026.05.06 02:16:46; 2026.05.07 18:12:33; 2026.05.07 19:26:02; 2026.05.21 12:30:57; 2026.06.12 09:04:11
full,6,110,111,0.97,0.79,0.94,7,2.55,0.09,0.29,71.43,3.99,5,PD_trend=PD_green | above_PDL=true | below_PDH=true | below_dayHighSoFar=true | levelTag=weeklyPivot,2026.03.02 19:47:05; 2026.04.07 17:05:57; 2026.04.21 15:31:24; 2026.05.12 09:02:33; 2026.06.01 15:12:31; 2026.06.02 02:18:43; 2026.06.03 15:47:26
ON,6,109,77,0.93,0.7,0.94,11,2.55,0.12,0.47,72.73,6.32,4,PD_trend=PD_green | above_midpoint=true | below_PDH=true | dayBrokePDL=false,2026.03.04 11:09:15; 2026.03.25 01:11:29; 2026.04.20 03:10:13; 2026.04.20 15:30:00; 2026.04.27 02:02:34; 2026.05.07 03:40:37; 2026.05.21 01:12:01; 2026.05.21 06:27:51; 2026.06.01 02:03:13; 2026.06.02 10:03:49; 2026.06.24 02:00:53
full,6,101,163,0.68,0.93,0.94,18,2.54,0.14,0.65,72.22,10.42,5,above_ONL=true | above_PDC=true | above_PDL=true | above_dayLowSoFar=true | day_of_week=THU,2026.03.19 01:46:58; 2026.03.19 03:35:33; 2026.04.02 16:37:14; 2026.04.09 17:32:37; 2026.04.30 04:32:51; 2026.04.30 14:17:44; 2026.05.07 03:45:49; 2026.05.07 09:08:42; 2026.05.14 01:05:47; 2026.05.21 06:52:42; 2026.05.28 02:03:32; 2026.05.28 16:13:59; 2026.06.04 17:17:06; 2026.06.04 21:29:32; 2026.06.11 03:12:36; 2026.06.11 10:02:49; 2026.06.11 19:31:08; 2026.06.25 01:35:19
ON,6,101,116,0.73,0.83,0.94,7,2.54,0.07,0.29,71.43,4.07,5,above_PDL=true | below_midpoint=true | dayBrokePDH=false | dayBrokePDL=false | day_of_week=FRI,2026.03.06 10:28:20; 2026.03.06 12:56:44; 2026.03.20 01:05:42; 2026.03.20 10:50:10; 2026.05.15 03:25:32; 2026.06.05 02:01:24; 2026.06.26 03:48:04
full,6,101,163,0.68,0.93,0.94,7,2.54,0.07,0.29,71.43,4.07,5,above_PDL=true | below_midpoint=true | dayBrokePDH=false | dayBrokePDL=false | day_of_week=FRI,2026.03.06 10:28:20; 2026.03.06 12:56:44; 2026.03.20 01:05:42; 2026.03.20 10:50:10; 2026.05.15 03:25:32; 2026.06.05 02:01:24; 2026.06.26 03:48:04
full,6,110,111,0.97,0.79,0.94,14,2.54,0.18,0.59,71.43,8.15,9,below_ONH=true | below_ONL=true | below_PDH=true | below_PDO=true | below_dayHighSoFar=true | below_dayLowSoFar=true | below_midpoint=true | dayBrokePDH=false | levelTag=dailyDown2,2026.03.06 14:51:37; 2026.03.12 14:55:51; 2026.03.19 13:26:59; 2026.03.20 15:01:46; 2026.03.26 10:30:12; 2026.03.27 14:35:08; 2026.04.02 03:30:23; 2026.04.23 02:15:58; 2026.05.12 16:31:18; 2026.05.19 16:21:08; 2026.06.10 13:06:14; 2026.06.22 01:41:27; 2026.06.23 03:50:07; 2026.06.26 04:37:20
full,6,103,55,0.87,0.45,0.82,11,2.54,0.09,0.41,72.73,6.57,9,above_ONH=true | above_ONL=true | above_PDL=true | above_dayHighSoFar=true | above_dayLowSoFar=true | above_midpoint=true | below_PDH=true | dayBrokePDH=false | openGap_info=gapDown_Day,2026.03.02 17:10:00; 2026.03.02 20:20:33; 2026.03.09 17:26:08; 2026.03.09 20:20:28; 2026.03.09 20:29:47; 2026.03.09 20:38:09; 2026.04.13 18:33:19; 2026.04.20 15:30:01; 2026.05.11 15:43:32; 2026.05.28 16:13:59; 2026.06.02 17:08:40
full,6,107,67,0.78,0.66,0.71,7,2.54,0.09,0.29,71.43,4.03,9,above_ONH=true | above_PDC=true | above_PDL=true | above_PDO=true | above_dayHighSoFar=true | above_dayLowSoFar=true | above_midpoint=true | dayBrokePDL=false | openGap_info=gapUp_Day,2026.03.04 16:26:26; 2026.04.14 21:29:54; 2026.04.15 17:12:23; 2026.04.30 20:02:03; 2026.05.05 20:15:10; 2026.05.06 20:09:49; 2026.05.14 17:56:15
ON,6,109,77,0.93,0.7,0.94,11,2.53,0.13,0.47,72.73,6.35,9,PD_trend=PD_green | above_ONL=true | above_PDL=true | above_dayLowSoFar=true | below_ONH=true | below_PDH=true | below_dayHighSoFar=true | dayBrokePDH=false | openGap_info=unknown,2026.03.20 12:05:18; 2026.03.25 01:11:29; 2026.04.23 02:19:20; 2026.04.27 02:02:34; 2026.05.12 04:10:24; 2026.05.15 04:51:39; 2026.05.15 09:14:31; 2026.05.21 01:12:01; 2026.06.02 10:03:49; 2026.06.03 01:35:51; 2026.06.24 02:00:53
full,6,109,127,0.85,0.89,0.94,11,2.53,0.13,0.47,72.73,6.35,6,PD_trend=PD_green | above_PDL=true | below_ONH=true | below_dayHighSoFar=true | dayBrokePDH=false | openGap_info=unknown,2026.03.20 12:05:18; 2026.03.25 01:11:29; 2026.04.23 02:19:20; 2026.04.27 02:02:34; 2026.05.12 04:10:24; 2026.05.15 04:51:39; 2026.05.15 09:14:31; 2026.05.21 01:12:01; 2026.06.02 10:03:49; 2026.06.03 01:35:51; 2026.06.24 02:00:53
full,6,114,23,0.9,0.24,0.76,7,2.53,0.08,0.35,71.43,4.0,5,above_dayLowSoFar=true | below_PDH=true | below_dayHighSoFar=true | dayBrokePDL=true | openGap_info=gapDown_Day,2026.03.02 19:47:07; 2026.03.02 20:23:42; 2026.03.09 17:29:45; 2026.04.23 19:22:43; 2026.05.19 16:46:18; 2026.06.04 16:35:22; 2026.06.26 17:31:21
RTH-afterIB,6,114,23,0.9,0.24,0.76,7,2.53,0.08,0.35,71.43,4.0,5,above_dayLowSoFar=true | below_PDH=true | below_dayHighSoFar=true | dayBrokePDL=true | openGap_info=gapDown_Day,2026.03.02 19:47:07; 2026.03.02 20:23:42; 2026.03.09 17:29:45; 2026.04.23 19:22:43; 2026.05.19 16:46:18; 2026.06.04 16:35:22; 2026.06.26 17:31:21
full,6,109,127,0.85,0.89,0.94,7,2.53,0.09,0.29,71.43,4.04,5,PD_trend=PD_green | above_ONL=true | above_PDH=true | dayBrokePDL=false | levelTag=dailyUp1,2026.03.10 08:32:00; 2026.04.01 08:29:01; 2026.04.07 11:27:23; 2026.04.10 16:30:33; 2026.04.21 12:46:31; 2026.05.13 08:19:03; 2026.05.14 01:05:40
full,6,109,127,0.85,0.89,0.94,11,2.53,0.08,0.35,72.73,6.45,7,above_ONL=true | above_PDL=true | above_PDO=true | above_dayLowSoFar=true | below_PDH=true | dayBrokePDL=false | day_of_week=WED,2026.03.04 11:09:15; 2026.03.04 16:26:21; 2026.03.11 01:09:31; 2026.03.25 01:11:29; 2026.03.25 16:22:06; 2026.05.20 01:33:48; 2026.05.20 14:30:13; 2026.06.03 01:35:51; 2026.06.24 02:00:53; 2026.06.24 15:52:07; 2026.06.24 16:59:03
full,6,109,127,0.85,0.89,0.94,7,2.53,0.08,0.29,71.43,4.17,4,above_ONL=true | above_PDO=true | above_midpoint=true | openGap_info=gapUp_Day,2026.03.04 16:26:21; 2026.04.01 16:53:32; 2026.04.10 16:30:33; 2026.05.20 17:51:12; 2026.06.22 15:30:29; 2026.06.24 15:52:07; 2026.06.24 16:59:03
full,6,101,163,0.68,0.93,0.94,7,2.53,0.08,0.29,71.43,4.06,4,PD_trend=PD_green | below_PDC=true | below_PDH=true | openGap_info=gapDown_Day,2026.03.02 17:10:00; 2026.03.20 15:12:02; 2026.03.20 19:22:20; 2026.04.07 17:06:09; 2026.04.20 15:30:01; 2026.04.23 19:44:33; 2026.05.12 16:33:03
full,6,100,71,0.91,0.54,0.88,14,2.53,0.18,0.59,71.43,8.07,9,below_ONH=true | below_ONL=true | below_PDC=true | below_PDH=true | below_PDO=true | below_dayHighSoFar=true | below_dayLowSoFar=true | below_midpoint=true | levelTag=dailyDown2,2026.03.06 14:51:38; 2026.03.12 14:55:52; 2026.03.20 15:11:48; 2026.03.26 10:30:13; 2026.03.27 14:35:22; 2026.04.02 03:30:23; 2026.04.23 02:15:58; 2026.05.12 16:31:21; 2026.05.19 16:21:14; 2026.06.09 17:31:35; 2026.06.10 13:06:14; 2026.06.22 01:48:50; 2026.06.23 03:50:15; 2026.06.26 04:38:03
full,6,103,55,0.87,0.45,0.82,7,2.52,0.08,0.35,71.43,3.96,8,PD_trend=PD_green | above_ONH=true | above_PDL=true | above_PDO=true | above_dayHighSoFar=true | above_dayLowSoFar=true | above_midpoint=true | openGap_info=gapDown_Day,2026.03.02 17:10:00; 2026.03.02 20:20:33; 2026.03.10 18:28:43; 2026.04.20 15:30:01; 2026.05.11 15:43:32; 2026.05.21 19:51:55; 2026.06.02 17:08:40
full,6,100,71,0.91,0.54,0.88,14,2.52,0.13,0.59,71.43,8.07,10,below_ONH=true | below_ONL=true | below_PDC=true | below_PDH=true | below_PDO=true | below_dayHighSoFar=true | below_dayLowSoFar=true | below_midpoint=true | dayBrokePDL=false | day_of_week=TUE,2026.03.24 01:17:22; 2026.03.24 14:09:17; 2026.03.31 01:08:37; 2026.04.07 14:07:02; 2026.04.07 17:05:57; 2026.04.21 17:05:35; 2026.04.28 13:11:15; 2026.05.12 09:05:03; 2026.05.12 16:31:21; 2026.05.19 03:21:45; 2026.05.19 11:32:00; 2026.05.26 02:08:12; 2026.06.09 17:26:30; 2026.06.23 03:50:15
full,6,110,111,0.97,0.79,0.94,14,2.52,0.18,0.59,71.43,8.11,9,below_ONH=true | below_ONL=true | below_PDC=true | below_PDH=true | below_dayHighSoFar=true | below_dayLowSoFar=true | below_midpoint=true | dayBrokePDH=false | levelTag=dailyDown2,2026.03.03 07:45:51; 2026.03.06 14:51:37; 2026.03.12 14:55:51; 2026.03.20 15:01:46; 2026.03.26 10:30:12; 2026.03.27 14:35:08; 2026.04.02 03:30:23; 2026.04.23 02:15:58; 2026.05.12 16:31:18; 2026.05.19 16:21:08; 2026.06.10 13:06:14; 2026.06.22 01:41:27; 2026.06.23 03:50:07; 2026.06.26 04:37:20
RTH-afterIB,6,114,23,0.9,0.24,0.76,7,2.52,0.08,0.35,71.43,3.97,8,above_ONL=true | above_PDL=true | above_RTHL=true | above_dayLowSoFar=true | above_midpoint=true | below_PDH=true | below_dayHighSoFar=true | openGap_info=gapDown_Day,2026.03.02 19:47:07; 2026.03.02 20:23:42; 2026.03.09 17:29:45; 2026.04.09 17:38:17; 2026.05.11 16:31:41; 2026.06.04 16:35:22; 2026.06.26 17:31:21
full,6,114,23,0.9,0.24,0.76,7,2.52,0.08,0.35,71.43,3.97,7,above_ONL=true | above_PDL=true | above_dayLowSoFar=true | above_midpoint=true | below_PDH=true | below_dayHighSoFar=true | openGap_info=gapDown_Day,2026.03.02 19:47:07; 2026.03.02 20:23:42; 2026.03.09 17:29:45; 2026.04.09 17:38:17; 2026.05.11 16:31:41; 2026.06.04 16:35:22; 2026.06.26 17:31:21
ON,6,100,50,0.92,0.42,0.88,7,2.52,0.09,0.35,71.43,4.0,12,PD_trend=PD_red | below_ONH=true | below_ONL=true | below_PDC=true | below_PDH=true | below_PDO=true | below_dayHighSoFar=true | below_dayLowSoFar=true | below_midpoint=true | dayBrokePDH=false | levelTag=dailyDown1 | openGap_info=unknown,2026.03.06 12:56:27; 2026.03.13 08:06:37; 2026.03.24 14:09:17; 2026.03.26 07:01:36; 2026.03.31 01:08:37; 2026.05.04 12:05:20; 2026.05.20 02:14:09
full,6,100,71,0.91,0.54,0.88,7,2.52,0.09,0.35,71.43,4.0,12,PD_trend=PD_red | below_ONH=true | below_ONL=true | below_PDC=true | below_PDH=true | below_PDO=true | below_dayHighSoFar=true | below_dayLowSoFar=true | below_midpoint=true | dayBrokePDH=false | levelTag=dailyDown1 | openGap_info=unknown,2026.03.06 12:56:27; 2026.03.13 08:06:37; 2026.03.24 14:09:17; 2026.03.26 07:01:36; 2026.03.31 01:08:37; 2026.05.04 12:05:20; 2026.05.20 02:14:09
full,6,107,67,0.78,0.66,0.71,7,2.52,0.08,0.35,71.43,4.03,4,below_PDC=true | below_PDH=true | dayBrokePDH=false | day_of_week=TUE,2026.03.03 09:18:00; 2026.03.03 16:23:55; 2026.03.10 01:46:06; 2026.03.24 01:19:47; 2026.04.07 03:11:46; 2026.05.12 09:06:48; 2026.05.19 11:32:10
full,6,100,71,0.91,0.54,0.88,7,2.52,0.08,0.35,71.43,4.13,12,PD_trend=PD_green | above_PDL=true | below_ONH=true | below_ONL=true | below_PDC=true | below_PDH=true | below_PDO=true | below_dayHighSoFar=true | below_dayLowSoFar=true | below_midpoint=true | dayBrokePDH=true | dayBrokePDL=false,2026.03.05 18:29:59; 2026.04.07 14:07:02; 2026.04.07 17:05:57; 2026.04.21 17:05:35; 2026.04.28 13:11:15; 2026.05.27 17:44:45; 2026.06.01 15:12:38
full,6,100,71,0.91,0.54,0.88,14,2.52,0.18,0.59,71.43,8.03,9,below_ONH=true | below_ONL=true | below_PDH=true | below_PDO=true | below_dayHighSoFar=true | below_dayLowSoFar=true | below_midpoint=true | dayBrokePDH=false | levelTag=dailyDown2,2026.03.06 14:51:38; 2026.03.12 14:55:52; 2026.03.19 13:27:01; 2026.03.20 15:11:48; 2026.03.26 10:30:13; 2026.03.27 14:35:22; 2026.04.02 03:30:23; 2026.04.23 02:15:58; 2026.05.12 16:31:21; 2026.05.19 16:21:14; 2026.06.10 13:06:14; 2026.06.22 01:48:50; 2026.06.23 03:50:15; 2026.06.26 04:38:03
full,6,109,127,0.85,0.89,0.94,33,2.52,0.28,0.71,72.73,18.86,4,PD_trend=PD_green | above_PDL=true | above_dayLowSoFar=true | dayBrokePDH=false,2026.03.02 02:10:54; 2026.03.02 17:09:52; 2026.03.02 20:20:33; 2026.03.03 19:26:47; 2026.03.04 11:09:15; 2026.03.04 16:26:21; 2026.03.10 08:32:00; 2026.03.20 12:05:18; 2026.03.25 01:11:29; 2026.04.02 16:33:13; 2026.04.02 16:37:13; 2026.04.20 03:10:13; 2026.04.20 15:30:00; 2026.04.23 02:19:20; 2026.04.23 14:06:32; 2026.04.27 02:02:34; 2026.05.07 03:40:37; 2026.05.11 15:43:29; 2026.05.12 04:10:24; 2026.05.13 08:19:03; 2026.05.14 01:05:40; 2026.05.15 04:51:39; 2026.05.15 09:14:31; 2026.05.21 01:12:01; 2026.05.21 06:27:51; 2026.06.01 02:03:13; 2026.06.02 10:03:49; 2026.06.02 17:07:41; 2026.06.03 01:35:51; 2026.06.03 19:56:13; 2026.06.24 02:00:53; 2026.06.24 15:52:07; 2026.06.24 16:59:03
RTH-afterIB,6,114,23,0.9,0.24,0.76,7,2.52,0.08,0.35,71.43,3.96,7,above_IBL=true | above_RTHL=true | above_dayLowSoFar=true | below_PDH=true | below_dayHighSoFar=true | dayBrokePDH=false | openGap_info=gapDown_Day,2026.03.02 19:47:07; 2026.03.02 20:23:42; 2026.03.09 17:29:45; 2026.04.09 17:38:17; 2026.05.19 16:46:18; 2026.06.04 16:35:22; 2026.06.26 17:31:21
RTH-afterIB,6,101,28,0.65,0.33,0.88,7,2.51,0.07,0.29,71.43,4.07,10,above_IBH=true | above_IBL=true | above_ONH=true | above_ONL=true | above_PDC=true | above_PDL=true | above_RTHL=true | above_dayLowSoFar=true | above_midpoint=true | dayBrokePDL=true,2026.03.02 20:20:33; 2026.04.02 16:37:14; 2026.04.13 18:33:19; 2026.04.13 21:31:20; 2026.06.04 17:17:06; 2026.06.04 21:29:32; 2026.06.11 19:31:08
full,6,110,111,0.97,0.79,0.94,14,2.51,0.13,0.59,71.43,8.11,5,below_PDC=true | below_PDO=true | below_midpoint=true | dayBrokePDL=false | day_of_week=TUE,2026.03.24 01:17:09; 2026.03.24 14:09:14; 2026.03.31 01:08:36; 2026.04.07 14:07:02; 2026.04.07 17:05:57; 2026.04.21 17:03:24; 2026.04.28 13:10:01; 2026.05.12 09:02:33; 2026.05.12 16:31:18; 2026.05.19 03:21:42; 2026.05.19 11:31:53; 2026.05.26 02:06:59; 2026.06.09 02:09:00; 2026.06.23 03:50:07
ON,6,101,116,0.73,0.83,0.94,11,2.51,0.12,0.35,72.73,6.25,5,PD_trend=PD_green | above_PDL=true | below_ONL=true | below_PDC=true | below_dayLowSoFar=true,2026.03.20 10:50:10; 2026.04.02 03:03:52; 2026.04.02 03:18:02; 2026.04.07 03:11:46; 2026.04.07 14:06:45; 2026.04.28 13:12:44; 2026.05.12 03:17:07; 2026.05.15 03:25:32; 2026.06.01 15:14:06; 2026.06.02 02:26:15; 2026.06.05 02:01:24
full,6,110,111,0.97,0.79,0.94,14,2.51,0.12,0.53,71.43,8.1,9,below_ONH=true | below_ONL=true | below_PDC=true | below_PDH=true | below_PDO=true | below_dayHighSoFar=true | below_dayLowSoFar=true | below_midpoint=true | day_of_week=TUE,2026.03.24 01:17:09; 2026.03.24 14:09:14; 2026.03.31 01:08:36; 2026.04.07 14:07:02; 2026.04.07 17:05:57; 2026.04.21 17:03:24; 2026.04.28 13:10:01; 2026.05.12 09:02:33; 2026.05.12 16:31:18; 2026.05.19 03:21:42; 2026.05.19 11:31:53; 2026.05.19 16:21:08; 2026.05.26 02:06:59; 2026.06.23 03:50:07
RTH-afterIB,6,110,19,1.34,0.22,0.71,7,2.51,0.08,0.29,71.43,4.01,15,PD_trend=PD_green | above_PDL=true | below_IBH=true | below_IBL=true | below_ONH=true | below_ONL=true | below_PDC=true | below_PDH=true | below_RTHH=true | below_RTHL=true | below_dayHighSoFar=true | below_dayLowSoFar=true | below_midpoint=true | dayBrokePDH=true | dayBrokePDL=false,2026.03.05 18:26:39; 2026.04.07 17:05:57; 2026.04.10 18:41:46; 2026.04.21 17:03:24; 2026.05.07 18:12:33; 2026.05.07 19:26:02; 2026.05.27 17:44:27
ON,6,101,116,0.73,0.83,0.94,7,2.5,0.08,0.35,71.43,4.03,9,above_PDL=true | below_ONH=true | below_PDC=true | below_PDH=true | below_dayHighSoFar=true | below_midpoint=true | dayBrokePDL=false | day_of_week=FRI | openGap_info=unknown,2026.03.06 10:28:20; 2026.03.06 12:56:44; 2026.03.20 10:50:10; 2026.05.15 03:25:32; 2026.06.05 02:01:24; 2026.06.12 09:17:03; 2026.06.26 03:48:04
full,6,101,163,0.68,0.93,0.94,7,2.5,0.08,0.35,71.43,4.03,5,above_PDL=true | below_PDC=true | dayBrokePDL=false | day_of_week=FRI | openGap_info=unknown,2026.03.06 10:28:20; 2026.03.06 12:56:44; 2026.03.20 10:50:10; 2026.05.15 03:25:32; 2026.06.05 02:01:24; 2026.06.12 09:17:03; 2026.06.26 03:48:04
full,6,101,163,0.68,0.93,0.94,7,2.5,0.07,0.29,71.43,4.04,4,above_PDO=true | above_midpoint=true | below_PDH=true | day_of_week=WED,2026.03.11 01:09:31; 2026.03.25 01:11:31; 2026.05.20 01:33:52; 2026.05.20 14:34:12; 2026.05.27 01:30:37; 2026.06.24 15:52:10; 2026.06.24 16:59:04
RTH-afterIB,6,111,18,1.54,0.21,0.59,7,2.5,0.08,0.24,71.43,4.14,4,below_PDH=true | below_RTHH=true | below_dayHighSoFar=true | openGap_info=gapUp_Day,2026.03.23 17:29:41; 2026.03.25 16:17:59; 2026.05.07 18:12:33; 2026.06.09 17:26:28; 2026.06.09 18:09:33; 2026.06.11 19:50:55; 2026.06.24 21:07:14
full,6,107,67,0.78,0.66,0.71,7,2.5,0.09,0.41,71.43,4.02,6,above_ONH=true | above_PDO=true | above_dayHighSoFar=true | below_PDH=true | dayBrokePDH=false | dayBrokePDL=false,2026.03.04 16:26:26; 2026.03.10 01:46:06; 2026.04.09 17:32:50; 2026.04.20 15:30:01; 2026.05.05 09:04:39; 2026.05.20 01:33:52; 2026.05.27 01:30:37
