date,symbol,sentTime,startTime,endTime,sessionSent,magic,priceStart,priceEnd,priceDiff,profit,type,level,levelTag,levelSlot,MFE,MAE,MAEfirst15,mfeCandle,maeCandle,close_decision,close_detail,reason,volume,bothComments,planTradeNumToday,levelTradeNumToday,offset,tp,sl,greenRatio_at_close,avg_profitVelocity_5,secondsGreen,secondsRed,3c_30c_level_breakevenC,gapFillPc_at_tradeOpenTime,openGap_info,PD_trend,dayBrokePDH,dayBrokePDL,referencePointsAbove,referencePointsBelow,levelCats,wCeilingC,dCeilingC,wBounceC,dBounceC
2026.01.09,US500.pro,2026.01.09 15:11:49,2026.01.09 15:17:33,2026.01.09 15:22:27,ON,119156011111101414,6977.0,6969.1,-7.9,-1.46,DEAL_TYPE_BUY,6976.0,dailyPivot,60,0.3,-7.9,-0.4,1,6,secretTPSL_sl,profit=-7.9|lossThreshold=-7.0|slWhole=14|pct=50,DEAL_REASON_EXPERT,0.001,Falgo_placeholder| ,1,1,1.0,7.0,7.0,0.0515,-0.191,15,276,,unknown,unknown,PD_green,true,false,PDH;ONH;dayHighSoFar,PDO;PDL;PDC;ONL;dayLowSoFar;midpoint,daily_friday_pivot,5,1,9,1
2026.01.09,US500.pro,2026.01.09 15:11:49,2026.01.09 15:17:33,2026.01.09 15:22:27,ON,120156011111101414,6977.0,6969.1,-7.9,-1.46,DEAL_TYPE_BUY,6976.0,dailyPivot,60,0.3,-7.9,-0.4,1,6,secretTPSL_sl,profit=-7.9|lossThreshold=-7.0|slWhole=14|pct=50,DEAL_REASON_EXPERT,0.001,Falgo_placeholder| ,1,1,1.0,7.0,7.0,0.0515,-0.191,15,276,,unknown,unknown,PD_green,true,false,PDH;ONH;dayHighSoFar,PDO;PDL;PDC;ONL;dayLowSoFar;midpoint,daily_friday_pivot,5,1,9,1
2026.01.09,US500.pro,2026.01.09 15:11:49,2026.01.09 15:17:33,2026.01.09 15:22:27,ON,123156011111101414,6977.0,6969.1,-7.9,-1.46,DEAL_TYPE_BUY,6976.0,dailyPivot,60,0.3,-7.9,-0.4,1,6,secretTPSL_sl,profit=-7.9|lossThreshold=-7.0|slWhole=14|pct=50,DEAL_REASON_EXPERT,0.001,Falgo_placeholder| ,1,1,1.0,7.0,7.0,0.0515,-0.191,15,276,,unknown,unknown,PD_green,true,false,PDH;ONH;dayHighSoFar,PDO;PDL;PDC;ONL;dayLowSoFar;midpoint,daily_friday_pivot,5,1,9,1
2026.01.09,US500.pro,2026.01.09 15:11:49,2026.01.09 15:17:33,2026.01.09 15:22:27,ON,126156011111101414,6977.0,6969.1,-7.9,-1.46,DEAL_TYPE_BUY,6976.0,dailyPivot,60,0.3,-7.9,-0.4,1,6,secretTPSL_sl,profit=-7.9|lossThreshold=-7.0|slWhole=14|pct=50,DEAL_REASON_EXPERT,0.001,Falgo_placeholder| ,1,1,1.0,7.0,7.0,0.0515,-0.191,15,276,,unknown,unknown,PD_green,true,false,PDH;ONH;dayHighSoFar,PDO;PDL;PDC;ONL;dayLowSoFar;midpoint,daily_friday_pivot,5,1,9,1
2026.01.09,US500.pro,2026.01.09 15:11:49,2026.01.09 15:17:33,2026.01.09 15:22:27,ON,128156011111101414,6977.0,6969.1,-7.9,-1.46,DEAL_TYPE_BUY,6976.0,dailyPivot,60,0.3,-7.9,-0.4,1,6,secretTPSL_sl,profit=-7.9|lossThreshold=-7.0|slWhole=14|pct=50,DEAL_REASON_EXPERT,0.001,Falgo_placeholder| ,1,1,1.0,7.0,7.0,0.0515,-0.191,15,276,,unknown,unknown,PD_green,true,false,PDH;ONH;dayHighSoFar,PDO;PDL;PDC;ONL;dayLowSoFar;midpoint,daily_friday_pivot,5,1,9,1
2026.01.09,US500.pro,2026.01.09 15:11:49,2026.01.09 15:17:33,2026.01.09 15:22:27,ON,131156011111101414,6977.0,6969.1,-7.9,-1.46,DEAL_TYPE_BUY,6976.0,dailyPivot,60,0.3,-7.9,-0.4,1,6,secretTPSL_sl,profit=-7.9|lossThreshold=-7.0|slWhole=14|pct=50,DEAL_REASON_EXPERT,0.001,Falgo_placeholder| ,1,1,1.0,7.0,7.0,0.0515,-0.191,15,276,,unknown,unknown,PD_green,true,false,PDH;ONH;dayHighSoFar,PDO;PDL;PDC;ONL;dayLowSoFar;midpoint,daily_friday_pivot,5,1,9,1
2026.01.12,US500.pro,2026.01.12 01:05:25,2026.01.12 01:05:40,2026.01.12 01:34:37,ON,138212020041101414,6993.6,6986.5,7.1,1.29,DEAL_TYPE_SELL,6994.0,weeklyPivot,20,7.1,-2.7,-0.7,30,5,secretTPSL_tp,profit=7.1|threshold=7.0|tpWhole=14|pct=50,DEAL_REASON_EXPERT,0.001,Falgo_placeholder| ,1,1,0.4,7.0,7.0,0.3267,0.046,529,1075,,unknown,unknown,PD_green,false,false,PDH;PDC;ONH;dayHighSoFar;midpoint,PDO;PDL;ONL;dayLowSoFar,weekly_pivot_stacked_friday_monday_thursday_tuesday_wednesday,0,0,2,2
2026.01.12,US500.pro,2026.01.12 02:01:31,2026.01.12 02:04:08,2026.01.12 02:35:05,ON,138215910042101414,6975.8,6968.8,7.0,1.26,DEAL_TYPE_SELL,6976.0,dailyDown1,59,7.0,-1.7,-0.8,32,2,secretTPSL_tp,profit=7.0|threshold=7.0|tpWhole=14|pct=50,DEAL_REASON_EXPERT,0.001,Falgo_placeholder| ,2,1,0.2,7.0,7.0,0.7167,0.040,1298,421,,unknown,unknown,PD_green,false,false,PDH;PDC;ONH;dayHighSoFar;midpoint,PDO;PDL;ONL;dayLowSoFar,daily_monday,0,0,1,1
2026.01.13,US500.pro,2026.01.13 14:46:02,2026.01.13 14:47:46,2026.01.13 15:18:56,ON,119126010112201414,7017.5,7024.6,7.1,1.29,DEAL_TYPE_BUY,7017.0,dailyPivot,60,7.1,-4.8,-0.7,32,6,secretTPSL_tp,profit=7.1|threshold=7.0|tpWhole=14|pct=50,DEAL_REASON_EXPERT,0.001,Falgo_placeholder| ,2,2,0.5,7.0,7.0,0.8355,0.035,1534,302,29,unknown,unknown,PD_green,true,false,PDH;ONH;dayHighSoFar;midpoint,PDO;PDL;PDC;ONL;dayLowSoFar,daily_tuesday_pivot,3,0,4,1
2026.01.13,US500.pro,2026.01.13 14:46:02,2026.01.13 14:47:46,2026.01.13 15:18:56,ON,120126010112201414,7017.5,7024.6,7.1,1.29,DEAL_TYPE_BUY,7017.0,dailyPivot,60,7.1,-4.8,-0.7,32,6,secretTPSL_tp,profit=7.1|threshold=7.0|tpWhole=14|pct=50,DEAL_REASON_EXPERT,0.001,Falgo_placeholder| ,2,2,0.5,7.0,7.0,0.8355,0.035,1534,302,29,unknown,unknown,PD_green,true,false,PDH;ONH;dayHighSoFar;midpoint,PDO;PDL;PDC;ONL;dayLowSoFar,daily_tuesday_pivot,3,0,4,1
2026.01.13,US500.pro,2026.01.13 14:46:02,2026.01.13 14:47:46,2026.01.13 15:18:56,ON,123126010112201414,7017.5,7024.6,7.1,1.29,DEAL_TYPE_BUY,7017.0,dailyPivot,60,7.1,-4.8,-0.7,32,6,secretTPSL_tp,profit=7.1|threshold=7.0|tpWhole=14|pct=50,DEAL_REASON_EXPERT,0.001,Falgo_placeholder| ,2,2,0.5,7.0,7.0,0.8355,0.035,1534,302,29,unknown,unknown,PD_green,true,false,PDH;ONH;dayHighSoFar;midpoint,PDO;PDL;PDC;ONL;dayLowSoFar,daily_tuesday_pivot,3,0,4,1
2026.01.13,US500.pro,2026.01.13 14:46:02,2026.01.13 14:47:46,2026.01.13 15:18:56,ON,126126010112201414,7017.5,7024.6,7.1,1.29,DEAL_TYPE_BUY,7017.0,dailyPivot,60,7.1,-4.8,-0.7,32,6,secretTPSL_tp,profit=7.1|threshold=7.0|tpWhole=14|pct=50,DEAL_REASON_EXPERT,0.001,Falgo_placeholder| ,2,2,0.5,7.0,7.0,0.8355,0.035,1534,302,29,unknown,unknown,PD_green,true,false,PDH;ONH;dayHighSoFar;midpoint,PDO;PDL;PDC;ONL;dayLowSoFar,daily_tuesday_pivot,3,0,4,1
2026.01.13,US500.pro,2026.01.13 14:46:02,2026.01.13 14:47:46,2026.01.13 15:18:56,ON,128126010112201414,7017.5,7024.6,7.1,1.29,DEAL_TYPE_BUY,7017.0,dailyPivot,60,7.1,-4.8,-0.7,32,6,secretTPSL_tp,profit=7.1|threshold=7.0|tpWhole=14|pct=50,DEAL_REASON_EXPERT,0.001,Falgo_placeholder| ,2,2,0.5,7.0,7.0,0.8355,0.035,1534,302,29,unknown,unknown,PD_green,true,false,PDH;ONH;dayHighSoFar;midpoint,PDO;PDL;PDC;ONL;dayLowSoFar,daily_tuesday_pivot,3,0,4,1
2026.01.13,US500.pro,2026.01.13 14:46:02,2026.01.13 14:47:46,2026.01.13 15:18:56,ON,131126010112201414,7017.5,7024.6,7.1,1.29,DEAL_TYPE_BUY,7017.0,dailyPivot,60,7.1,-4.8,-0.7,32,6,secretTPSL_tp,profit=7.1|threshold=7.0|tpWhole=14|pct=50,DEAL_REASON_EXPERT,0.001,Falgo_placeholder| ,2,2,0.5,7.0,7.0,0.8355,0.035,1534,302,29,unknown,unknown,PD_green,true,false,PDH;ONH;dayHighSoFar;midpoint,PDO;PDL;PDC;ONL;dayLowSoFar,daily_tuesday_pivot,3,0,4,1
2026.01.13,US500.pro,2026.01.13 14:46:02,2026.01.13 14:47:46,2026.01.13 15:18:56,ON,132126010112201414,7017.5,7024.6,7.1,1.29,DEAL_TYPE_BUY,7017.0,dailyPivot,60,7.1,-4.8,-0.7,32,6,secretTPSL_tp,profit=7.1|threshold=7.0|tpWhole=14|pct=50,DEAL_REASON_EXPERT,0.001,Falgo_placeholder| ,2,2,0.5,7.0,7.0,0.8355,0.035,1534,302,29,unknown,unknown,PD_green,true,false,PDH;ONH;dayHighSoFar;midpoint,PDO;PDL;PDC;ONL;dayLowSoFar,daily_tuesday_pivot,3,0,4,1
2026.01.13,US500.pro,2026.01.13 16:02:35,2026.01.13 16:03:30,2026.01.13 16:05:31,RTH-IB,119122000113101414,6995.0,7002.1,7.1,1.29,DEAL_TYPE_BUY,6994.0,weeklyPivot,20,7.1,-0.7,-0.7,3,1,secretTPSL_tp,profit=7.1|threshold=7.0|tpWhole=14|pct=50,DEAL_REASON_EXPERT,0.001,Falgo_placeholder| ,3,1,1.0,7.0,7.0,0.9322,0.586,110,8,3,100.00,gapUp_Day,PD_green,true,false,PDH;PDC;ONH;ONL;RTHH;RTHL;dayHighSoFar;dayLowSoFar;midpoint,PDO;PDL,weekly_pivot_stacked_friday_monday_thursday_tuesday_wednesday,0,0,6,0
2026.01.13,US500.pro,2026.01.13 16:02:35,2026.01.13 16:03:30,2026.01.13 16:05:31,RTH-IB,120122000113101414,6995.0,7002.1,7.1,1.29,DEAL_TYPE_BUY,6994.0,weeklyPivot,20,7.1,-0.7,-0.7,3,1,secretTPSL_tp,profit=7.1|threshold=7.0|tpWhole=14|pct=50,DEAL_REASON_EXPERT,0.001,Falgo_placeholder| ,3,1,1.0,7.0,7.0,0.9322,0.586,110,8,3,100.00,gapUp_Day,PD_green,true,false,PDH;PDC;ONH;ONL;RTHH;RTHL;dayHighSoFar;dayLowSoFar;midpoint,PDO;PDL,weekly_pivot_stacked_friday_monday_thursday_tuesday_wednesday,0,0,6,0
2026.01.13,US500.pro,2026.01.13 16:02:35,2026.01.13 16:03:30,2026.01.13 16:05:31,RTH-IB,123122000113101414,6995.0,7002.1,7.1,1.29,DEAL_TYPE_BUY,6994.0,weeklyPivot,20,7.1,-0.7,-0.7,3,1,secretTPSL_tp,profit=7.1|threshold=7.0|tpWhole=14|pct=50,DEAL_REASON_EXPERT,0.001,Falgo_placeholder| ,3,1,1.0,7.0,7.0,0.9322,0.586,110,8,3,100.00,gapUp_Day,PD_green,true,false,PDH;PDC;ONH;ONL;RTHH;RTHL;dayHighSoFar;dayLowSoFar;midpoint,PDO;PDL,weekly_pivot_stacked_friday_monday_thursday_tuesday_wednesday,0,0,6,0
2026.01.13,US500.pro,2026.01.13 16:02:35,2026.01.13 16:03:30,2026.01.13 16:05:31,RTH-IB,126122000113101414,6995.0,7002.1,7.1,1.29,DEAL_TYPE_BUY,6994.0,weeklyPivot,20,7.1,-0.7,-0.7,3,1,secretTPSL_tp,profit=7.1|threshold=7.0|tpWhole=14|pct=50,DEAL_REASON_EXPERT,0.001,Falgo_placeholder| ,3,1,1.0,7.0,7.0,0.9322,0.586,110,8,3,100.00,gapUp_Day,PD_green,true,false,PDH;PDC;ONH;ONL;RTHH;RTHL;dayHighSoFar;dayLowSoFar;midpoint,PDO;PDL,weekly_pivot_stacked_friday_monday_thursday_tuesday_wednesday,0,0,6,0
2026.01.13,US500.pro,2026.01.13 16:02:35,2026.01.13 16:03:30,2026.01.13 16:05:31,RTH-IB,128122000113101414,6995.0,7002.1,7.1,1.29,DEAL_TYPE_BUY,6994.0,weeklyPivot,20,7.1,-0.7,-0.7,3,1,secretTPSL_tp,profit=7.1|threshold=7.0|tpWhole=14|pct=50,DEAL_REASON_EXPERT,0.001,Falgo_placeholder| ,3,1,1.0,7.0,7.0,0.9322,0.586,110,8,3,100.00,gapUp_Day,PD_green,true,false,PDH;PDC;ONH;ONL;RTHH;RTHL;dayHighSoFar;dayLowSoFar;midpoint,PDO;PDL,weekly_pivot_stacked_friday_monday_thursday_tuesday_wednesday,0,0,6,0
2026.01.13,US500.pro,2026.01.13 16:02:35,2026.01.13 16:03:30,2026.01.13 16:05:31,RTH-IB,131122000113101414,6995.0,7002.1,7.1,1.29,DEAL_TYPE_BUY,6994.0,weeklyPivot,20,7.1,-0.7,-0.7,3,1,secretTPSL_tp,profit=7.1|threshold=7.0|tpWhole=14|pct=50,DEAL_REASON_EXPERT,0.001,Falgo_placeholder| ,3,1,1.0,7.0,7.0,0.9322,0.586,110,8,3,100.00,gapUp_Day,PD_green,true,false,PDH;PDC;ONH;ONL;RTHH;RTHL;dayHighSoFar;dayLowSoFar;midpoint,PDO;PDL,weekly_pivot_stacked_friday_monday_thursday_tuesday_wednesday,0,0,6,0
2026.01.13,US500.pro,2026.01.13 16:02:35,2026.01.13 16:03:30,2026.01.13 16:05:31,RTH-IB,132122000113101414,6995.0,7002.1,7.1,1.29,DEAL_TYPE_BUY,6994.0,weeklyPivot,20,7.1,-0.7,-0.7,3,1,secretTPSL_tp,profit=7.1|threshold=7.0|tpWhole=14|pct=50,DEAL_REASON_EXPERT,0.001,Falgo_placeholder| ,3,1,1.0,7.0,7.0,0.9322,0.586,110,8,3,100.00,gapUp_Day,PD_green,true,false,PDH;PDC;ONH;ONL;RTHH;RTHL;dayHighSoFar;dayLowSoFar;midpoint,PDO;PDL,weekly_pivot_stacked_friday_monday_thursday_tuesday_wednesday,0,0,6,0
2026.01.13,US500.pro,2026.01.13 21:29:01,2026.01.13 21:30:41,2026.01.13 21:50:20,RTH-afterIB,119125800117401414,6982.0,6989.1,7.1,1.29,DEAL_TYPE_BUY,6981.0,dailyDown2,58,7.1,-5.4,-0.2,21,5,secretTPSL_tp,profit=7.1|threshold=7.0|tpWhole=14|pct=50,DEAL_REASON_EXPERT,0.001,Falgo_placeholder| ,7,4,1.0,7.0,7.0,0.6258,0.067,729,436,23,100.00,gapUp_Day,PD_green,true,false,PDH;PDC;ONH;ONL;RTHH;RTHL;IBL;IBH;dayHighSoFar;dayLowSoFar;midpoint,PDO;PDL,daily_tuesday,3,0,2,0
2026.01.13,US500.pro,2026.01.13 21:29:01,2026.01.13 21:30:41,2026.01.13 21:50:20,RTH-afterIB,120125800117401414,6982.0,6989.1,7.1,1.29,DEAL_TYPE_BUY,6981.0,dailyDown2,58,7.1,-5.4,-0.2,21,5,secretTPSL_tp,profit=7.1|threshold=7.0|tpWhole=14|pct=50,DEAL_REASON_EXPERT,0.001,Falgo_placeholder| ,7,4,1.0,7.0,7.0,0.6258,0.067,729,436,23,100.00,gapUp_Day,PD_green,true,false,PDH;PDC;ONH;ONL;RTHH;RTHL;IBL;IBH;dayHighSoFar;dayLowSoFar;midpoint,PDO;PDL,daily_tuesday,3,0,2,0
2026.01.13,US500.pro,2026.01.13 21:29:01,2026.01.13 21:30:41,2026.01.13 21:50:20,RTH-afterIB,123125800117401414,6982.0,6989.1,7.1,1.29,DEAL_TYPE_BUY,6981.0,dailyDown2,58,7.1,-5.4,-0.2,21,5,secretTPSL_tp,profit=7.1|threshold=7.0|tpWhole=14|pct=50,DEAL_REASON_EXPERT,0.001,Falgo_placeholder| ,7,4,1.0,7.0,7.0,0.6258,0.067,729,436,23,100.00,gapUp_Day,PD_green,true,false,PDH;PDC;ONH;ONL;RTHH;RTHL;IBL;IBH;dayHighSoFar;dayLowSoFar;midpoint,PDO;PDL,daily_tuesday,3,0,2,0
2026.01.13,US500.pro,2026.01.13 21:29:01,2026.01.13 21:30:41,2026.01.13 21:50:20,RTH-afterIB,126125800117401414,6982.0,6989.1,7.1,1.29,DEAL_TYPE_BUY,6981.0,dailyDown2,58,7.1,-5.4,-0.2,21,5,secretTPSL_tp,profit=7.1|threshold=7.0|tpWhole=14|pct=50,DEAL_REASON_EXPERT,0.001,Falgo_placeholder| ,7,4,1.0,7.0,7.0,0.6258,0.067,729,436,23,100.00,gapUp_Day,PD_green,true,false,PDH;PDC;ONH;ONL;RTHH;RTHL;IBL;IBH;dayHighSoFar;dayLowSoFar;midpoint,PDO;PDL,daily_tuesday,3,0,2,0
2026.01.13,US500.pro,2026.01.13 21:29:01,2026.01.13 21:30:41,2026.01.13 21:50:20,RTH-afterIB,128125800117401414,6982.0,6989.1,7.1,1.29,DEAL_TYPE_BUY,6981.0,dailyDown2,58,7.1,-5.4,-0.2,21,5,secretTPSL_tp,profit=7.1|threshold=7.0|tpWhole=14|pct=50,DEAL_REASON_EXPERT,0.001,Falgo_placeholder| ,7,4,1.0,7.0,7.0,0.6258,0.067,729,436,23,100.00,gapUp_Day,PD_green,true,false,PDH;PDC;ONH;ONL;RTHH;RTHL;IBL;IBH;dayHighSoFar;dayLowSoFar;midpoint,PDO;PDL,daily_tuesday,3,0,2,0
2026.01.13,US500.pro,2026.01.13 21:29:01,2026.01.13 21:30:41,2026.01.13 21:50:20,RTH-afterIB,131125800117401414,6982.0,6989.1,7.1,1.29,DEAL_TYPE_BUY,6981.0,dailyDown2,58,7.1,-5.4,-0.2,21,5,secretTPSL_tp,profit=7.1|threshold=7.0|tpWhole=14|pct=50,DEAL_REASON_EXPERT,0.001,Falgo_placeholder| ,7,4,1.0,7.0,7.0,0.6258,0.067,729,436,23,100.00,gapUp_Day,PD_green,true,false,PDH;PDC;ONH;ONL;RTHH;RTHL;IBL;IBH;dayHighSoFar;dayLowSoFar;midpoint,PDO;PDL,daily_tuesday,3,0,2,0
2026.01.13,US500.pro,2026.01.13 21:29:01,2026.01.13 21:30:41,2026.01.13 21:50:20,RTH-afterIB,132125800117401414,6982.0,6989.1,7.1,1.29,DEAL_TYPE_BUY,6981.0,dailyDown2,58,7.1,-5.4,-0.2,21,5,secretTPSL_tp,profit=7.1|threshold=7.0|tpWhole=14|pct=50,DEAL_REASON_EXPERT,0.001,Falgo_placeholder| ,7,4,1.0,7.0,7.0,0.6258,0.067,729,436,23,100.00,gapUp_Day,PD_green,true,false,PDH;PDC;ONH;ONL;RTHH;RTHL;IBL;IBH;dayHighSoFar;dayLowSoFar;midpoint,PDO;PDL,daily_tuesday,3,0,2,0
2026.01.26,US500.pro,2026.01.26 02:22:02,2026.01.26 02:22:02,2026.01.26 03:45:37,ON,138215900042201414,6930.8,6923.8,7.0,1.23,DEAL_TYPE_SELL,6931.0,dailyDown1,59,7.0,-3.0,-2.0,84,1,secretTPSL_tp,profit=7.0|threshold=7.0|tpWhole=14|pct=50,DEAL_REASON_EXPERT,0.001,Falgo_placeholder| ,2,2,0.2,7.0,7.0,0.6103,0.014,2973,1605,,unknown,unknown,PD_green,false,true,PDO;PDH;PDC,PDL;ONH;ONL;dayHighSoFar;dayLowSoFar;midpoint,daily_monday,0,0,0,0
2026.01.27,US500.pro,2026.01.27 09:29:01,2026.01.27 09:36:14,2026.01.27 12:35:07,ON,119126110114401414,6994.8,7001.8,7.0,1.23,DEAL_TYPE_BUY,6994.0,dailyUp1,61,7.0,-0.7,-0.7,180,1,secretTPSL_tp,profit=7.0|threshold=7.0|tpWhole=14|pct=50,DEAL_REASON_EXPERT,0.001,Falgo_placeholder| ,4,4,0.8,7.0,7.0,0.9714,0.008,9022,123,,unknown,unknown,PD_green,true,false,PDH;ONH;dayHighSoFar,PDO;PDL;PDC;ONL;dayLowSoFar;midpoint,daily_tuesday,2,0,1,1
2026.01.27,US500.pro,2026.01.27 09:29:01,2026.01.27 09:36:14,2026.01.27 12:35:07,ON,120126110114401414,6994.8,7001.8,7.0,1.23,DEAL_TYPE_BUY,6994.0,dailyUp1,61,7.0,-0.7,-0.7,180,1,secretTPSL_tp,profit=7.0|threshold=7.0|tpWhole=14|pct=50,DEAL_REASON_EXPERT,0.001,Falgo_placeholder| ,4,4,0.8,7.0,7.0,0.9714,0.008,9022,123,,unknown,unknown,PD_green,true,false,PDH;ONH;dayHighSoFar,PDO;PDL;PDC;ONL;dayLowSoFar;midpoint,daily_tuesday,2,0,1,1
2026.01.27,US500.pro,2026.01.27 09:29:01,2026.01.27 09:36:14,2026.01.27 12:35:07,ON,123126110114401414,6994.8,7001.8,7.0,1.23,DEAL_TYPE_BUY,6994.0,dailyUp1,61,7.0,-0.7,-0.7,180,1,secretTPSL_tp,profit=7.0|threshold=7.0|tpWhole=14|pct=50,DEAL_REASON_EXPERT,0.001,Falgo_placeholder| ,4,4,0.8,7.0,7.0,0.9714,0.008,9022,123,,unknown,unknown,PD_green,true,false,PDH;ONH;dayHighSoFar,PDO;PDL;PDC;ONL;dayLowSoFar;midpoint,daily_tuesday,2,0,1,1
2026.01.27,US500.pro,2026.01.27 09:29:01,2026.01.27 09:36:14,2026.01.27 12:35:07,ON,126126110114401414,6994.8,7001.8,7.0,1.23,DEAL_TYPE_BUY,6994.0,dailyUp1,61,7.0,-0.7,-0.7,180,1,secretTPSL_tp,profit=7.0|threshold=7.0|tpWhole=14|pct=50,DEAL_REASON_EXPERT,0.001,Falgo_placeholder| ,4,4,0.8,7.0,7.0,0.9714,0.008,9022,123,,unknown,unknown,PD_green,true,false,PDH;ONH;dayHighSoFar,PDO;PDL;PDC;ONL;dayLowSoFar;midpoint,daily_tuesday,2,0,1,1
2026.01.27,US500.pro,2026.01.27 09:29:01,2026.01.27 09:36:14,2026.01.27 12:35:07,ON,128126110114401414,6994.8,7001.8,7.0,1.23,DEAL_TYPE_BUY,6994.0,dailyUp1,61,7.0,-0.7,-0.7,180,1,secretTPSL_tp,profit=7.0|threshold=7.0|tpWhole=14|pct=50,DEAL_REASON_EXPERT,0.001,Falgo_placeholder| ,4,4,0.8,7.0,7.0,0.9714,0.008,9022,123,,unknown,unknown,PD_green,true,false,PDH;ONH;dayHighSoFar,PDO;PDL;PDC;ONL;dayLowSoFar;midpoint,daily_tuesday,2,0,1,1
2026.01.27,US500.pro,2026.01.27 09:29:01,2026.01.27 09:36:14,2026.01.27 12:35:07,ON,131126110114401414,6994.8,7001.8,7.0,1.23,DEAL_TYPE_BUY,6994.0,dailyUp1,61,7.0,-0.7,-0.7,180,1,secretTPSL_tp,profit=7.0|threshold=7.0|tpWhole=14|pct=50,DEAL_REASON_EXPERT,0.001,Falgo_placeholder| ,4,4,0.8,7.0,7.0,0.9714,0.008,9022,123,,unknown,unknown,PD_green,true,false,PDH;ONH;dayHighSoFar,PDO;PDL;PDC;ONL;dayLowSoFar;midpoint,daily_tuesday,2,0,1,1
2026.01.28,US500.pro,2026.01.28 16:09:01,2026.01.28 16:09:35,2026.01.28 16:44:51,RTH-IB,119136010118801414,7018.0,7010.8,-7.2,-1.27,DEAL_TYPE_BUY,7017.0,dailyPivot,60,4.6,-7.2,-1.4,16,36,secretTPSL_sl,profit=-7.2|lossThreshold=-7.0|slWhole=14|pct=50,DEAL_REASON_EXPERT,0.001,Falgo_placeholder| ,8,8,1.0,7.0,7.0,0.3380,-0.025,701,1373,,41.35,gapUp_Day,PD_green,true,false,PDH;ONH;RTHH;RTHL;dayHighSoFar;midpoint,PDO;PDL;PDC;ONL;dayLowSoFar,daily_wednesday_pivot,3,0,1,1
2026.01.28,US500.pro,2026.01.28 16:09:01,2026.01.28 16:09:35,2026.01.28 16:44:51,RTH-IB,120136010118801414,7018.0,7010.8,-7.2,-1.27,DEAL_TYPE_BUY,7017.0,dailyPivot,60,4.6,-7.2,-1.4,16,36,secretTPSL_sl,profit=-7.2|lossThreshold=-7.0|slWhole=14|pct=50,DEAL_REASON_EXPERT,0.001,Falgo_placeholder| ,8,8,1.0,7.0,7.0,0.3380,-0.025,701,1373,,41.35,gapUp_Day,PD_green,true,false,PDH;ONH;RTHH;RTHL;dayHighSoFar;midpoint,PDO;PDL;PDC;ONL;dayLowSoFar,daily_wednesday_pivot,3,0,1,1
2026.01.28,US500.pro,2026.01.28 16:09:01,2026.01.28 16:09:35,2026.01.28 16:44:51,RTH-IB,123136010118801414,7018.0,7010.8,-7.2,-1.27,DEAL_TYPE_BUY,7017.0,dailyPivot,60,4.6,-7.2,-1.4,16,36,secretTPSL_sl,profit=-7.2|lossThreshold=-7.0|slWhole=14|pct=50,DEAL_REASON_EXPERT,0.001,Falgo_placeholder| ,8,8,1.0,7.0,7.0,0.3380,-0.025,701,1373,,41.35,gapUp_Day,PD_green,true,false,PDH;ONH;RTHH;RTHL;dayHighSoFar;midpoint,PDO;PDL;PDC;ONL;dayLowSoFar,daily_wednesday_pivot,3,0,1,1
2026.01.28,US500.pro,2026.01.28 16:09:01,2026.01.28 16:09:35,2026.01.28 16:44:51,RTH-IB,126136010118801414,7018.0,7010.8,-7.2,-1.27,DEAL_TYPE_BUY,7017.0,dailyPivot,60,4.6,-7.2,-1.4,16,36,secretTPSL_sl,profit=-7.2|lossThreshold=-7.0|slWhole=14|pct=50,DEAL_REASON_EXPERT,0.001,Falgo_placeholder| ,8,8,1.0,7.0,7.0,0.3380,-0.025,701,1373,,41.35,gapUp_Day,PD_green,true,false,PDH;ONH;RTHH;RTHL;dayHighSoFar;midpoint,PDO;PDL;PDC;ONL;dayLowSoFar,daily_wednesday_pivot,3,0,1,1
2026.01.28,US500.pro,2026.01.28 16:09:01,2026.01.28 16:09:35,2026.01.28 16:44:51,RTH-IB,128136010118801414,7018.0,7010.8,-7.2,-1.27,DEAL_TYPE_BUY,7017.0,dailyPivot,60,4.6,-7.2,-1.4,16,36,secretTPSL_sl,profit=-7.2|lossThreshold=-7.0|slWhole=14|pct=50,DEAL_REASON_EXPERT,0.001,Falgo_placeholder| ,8,8,1.0,7.0,7.0,0.3380,-0.025,701,1373,,41.35,gapUp_Day,PD_green,true,false,PDH;ONH;RTHH;RTHL;dayHighSoFar;midpoint,PDO;PDL;PDC;ONL;dayLowSoFar,daily_wednesday_pivot,3,0,1,1
2026.01.28,US500.pro,2026.01.28 16:09:01,2026.01.28 16:09:35,2026.01.28 16:44:51,RTH-IB,131136010118801414,7018.0,7010.8,-7.2,-1.27,DEAL_TYPE_BUY,7017.0,dailyPivot,60,4.6,-7.2,-1.4,16,36,secretTPSL_sl,profit=-7.2|lossThreshold=-7.0|slWhole=14|pct=50,DEAL_REASON_EXPERT,0.001,Falgo_placeholder| ,8,8,1.0,7.0,7.0,0.3380,-0.025,701,1373,,41.35,gapUp_Day,PD_green,true,false,PDH;ONH;RTHH;RTHL;dayHighSoFar;midpoint,PDO;PDL;PDC;ONL;dayLowSoFar,daily_wednesday_pivot,3,0,1,1
2026.01.28,US500.pro,2026.01.28 16:09:01,2026.01.28 16:09:35,2026.01.28 16:44:51,RTH-IB,132136010118801414,7018.0,7010.8,-7.2,-1.27,DEAL_TYPE_BUY,7017.0,dailyPivot,60,4.6,-7.2,-1.4,16,36,secretTPSL_sl,profit=-7.2|lossThreshold=-7.0|slWhole=14|pct=50,DEAL_REASON_EXPERT,0.001,Falgo_placeholder| ,8,8,1.0,7.0,7.0,0.3380,-0.025,701,1373,,41.35,gapUp_Day,PD_green,true,false,PDH;ONH;RTHH;RTHL;dayHighSoFar;midpoint,PDO;PDL;PDC;ONL;dayLowSoFar,daily_wednesday_pivot,3,0,1,1
2026.01.28,US500.pro,2026.01.28 20:02:02,2026.01.28 20:02:14,2026.01.28 20:04:27,RTH-afterIB,119135900118701414,6995.1,7002.4,7.3,1.30,DEAL_TYPE_BUY,6994.0,dailyDown1,59,7.3,-2.8,-2.8,3,1,secretTPSL_tp,profit=7.3|threshold=7.0|tpWhole=14|pct=50,DEAL_REASON_EXPERT,0.001,Falgo_placeholder| ,8,7,1.1,7.0,7.0,0.9063,0.365,116,10,3,100.00,gapUp_Day,PD_green,true,false,PDO;PDH;PDC;ONH;ONL;RTHH;RTHL;IBL;IBH;dayHighSoFar;dayLowSoFar;midpoint,PDL,daily_wednesday,4,0,3,0
2026.01.28,US500.pro,2026.01.28 20:02:02,2026.01.28 20:02:14,2026.01.28 20:04:27,RTH-afterIB,120135900118701414,6995.1,7002.4,7.3,1.30,DEAL_TYPE_BUY,6994.0,dailyDown1,59,7.3,-2.8,-2.8,3,1,secretTPSL_tp,profit=7.3|threshold=7.0|tpWhole=14|pct=50,DEAL_REASON_EXPERT,0.001,Falgo_placeholder| ,8,7,1.1,7.0,7.0,0.9063,0.365,116,10,3,100.00,gapUp_Day,PD_green,true,false,PDO;PDH;PDC;ONH;ONL;RTHH;RTHL;IBL;IBH;dayHighSoFar;dayLowSoFar;midpoint,PDL,daily_wednesday,4,0,3,0
2026.01.28,US500.pro,2026.01.28 20:02:02,2026.01.28 20:02:14,2026.01.28 20:04:27,RTH-afterIB,123135900118701414,6995.1,7002.4,7.3,1.30,DEAL_TYPE_BUY,6994.0,dailyDown1,59,7.3,-2.8,-2.8,3,1,secretTPSL_tp,profit=7.3|threshold=7.0|tpWhole=14|pct=50,DEAL_REASON_EXPERT,0.001,Falgo_placeholder| ,8,7,1.1,7.0,7.0,0.9063,0.365,116,10,3,100.00,gapUp_Day,PD_green,true,false,PDO;PDH;PDC;ONH;ONL;RTHH;RTHL;IBL;IBH;dayHighSoFar;dayLowSoFar;midpoint,PDL,daily_wednesday,4,0,3,0
2026.01.28,US500.pro,2026.01.28 20:02:02,2026.01.28 20:02:14,2026.01.28 20:04:27,RTH-afterIB,126135900118701414,6995.1,7002.4,7.3,1.30,DEAL_TYPE_BUY,6994.0,dailyDown1,59,7.3,-2.8,-2.8,3,1,secretTPSL_tp,profit=7.3|threshold=7.0|tpWhole=14|pct=50,DEAL_REASON_EXPERT,0.001,Falgo_placeholder| ,8,7,1.1,7.0,7.0,0.9063,0.365,116,10,3,100.00,gapUp_Day,PD_green,true,false,PDO;PDH;PDC;ONH;ONL;RTHH;RTHL;IBL;IBH;dayHighSoFar;dayLowSoFar;midpoint,PDL,daily_wednesday,4,0,3,0
2026.01.28,US500.pro,2026.01.28 20:02:02,2026.01.28 20:02:14,2026.01.28 20:04:27,RTH-afterIB,128135900118701414,6995.1,7002.4,7.3,1.30,DEAL_TYPE_BUY,6994.0,dailyDown1,59,7.3,-2.8,-2.8,3,1,secretTPSL_tp,profit=7.3|threshold=7.0|tpWhole=14|pct=50,DEAL_REASON_EXPERT,0.001,Falgo_placeholder| ,8,7,1.1,7.0,7.0,0.9063,0.365,116,10,3,100.00,gapUp_Day,PD_green,true,false,PDO;PDH;PDC;ONH;ONL;RTHH;RTHL;IBL;IBH;dayHighSoFar;dayLowSoFar;midpoint,PDL,daily_wednesday,4,0,3,0
2026.01.28,US500.pro,2026.01.28 20:02:02,2026.01.28 20:02:14,2026.01.28 20:04:27,RTH-afterIB,131135900118701414,6995.1,7002.4,7.3,1.30,DEAL_TYPE_BUY,6994.0,dailyDown1,59,7.3,-2.8,-2.8,3,1,secretTPSL_tp,profit=7.3|threshold=7.0|tpWhole=14|pct=50,DEAL_REASON_EXPERT,0.001,Falgo_placeholder| ,8,7,1.1,7.0,7.0,0.9063,0.365,116,10,3,100.00,gapUp_Day,PD_green,true,false,PDO;PDH;PDC;ONH;ONL;RTHH;RTHL;IBL;IBH;dayHighSoFar;dayLowSoFar;midpoint,PDL,daily_wednesday,4,0,3,0
2026.01.28,US500.pro,2026.01.28 20:02:02,2026.01.28 20:02:14,2026.01.28 20:04:27,RTH-afterIB,132135900118701414,6995.1,7002.4,7.3,1.30,DEAL_TYPE_BUY,6994.0,dailyDown1,59,7.3,-2.8,-2.8,3,1,secretTPSL_tp,profit=7.3|threshold=7.0|tpWhole=14|pct=50,DEAL_REASON_EXPERT,0.001,Falgo_placeholder| ,8,7,1.1,7.0,7.0,0.9063,0.365,116,10,3,100.00,gapUp_Day,PD_green,true,false,PDO;PDH;PDC;ONH;ONL;RTHH;RTHL;IBL;IBH;dayHighSoFar;dayLowSoFar;midpoint,PDL,daily_wednesday,4,0,3,0
2026.02.02,US500.pro,2026.02.02 16:42:50,2026.02.02 16:49:02,2026.02.02 17:05:16,RTH-afterIB,119112020111101414,6995.0,6987.8,-7.2,-1.30,DEAL_TYPE_BUY,6994.0,weeklyPivot,20,4.6,-7.2,-0.4,6,17,secretTPSL_sl,profit=-7.2|lossThreshold=-7.0|slWhole=14|pct=50,DEAL_REASON_EXPERT,0.001,Falgo_placeholder| ,1,1,1.0,7.0,7.0,0.4063,-0.050,390,570,6,100.00,gapDown_Day,PD_red,true,true,PDH;RTHH;IBH;dayHighSoFar,PDO;PDL;PDC;ONH;ONL;RTHL;IBL;dayLowSoFar;midpoint,weekly_pivot_stacked_monday_tuesday,0,0,2,2
2026.02.03,US500.pro,2026.02.03 15:54:33,2026.02.03 15:55:07,2026.02.03 15:57:21,RTH-IB,119122000112201414,6995.0,6987.7,-7.3,-1.33,DEAL_TYPE_BUY,6994.0,weeklyPivot,20,1.1,-7.3,-0.9,1,3,secretTPSL_sl,profit=-7.3|lossThreshold=-7.0|slWhole=14|pct=50,DEAL_REASON_EXPERT,0.001,Falgo_placeholder| ,2,2,1.0,7.0,7.0,0.2109,-0.430,27,101,,100.00,gapUp_Day,PD_green,true,false,PDH;PDC;ONH;ONL;RTHH;RTHL;dayHighSoFar;dayLowSoFar;midpoint,PDO;PDL,weekly_pivot_stacked_monday_tuesday,1,0,5,0
2026.02.03,US500.pro,2026.02.03 15:54:33,2026.02.03 15:55:07,2026.02.03 15:57:21,RTH-IB,120122000112201414,6995.0,6987.7,-7.3,-1.33,DEAL_TYPE_BUY,6994.0,weeklyPivot,20,1.1,-7.3,-0.9,1,3,secretTPSL_sl,profit=-7.3|lossThreshold=-7.0|slWhole=14|pct=50,DEAL_REASON_EXPERT,0.001,Falgo_placeholder| ,2,2,1.0,7.0,7.0,0.2109,-0.430,27,101,,100.00,gapUp_Day,PD_green,true,false,PDH;PDC;ONH;ONL;RTHH;RTHL;dayHighSoFar;dayLowSoFar;midpoint,PDO;PDL,weekly_pivot_stacked_monday_tuesday,1,0,5,0
2026.02.03,US500.pro,2026.02.03 15:54:33,2026.02.03 15:55:07,2026.02.03 15:57:21,RTH-IB,123122000112201414,6995.0,6987.7,-7.3,-1.33,DEAL_TYPE_BUY,6994.0,weeklyPivot,20,1.1,-7.3,-0.9,1,3,secretTPSL_sl,profit=-7.3|lossThreshold=-7.0|slWhole=14|pct=50,DEAL_REASON_EXPERT,0.001,Falgo_placeholder| ,2,2,1.0,7.0,7.0,0.2109,-0.430,27,101,,100.00,gapUp_Day,PD_green,true,false,PDH;PDC;ONH;ONL;RTHH;RTHL;dayHighSoFar;dayLowSoFar;midpoint,PDO;PDL,weekly_pivot_stacked_monday_tuesday,1,0,5,0
2026.02.03,US500.pro,2026.02.03 15:54:33,2026.02.03 15:55:07,2026.02.03 15:57:21,RTH-IB,126122000112201414,6995.0,6987.7,-7.3,-1.33,DEAL_TYPE_BUY,6994.0,weeklyPivot,20,1.1,-7.3,-0.9,1,3,secretTPSL_sl,profit=-7.3|lossThreshold=-7.0|slWhole=14|pct=50,DEAL_REASON_EXPERT,0.001,Falgo_placeholder| ,2,2,1.0,7.0,7.0,0.2109,-0.430,27,101,,100.00,gapUp_Day,PD_green,true,false,PDH;PDC;ONH;ONL;RTHH;RTHL;dayHighSoFar;dayLowSoFar;midpoint,PDO;PDL,weekly_pivot_stacked_monday_tuesday,1,0,5,0
2026.02.03,US500.pro,2026.02.03 15:54:33,2026.02.03 15:55:07,2026.02.03 15:57:21,RTH-IB,128122000112201414,6995.0,6987.7,-7.3,-1.33,DEAL_TYPE_BUY,6994.0,weeklyPivot,20,1.1,-7.3,-0.9,1,3,secretTPSL_sl,profit=-7.3|lossThreshold=-7.0|slWhole=14|pct=50,DEAL_REASON_EXPERT,0.001,Falgo_placeholder| ,2,2,1.0,7.0,7.0,0.2109,-0.430,27,101,,100.00,gapUp_Day,PD_green,true,false,PDH;PDC;ONH;ONL;RTHH;RTHL;dayHighSoFar;dayLowSoFar;midpoint,PDO;PDL,weekly_pivot_stacked_monday_tuesday,1,0,5,0
2026.02.03,US500.pro,2026.02.03 15:54:33,2026.02.03 15:55:07,2026.02.03 15:57:21,RTH-IB,131122000112201414,6995.0,6987.7,-7.3,-1.33,DEAL_TYPE_BUY,6994.0,weeklyPivot,20,1.1,-7.3,-0.9,1,3,secretTPSL_sl,profit=-7.3|lossThreshold=-7.0|slWhole=14|pct=50,DEAL_REASON_EXPERT,0.001,Falgo_placeholder| ,2,2,1.0,7.0,7.0,0.2109,-0.430,27,101,,100.00,gapUp_Day,PD_green,true,false,PDH;PDC;ONH;ONL;RTHH;RTHL;dayHighSoFar;dayLowSoFar;midpoint,PDO;PDL,weekly_pivot_stacked_monday_tuesday,1,0,5,0
2026.02.03,US500.pro,2026.02.03 15:54:33,2026.02.03 15:55:07,2026.02.03 15:57:21,RTH-IB,132122000112201414,6995.0,6987.7,-7.3,-1.33,DEAL_TYPE_BUY,6994.0,weeklyPivot,20,1.1,-7.3,-0.9,1,3,secretTPSL_sl,profit=-7.3|lossThreshold=-7.0|slWhole=14|pct=50,DEAL_REASON_EXPERT,0.001,Falgo_placeholder| ,2,2,1.0,7.0,7.0,0.2109,-0.430,27,101,,100.00,gapUp_Day,PD_green,true,false,PDH;PDC;ONH;ONL;RTHH;RTHL;dayHighSoFar;dayLowSoFar;midpoint,PDO;PDL,weekly_pivot_stacked_monday_tuesday,1,0,5,0
2026.02.03,US500.pro,2026.02.03 16:00:28,2026.02.03 16:02:01,2026.02.03 16:04:08,RTH-IB,119125900113101414,6972.0,6979.1,7.1,1.28,DEAL_TYPE_BUY,6971.0,dailyDown1,59,7.1,-4.2,-2.2,3,2,secretTPSL_tp,profit=7.1|threshold=7.0|tpWhole=14|pct=50,DEAL_REASON_EXPERT,0.001,Falgo_placeholder| ,3,1,1.0,7.0,7.0,0.3440,0.433,43,82,4,100.00,gapUp_Day,PD_green,true,false,PDH;PDC;ONH;ONL;RTHH;RTHL;dayHighSoFar;dayLowSoFar;midpoint,PDO;PDL,daily_tuesday,0,0,3,0
2026.02.03,US500.pro,2026.02.03 16:00:28,2026.02.03 16:02:01,2026.02.03 16:04:08,RTH-IB,120125900113101414,6972.0,6979.1,7.1,1.28,DEAL_TYPE_BUY,6971.0,dailyDown1,59,7.1,-4.2,-2.2,3,2,secretTPSL_tp,profit=7.1|threshold=7.0|tpWhole=14|pct=50,DEAL_REASON_EXPERT,0.001,Falgo_placeholder| ,3,1,1.0,7.0,7.0,0.3440,0.433,43,82,4,100.00,gapUp_Day,PD_green,true,false,PDH;PDC;ONH;ONL;RTHH;RTHL;dayHighSoFar;dayLowSoFar;midpoint,PDO;PDL,daily_tuesday,0,0,3,0
2026.02.03,US500.pro,2026.02.03 16:00:28,2026.02.03 16:02:01,2026.02.03 16:04:08,RTH-IB,123125900113101414,6972.0,6979.1,7.1,1.28,DEAL_TYPE_BUY,6971.0,dailyDown1,59,7.1,-4.2,-2.2,3,2,secretTPSL_tp,profit=7.1|threshold=7.0|tpWhole=14|pct=50,DEAL_REASON_EXPERT,0.001,Falgo_placeholder| ,3,1,1.0,7.0,7.0,0.3440,0.433,43,82,4,100.00,gapUp_Day,PD_green,true,false,PDH;PDC;ONH;ONL;RTHH;RTHL;dayHighSoFar;dayLowSoFar;midpoint,PDO;PDL,daily_tuesday,0,0,3,0
2026.02.03,US500.pro,2026.02.03 16:00:28,2026.02.03 16:02:01,2026.02.03 16:04:08,RTH-IB,126125900113101414,6972.0,6979.1,7.1,1.28,DEAL_TYPE_BUY,6971.0,dailyDown1,59,7.1,-4.2,-2.2,3,2,secretTPSL_tp,profit=7.1|threshold=7.0|tpWhole=14|pct=50,DEAL_REASON_EXPERT,0.001,Falgo_placeholder| ,3,1,1.0,7.0,7.0,0.3440,0.433,43,82,4,100.00,gapUp_Day,PD_green,true,false,PDH;PDC;ONH;ONL;RTHH;RTHL;dayHighSoFar;dayLowSoFar;midpoint,PDO;PDL,daily_tuesday,0,0,3,0
2026.02.03,US500.pro,2026.02.03 16:00:28,2026.02.03 16:02:01,2026.02.03 16:04:08,RTH-IB,128125900113101414,6972.0,6979.1,7.1,1.28,DEAL_TYPE_BUY,6971.0,dailyDown1,59,7.1,-4.2,-2.2,3,2,secretTPSL_tp,profit=7.1|threshold=7.0|tpWhole=14|pct=50,DEAL_REASON_EXPERT,0.001,Falgo_placeholder| ,3,1,1.0,7.0,7.0,0.3440,0.433,43,82,4,100.00,gapUp_Day,PD_green,true,false,PDH;PDC;ONH;ONL;RTHH;RTHL;dayHighSoFar;dayLowSoFar;midpoint,PDO;PDL,daily_tuesday,0,0,3,0
2026.02.03,US500.pro,2026.02.03 16:00:28,2026.02.03 16:02:01,2026.02.03 16:04:08,RTH-IB,131125900113101414,6972.0,6979.1,7.1,1.28,DEAL_TYPE_BUY,6971.0,dailyDown1,59,7.1,-4.2,-2.2,3,2,secretTPSL_tp,profit=7.1|threshold=7.0|tpWhole=14|pct=50,DEAL_REASON_EXPERT,0.001,Falgo_placeholder| ,3,1,1.0,7.0,7.0,0.3440,0.433,43,82,4,100.00,gapUp_Day,PD_green,true,false,PDH;PDC;ONH;ONL;RTHH;RTHL;dayHighSoFar;dayLowSoFar;midpoint,PDO;PDL,daily_tuesday,0,0,3,0
2026.02.03,US500.pro,2026.02.03 16:00:28,2026.02.03 16:02:01,2026.02.03 16:04:08,RTH-IB,132125900113101414,6972.0,6979.1,7.1,1.28,DEAL_TYPE_BUY,6971.0,dailyDown1,59,7.1,-4.2,-2.2,3,2,secretTPSL_tp,profit=7.1|threshold=7.0|tpWhole=14|pct=50,DEAL_REASON_EXPERT,0.001,Falgo_placeholder| ,3,1,1.0,7.0,7.0,0.3440,0.433,43,82,4,100.00,gapUp_Day,PD_green,true,false,PDH;PDC;ONH;ONL;RTHH;RTHL;dayHighSoFar;dayLowSoFar;midpoint,PDO;PDL,daily_tuesday,0,0,3,0
2026.02.03,US500.pro,2026.02.03 17:31:12,2026.02.03 17:33:07,2026.02.03 17:35:25,RTH-afterIB,119125800118501414,6953.0,6960.1,7.1,1.28,DEAL_TYPE_BUY,6952.0,dailyDown2,58,7.1,-1.9,-1.9,3,1,secretTPSL_tp,profit=7.1|threshold=7.0|tpWhole=14|pct=50,DEAL_REASON_EXPERT,0.001,Falgo_placeholder| ,8,5,1.0,7.0,7.0,0.7519,0.473,100,33,3,100.00,gapUp_Day,PD_green,true,false,PDH;PDC;ONH;ONL;RTHH;RTHL;IBL;IBH;dayHighSoFar;dayLowSoFar;midpoint,PDO;PDL,daily_tuesday,2,0,2,0
2026.02.03,US500.pro,2026.02.03 17:31:12,2026.02.03 17:33:07,2026.02.03 17:35:25,RTH-afterIB,120125800118501414,6953.0,6960.1,7.1,1.28,DEAL_TYPE_BUY,6952.0,dailyDown2,58,7.1,-1.9,-1.9,3,1,secretTPSL_tp,profit=7.1|threshold=7.0|tpWhole=14|pct=50,DEAL_REASON_EXPERT,0.001,Falgo_placeholder| ,8,5,1.0,7.0,7.0,0.7519,0.473,100,33,3,100.00,gapUp_Day,PD_green,true,false,PDH;PDC;ONH;ONL;RTHH;RTHL;IBL;IBH;dayHighSoFar;dayLowSoFar;midpoint,PDO;PDL,daily_tuesday,2,0,2,0
2026.02.03,US500.pro,2026.02.03 17:31:12,2026.02.03 17:33:07,2026.02.03 17:35:25,RTH-afterIB,123125800118501414,6953.0,6960.1,7.1,1.28,DEAL_TYPE_BUY,6952.0,dailyDown2,58,7.1,-1.9,-1.9,3,1,secretTPSL_tp,profit=7.1|threshold=7.0|tpWhole=14|pct=50,DEAL_REASON_EXPERT,0.001,Falgo_placeholder| ,8,5,1.0,7.0,7.0,0.7519,0.473,100,33,3,100.00,gapUp_Day,PD_green,true,false,PDH;PDC;ONH;ONL;RTHH;RTHL;IBL;IBH;dayHighSoFar;dayLowSoFar;midpoint,PDO;PDL,daily_tuesday,2,0,2,0
2026.02.03,US500.pro,2026.02.03 17:31:12,2026.02.03 17:33:07,2026.02.03 17:35:25,RTH-afterIB,126125800118501414,6953.0,6960.1,7.1,1.28,DEAL_TYPE_BUY,6952.0,dailyDown2,58,7.1,-1.9,-1.9,3,1,secretTPSL_tp,profit=7.1|threshold=7.0|tpWhole=14|pct=50,DEAL_REASON_EXPERT,0.001,Falgo_placeholder| ,8,5,1.0,7.0,7.0,0.7519,0.473,100,33,3,100.00,gapUp_Day,PD_green,true,false,PDH;PDC;ONH;ONL;RTHH;RTHL;IBL;IBH;dayHighSoFar;dayLowSoFar;midpoint,PDO;PDL,daily_tuesday,2,0,2,0
2026.02.03,US500.pro,2026.02.03 17:31:12,2026.02.03 17:33:07,2026.02.03 17:35:25,RTH-afterIB,128125800118501414,6953.0,6960.1,7.1,1.28,DEAL_TYPE_BUY,6952.0,dailyDown2,58,7.1,-1.9,-1.9,3,1,secretTPSL_tp,profit=7.1|threshold=7.0|tpWhole=14|pct=50,DEAL_REASON_EXPERT,0.001,Falgo_placeholder| ,8,5,1.0,7.0,7.0,0.7519,0.473,100,33,3,100.00,gapUp_Day,PD_green,true,false,PDH;PDC;ONH;ONL;RTHH;RTHL;IBL;IBH;dayHighSoFar;dayLowSoFar;midpoint,PDO;PDL,daily_tuesday,2,0,2,0
2026.02.03,US500.pro,2026.02.03 17:31:12,2026.02.03 17:33:07,2026.02.03 17:35:25,RTH-afterIB,131125800118501414,6953.0,6960.1,7.1,1.28,DEAL_TYPE_BUY,6952.0,dailyDown2,58,7.1,-1.9,-1.9,3,1,secretTPSL_tp,profit=7.1|threshold=7.0|tpWhole=14|pct=50,DEAL_REASON_EXPERT,0.001,Falgo_placeholder| ,8,5,1.0,7.0,7.0,0.7519,0.473,100,33,3,100.00,gapUp_Day,PD_green,true,false,PDH;PDC;ONH;ONL;RTHH;RTHL;IBL;IBH;dayHighSoFar;dayLowSoFar;midpoint,PDO;PDL,daily_tuesday,2,0,2,0
2026.02.03,US500.pro,2026.02.03 17:31:12,2026.02.03 17:33:07,2026.02.03 17:35:25,RTH-afterIB,132125800118501414,6953.0,6960.1,7.1,1.28,DEAL_TYPE_BUY,6952.0,dailyDown2,58,7.1,-1.9,-1.9,3,1,secretTPSL_tp,profit=7.1|threshold=7.0|tpWhole=14|pct=50,DEAL_REASON_EXPERT,0.001,Falgo_placeholder| ,8,5,1.0,7.0,7.0,0.7519,0.473,100,33,3,100.00,gapUp_Day,PD_green,true,false,PDH;PDC;ONH;ONL;RTHH;RTHL;IBL;IBH;dayHighSoFar;dayLowSoFar;midpoint,PDO;PDL,daily_tuesday,2,0,2,0
2026.02.09,US500.pro,2026.02.09 11:31:21,2026.02.09 11:33:15,2026.02.09 11:42:40,ON,119115900115101414,6928.0,6920.9,-7.1,-1.29,DEAL_TYPE_BUY,6927.0,dailyDown1,59,-0.4,-7.1,-1.4,1,10,secretTPSL_sl,profit=-7.1|lossThreshold=-7.0|slWhole=14|pct=50,DEAL_REASON_EXPERT,0.001,Falgo_placeholder| ,5,1,1.0,7.0,7.0,0.0000,-0.113,0,558,,unknown,unknown,PD_green,true,false,PDH;PDC;ONH;ONL;dayHighSoFar;dayLowSoFar;midpoint,PDO;PDL,daily_monday,0,0,0,0
2026.02.09,US500.pro,2026.02.09 11:31:21,2026.02.09 11:33:15,2026.02.09 11:42:40,ON,120115900115101414,6928.0,6920.9,-7.1,-1.29,DEAL_TYPE_BUY,6927.0,dailyDown1,59,-0.4,-7.1,-1.4,1,10,secretTPSL_sl,profit=-7.1|lossThreshold=-7.0|slWhole=14|pct=50,DEAL_REASON_EXPERT,0.001,Falgo_placeholder| ,5,1,1.0,7.0,7.0,0.0000,-0.113,0,558,,unknown,unknown,PD_green,true,false,PDH;PDC;ONH;ONL;dayHighSoFar;dayLowSoFar;midpoint,PDO;PDL,daily_monday,0,0,0,0
2026.02.09,US500.pro,2026.02.09 11:31:21,2026.02.09 11:33:15,2026.02.09 11:42:40,ON,123115900115101414,6928.0,6920.9,-7.1,-1.29,DEAL_TYPE_BUY,6927.0,dailyDown1,59,-0.4,-7.1,-1.4,1,10,secretTPSL_sl,profit=-7.1|lossThreshold=-7.0|slWhole=14|pct=50,DEAL_REASON_EXPERT,0.001,Falgo_placeholder| ,5,1,1.0,7.0,7.0,0.0000,-0.113,0,558,,unknown,unknown,PD_green,true,false,PDH;PDC;ONH;ONL;dayHighSoFar;dayLowSoFar;midpoint,PDO;PDL,daily_monday,0,0,0,0
2026.02.09,US500.pro,2026.02.09 11:31:21,2026.02.09 11:33:15,2026.02.09 11:42:40,ON,126115900115101414,6928.0,6920.9,-7.1,-1.29,DEAL_TYPE_BUY,6927.0,dailyDown1,59,-0.4,-7.1,-1.4,1,10,secretTPSL_sl,profit=-7.1|lossThreshold=-7.0|slWhole=14|pct=50,DEAL_REASON_EXPERT,0.001,Falgo_placeholder| ,5,1,1.0,7.0,7.0,0.0000,-0.113,0,558,,unknown,unknown,PD_green,true,false,PDH;PDC;ONH;ONL;dayHighSoFar;dayLowSoFar;midpoint,PDO;PDL,daily_monday,0,0,0,0
2026.02.09,US500.pro,2026.02.09 11:31:21,2026.02.09 11:33:15,2026.02.09 11:42:40,ON,128115900115101414,6928.0,6920.9,-7.1,-1.29,DEAL_TYPE_BUY,6927.0,dailyDown1,59,-0.4,-7.1,-1.4,1,10,secretTPSL_sl,profit=-7.1|lossThreshold=-7.0|slWhole=14|pct=50,DEAL_REASON_EXPERT,0.001,Falgo_placeholder| ,5,1,1.0,7.0,7.0,0.0000,-0.113,0,558,,unknown,unknown,PD_green,true,false,PDH;PDC;ONH;ONL;dayHighSoFar;dayLowSoFar;midpoint,PDO;PDL,daily_monday,0,0,0,0
2026.02.09,US500.pro,2026.02.09 11:31:21,2026.02.09 11:33:15,2026.02.09 11:42:40,ON,131115900115101414,6928.0,6920.9,-7.1,-1.29,DEAL_TYPE_BUY,6927.0,dailyDown1,59,-0.4,-7.1,-1.4,1,10,secretTPSL_sl,profit=-7.1|lossThreshold=-7.0|slWhole=14|pct=50,DEAL_REASON_EXPERT,0.001,Falgo_placeholder| ,5,1,1.0,7.0,7.0,0.0000,-0.113,0,558,,unknown,unknown,PD_green,true,false,PDH;PDC;ONH;ONL;dayHighSoFar;dayLowSoFar;midpoint,PDO;PDL,daily_monday,0,0,0,0
2026.02.09,US500.pro,2026.02.09 11:31:21,2026.02.09 11:33:15,2026.02.09 11:42:40,ON,132115900115101414,6928.0,6920.9,-7.1,-1.29,DEAL_TYPE_BUY,6927.0,dailyDown1,59,-0.4,-7.1,-1.4,1,10,secretTPSL_sl,profit=-7.1|lossThreshold=-7.0|slWhole=14|pct=50,DEAL_REASON_EXPERT,0.001,Falgo_placeholder| ,5,1,1.0,7.0,7.0,0.0000,-0.113,0,558,,unknown,unknown,PD_green,true,false,PDH;PDC;ONH;ONL;dayHighSoFar;dayLowSoFar;midpoint,PDO;PDL,daily_monday,0,0,0,0
2026.02.10,US500.pro,2026.02.10 19:27:42,2026.02.10 19:34:26,2026.02.10 20:02:07,RTH-afterIB,119126010111101414,6972.0,6979.1,7.1,1.27,DEAL_TYPE_BUY,6971.0,dailyPivot,60,7.1,-3.2,-1.7,29,19,secretTPSL_tp,profit=7.1|threshold=7.0|tpWhole=14|pct=50,DEAL_REASON_EXPERT,0.001,Falgo_placeholder| ,1,1,1.0,7.0,7.0,0.6903,0.046,1128,506,3,100.00,gapUp_Day,PD_green,true,false,PDH;PDC;ONH;RTHH;RTHL;IBL;IBH;dayHighSoFar;midpoint,PDO;PDL;ONL;dayLowSoFar,daily_tuesday_pivot,3,0,7,1
2026.02.10,US500.pro,2026.02.10 19:27:42,2026.02.10 19:34:26,2026.02.10 20:02:07,RTH-afterIB,120126010111101414,6972.0,6979.1,7.1,1.27,DEAL_TYPE_BUY,6971.0,dailyPivot,60,7.1,-3.2,-1.7,29,19,secretTPSL_tp,profit=7.1|threshold=7.0|tpWhole=14|pct=50,DEAL_REASON_EXPERT,0.001,Falgo_placeholder| ,1,1,1.0,7.0,7.0,0.6903,0.046,1128,506,3,100.00,gapUp_Day,PD_green,true,false,PDH;PDC;ONH;RTHH;RTHL;IBL;IBH;dayHighSoFar;midpoint,PDO;PDL;ONL;dayLowSoFar,daily_tuesday_pivot,3,0,7,1
2026.02.10,US500.pro,2026.02.10 19:27:42,2026.02.10 19:34:26,2026.02.10 20:02:07,RTH-afterIB,123126010111101414,6972.0,6979.1,7.1,1.27,DEAL_TYPE_BUY,6971.0,dailyPivot,60,7.1,-3.2,-1.7,29,19,secretTPSL_tp,profit=7.1|threshold=7.0|tpWhole=14|pct=50,DEAL_REASON_EXPERT,0.001,Falgo_placeholder| ,1,1,1.0,7.0,7.0,0.6903,0.046,1128,506,3,100.00,gapUp_Day,PD_green,true,false,PDH;PDC;ONH;RTHH;RTHL;IBL;IBH;dayHighSoFar;midpoint,PDO;PDL;ONL;dayLowSoFar,daily_tuesday_pivot,3,0,7,1
2026.02.10,US500.pro,2026.02.10 19:27:42,2026.02.10 19:34:26,2026.02.10 20:02:07,RTH-afterIB,126126010111101414,6972.0,6979.1,7.1,1.27,DEAL_TYPE_BUY,6971.0,dailyPivot,60,7.1,-3.2,-1.7,29,19,secretTPSL_tp,profit=7.1|threshold=7.0|tpWhole=14|pct=50,DEAL_REASON_EXPERT,0.001,Falgo_placeholder| ,1,1,1.0,7.0,7.0,0.6903,0.046,1128,506,3,100.00,gapUp_Day,PD_green,true,false,PDH;PDC;ONH;RTHH;RTHL;IBL;IBH;dayHighSoFar;midpoint,PDO;PDL;ONL;dayLowSoFar,daily_tuesday_pivot,3,0,7,1
2026.02.10,US500.pro,2026.02.10 19:27:42,2026.02.10 19:34:26,2026.02.10 20:02:07,RTH-afterIB,128126010111101414,6972.0,6979.1,7.1,1.27,DEAL_TYPE_BUY,6971.0,dailyPivot,60,7.1,-3.2,-1.7,29,19,secretTPSL_tp,profit=7.1|threshold=7.0|tpWhole=14|pct=50,DEAL_REASON_EXPERT,0.001,Falgo_placeholder| ,1,1,1.0,7.0,7.0,0.6903,0.046,1128,506,3,100.00,gapUp_Day,PD_green,true,false,PDH;PDC;ONH;RTHH;RTHL;IBL;IBH;dayHighSoFar;midpoint,PDO;PDL;ONL;dayLowSoFar,daily_tuesday_pivot,3,0,7,1
2026.02.10,US500.pro,2026.02.10 19:27:42,2026.02.10 19:34:26,2026.02.10 20:02:07,RTH-afterIB,131126010111101414,6972.0,6979.1,7.1,1.27,DEAL_TYPE_BUY,6971.0,dailyPivot,60,7.1,-3.2,-1.7,29,19,secretTPSL_tp,profit=7.1|threshold=7.0|tpWhole=14|pct=50,DEAL_REASON_EXPERT,0.001,Falgo_placeholder| ,1,1,1.0,7.0,7.0,0.6903,0.046,1128,506,3,100.00,gapUp_Day,PD_green,true,false,PDH;PDC;ONH;RTHH;RTHL;IBL;IBH;dayHighSoFar;midpoint,PDO;PDL;ONL;dayLowSoFar,daily_tuesday_pivot,3,0,7,1
2026.02.10,US500.pro,2026.02.10 19:27:42,2026.02.10 19:34:26,2026.02.10 20:02:07,RTH-afterIB,132126010111101414,6972.0,6979.1,7.1,1.27,DEAL_TYPE_BUY,6971.0,dailyPivot,60,7.1,-3.2,-1.7,29,19,secretTPSL_tp,profit=7.1|threshold=7.0|tpWhole=14|pct=50,DEAL_REASON_EXPERT,0.001,Falgo_placeholder| ,1,1,1.0,7.0,7.0,0.6903,0.046,1128,506,3,100.00,gapUp_Day,PD_green,true,false,PDH;PDC;ONH;RTHH;RTHL;IBL;IBH;dayHighSoFar;midpoint,PDO;PDL;ONL;dayLowSoFar,daily_tuesday_pivot,3,0,7,1
2026.02.11,US500.pro,2026.02.11 15:34:29,2026.02.11 15:35:02,2026.02.11 15:42:23,RTH-IB,119136111111101414,6998.8,6991.8,-7.0,-1.25,DEAL_TYPE_BUY,6998.0,dailyUp1,61,3.8,-7.0,-2.0,2,8,secretTPSL_sl,profit=-7.0|lossThreshold=-7.0|slWhole=14|pct=50,DEAL_REASON_EXPERT,0.001,Falgo_placeholder| ,1,1,0.8,7.0,7.0,0.0602,-0.130,26,405,,17.26,gapUp_Day,PD_red,true,true,PDH;ONH;RTHH;RTHL;dayHighSoFar,PDO;PDL;PDC;ONL;dayLowSoFar;midpoint,daily_wednesday,5,1,6,1
2026.02.11,US500.pro,2026.02.11 15:34:29,2026.02.11 15:35:02,2026.02.11 15:42:23,RTH-IB,120136111111101414,6998.8,6991.8,-7.0,-1.25,DEAL_TYPE_BUY,6998.0,dailyUp1,61,3.8,-7.0,-2.0,2,8,secretTPSL_sl,profit=-7.0|lossThreshold=-7.0|slWhole=14|pct=50,DEAL_REASON_EXPERT,0.001,Falgo_placeholder| ,1,1,0.8,7.0,7.0,0.0602,-0.130,26,405,,17.26,gapUp_Day,PD_red,true,true,PDH;ONH;RTHH;RTHL;dayHighSoFar,PDO;PDL;PDC;ONL;dayLowSoFar;midpoint,daily_wednesday,5,1,6,1
2026.02.18,US500.pro,2026.02.18 15:30:02,2026.02.18 15:30:30,2026.02.18 15:31:41,RTH-IB,119136021113301414,6867.5,6874.9,7.4,1.31,DEAL_TYPE_BUY,6867.0,dailyPivot,60,7.4,-5.7,-5.2,2,1,secretTPSL_tp,profit=7.4|threshold=7.0|tpWhole=14|pct=50,DEAL_REASON_EXPERT,0.001,Falgo_placeholder| ,3,3,0.5,7.0,7.0,0.4627,0.634,31,36,4,100.00,gapUp_Day,PD_green,true,false,PDH;ONH;dayHighSoFar;midpoint,PDO;PDL;PDC;ONL;dayLowSoFar,daily_wednesday_pivot,8,1,8,2
2026.02.18,US500.pro,2026.02.18 15:30:02,2026.02.18 15:30:30,2026.02.18 15:31:41,RTH-IB,120136021113301414,6867.5,6874.9,7.4,1.31,DEAL_TYPE_BUY,6867.0,dailyPivot,60,7.4,-5.7,-5.2,2,1,secretTPSL_tp,profit=7.4|threshold=7.0|tpWhole=14|pct=50,DEAL_REASON_EXPERT,0.001,Falgo_placeholder| ,3,3,0.5,7.0,7.0,0.4627,0.634,31,36,4,100.00,gapUp_Day,PD_green,true,false,PDH;ONH;dayHighSoFar;midpoint,PDO;PDL;PDC;ONL;dayLowSoFar,daily_wednesday_pivot,8,1,8,2
2026.02.18,US500.pro,2026.02.18 15:30:02,2026.02.18 15:30:30,2026.02.18 15:31:41,RTH-IB,123136021113301414,6867.5,6874.9,7.4,1.31,DEAL_TYPE_BUY,6867.0,dailyPivot,60,7.4,-5.7,-5.2,2,1,secretTPSL_tp,profit=7.4|threshold=7.0|tpWhole=14|pct=50,DEAL_REASON_EXPERT,0.001,Falgo_placeholder| ,3,3,0.5,7.0,7.0,0.4627,0.634,31,36,4,100.00,gapUp_Day,PD_green,true,false,PDH;ONH;dayHighSoFar;midpoint,PDO;PDL;PDC;ONL;dayLowSoFar,daily_wednesday_pivot,8,1,8,2
2026.02.18,US500.pro,2026.02.18 15:30:02,2026.02.18 15:30:30,2026.02.18 15:31:41,RTH-IB,126136021113301414,6867.5,6874.9,7.4,1.31,DEAL_TYPE_BUY,6867.0,dailyPivot,60,7.4,-5.7,-5.2,2,1,secretTPSL_tp,profit=7.4|threshold=7.0|tpWhole=14|pct=50,DEAL_REASON_EXPERT,0.001,Falgo_placeholder| ,3,3,0.5,7.0,7.0,0.4627,0.634,31,36,4,100.00,gapUp_Day,PD_green,true,false,PDH;ONH;dayHighSoFar;midpoint,PDO;PDL;PDC;ONL;dayLowSoFar,daily_wednesday_pivot,8,1,8,2
2026.02.18,US500.pro,2026.02.18 15:30:02,2026.02.18 15:30:30,2026.02.18 15:31:41,RTH-IB,128136021113301414,6867.5,6874.9,7.4,1.31,DEAL_TYPE_BUY,6867.0,dailyPivot,60,7.4,-5.7,-5.2,2,1,secretTPSL_tp,profit=7.4|threshold=7.0|tpWhole=14|pct=50,DEAL_REASON_EXPERT,0.001,Falgo_placeholder| ,3,3,0.5,7.0,7.0,0.4627,0.634,31,36,4,100.00,gapUp_Day,PD_green,true,false,PDH;ONH;dayHighSoFar;midpoint,PDO;PDL;PDC;ONL;dayLowSoFar,daily_wednesday_pivot,8,1,8,2
2026.02.18,US500.pro,2026.02.18 15:30:02,2026.02.18 15:30:30,2026.02.18 15:31:41,RTH-IB,131136021113301414,6867.5,6874.9,7.4,1.31,DEAL_TYPE_BUY,6867.0,dailyPivot,60,7.4,-5.7,-5.2,2,1,secretTPSL_tp,profit=7.4|threshold=7.0|tpWhole=14|pct=50,DEAL_REASON_EXPERT,0.001,Falgo_placeholder| ,3,3,0.5,7.0,7.0,0.4627,0.634,31,36,4,100.00,gapUp_Day,PD_green,true,false,PDH;ONH;dayHighSoFar;midpoint,PDO;PDL;PDC;ONL;dayLowSoFar,daily_wednesday_pivot,8,1,8,2
2026.02.18,US500.pro,2026.02.18 15:30:02,2026.02.18 15:30:30,2026.02.18 15:31:41,RTH-IB,132136021113301414,6867.5,6874.9,7.4,1.31,DEAL_TYPE_BUY,6867.0,dailyPivot,60,7.4,-5.7,-5.2,2,1,secretTPSL_tp,profit=7.4|threshold=7.0|tpWhole=14|pct=50,DEAL_REASON_EXPERT,0.001,Falgo_placeholder| ,3,3,0.5,7.0,7.0,0.4627,0.634,31,36,4,100.00,gapUp_Day,PD_green,true,false,PDH;ONH;dayHighSoFar;midpoint,PDO;PDL;PDC;ONL;dayLowSoFar,daily_wednesday_pivot,8,1,8,2
2026.02.19,US500.pro,2026.02.19 10:49:03,2026.02.19 10:50:03,2026.02.19 10:55:06,ON,138245900041101414,6874.6,6881.6,-7.0,-1.26,DEAL_TYPE_SELL,6875.0,dailyDown1,59,0.6,-7.0,-0.9,1,6,secretTPSL_sl,profit=-7.0|lossThreshold=-7.0|slWhole=14|pct=50,DEAL_REASON_EXPERT,0.001,Falgo_placeholder| ,1,1,0.4,7.0,7.0,0.0612,-0.201,18,275,,unknown,unknown,PD_green,false,false,PDH;PDC;ONH;dayHighSoFar;midpoint,PDO;PDL;ONL;dayLowSoFar,daily_thursday,13,0,29,0
2026.02.20,US500.pro,2026.02.20 14:32:09,2026.02.20 14:32:16,2026.02.20 14:42:05,ON,138256000041101414,6860.6,6853.5,7.1,1.29,DEAL_TYPE_SELL,6860.0,dailyPivot,60,7.1,-3.9,-2.2,11,4,secretTPSL_tp,profit=7.1|threshold=7.0|tpWhole=14|pct=50,DEAL_REASON_EXPERT,0.001,Falgo_placeholder| ,1,1,-0.6,7.0,7.0,0.6097,0.092,353,225,,unknown,unknown,PD_green,false,false,PDO;PDH;PDC;ONH;ONL;dayHighSoFar;dayLowSoFar;midpoint,PDL,daily_friday_pivot,27,0,31,0
2026.02.23,US500.pro,2026.02.23 01:26:11,2026.02.23 01:29:13,2026.02.23 01:57:34,ON,138211900041101414,6889.6,6882.0,7.6,1.35,DEAL_TYPE_SELL,6890.0,weeklyDown1,19,7.6,-2.2,-0.9,29,2,secretTPSL_tp,profit=7.6|threshold=7.0|tpWhole=14|pct=50,DEAL_REASON_EXPERT,0.001,Falgo_placeholder| ,1,1,0.4,7.0,7.0,0.8994,0.044,1475,158,,unknown,unknown,PD_green,false,false,PDH;PDC;ONH;dayHighSoFar;midpoint,PDO;PDL;ONL;dayLowSoFar,weekly_stacked_monday,0,0,0,0
2026.02.23,US500.pro,2026.02.23 16:52:38,2026.02.23 16:53:24,2026.02.23 16:59:32,RTH-afterIB,138215800042101414,6859.6,6852.5,7.1,1.28,DEAL_TYPE_SELL,6860.0,dailyDown2,58,7.1,-2.2,-1.2,7,1,secretTPSL_tp,profit=7.1|threshold=7.0|tpWhole=14|pct=50,DEAL_REASON_EXPERT,0.001,Falgo_placeholder| ,2,1,0.4,7.0,7.0,0.8981,0.270,326,37,6,100.00,gapDown_Day,PD_green,false,false,PDH;PDC;ONH;ONL;RTHH;RTHL;IBL;IBH;dayHighSoFar;dayLowSoFar;midpoint,PDO;PDL,daily_monday,0,0,0,0
2026.02.25,US500.pro,2026.02.25 04:34:02,2026.02.25 04:34:02,2026.02.25 04:34:17,ON,119136000111101414,6895.1,6902.1,7.0,1.24,DEAL_TYPE_BUY,6894.0,dailyPivot,60,7.0,-1.2,-1.2,1,1,secretTPSL_tp,profit=7.0|threshold=7.0|tpWhole=14|pct=50,DEAL_REASON_EXPERT,0.001,Falgo_placeholder| ,1,1,1.1,7.0,7.0,1.0000,7.441,14,0,3,unknown,unknown,PD_green,true,false,PDH;PDC;ONH;ONL;dayHighSoFar;dayLowSoFar;midpoint,PDO;PDL,daily_wednesday_pivot,6,0,8,0
2026.02.25,US500.pro,2026.02.25 04:34:02,2026.02.25 04:34:02,2026.02.25 04:34:17,ON,120136000111101414,6895.1,6902.1,7.0,1.24,DEAL_TYPE_BUY,6894.0,dailyPivot,60,7.0,-1.2,-1.2,1,1,secretTPSL_tp,profit=7.0|threshold=7.0|tpWhole=14|pct=50,DEAL_REASON_EXPERT,0.001,Falgo_placeholder| ,1,1,1.1,7.0,7.0,1.0000,7.441,14,0,3,unknown,unknown,PD_green,true,false,PDH;PDC;ONH;ONL;dayHighSoFar;dayLowSoFar;midpoint,PDO;PDL,daily_wednesday_pivot,6,0,8,0
2026.02.25,US500.pro,2026.02.25 04:34:02,2026.02.25 04:34:02,2026.02.25 04:34:17,ON,123136000111101414,6895.1,6902.1,7.0,1.24,DEAL_TYPE_BUY,6894.0,dailyPivot,60,7.0,-1.2,-1.2,1,1,secretTPSL_tp,profit=7.0|threshold=7.0|tpWhole=14|pct=50,DEAL_REASON_EXPERT,0.001,Falgo_placeholder| ,1,1,1.1,7.0,7.0,1.0000,7.441,14,0,3,unknown,unknown,PD_green,true,false,PDH;PDC;ONH;ONL;dayHighSoFar;dayLowSoFar;midpoint,PDO;PDL,daily_wednesday_pivot,6,0,8,0
2026.02.25,US500.pro,2026.02.25 04:34:02,2026.02.25 04:34:02,2026.02.25 04:34:17,ON,126136000111101414,6895.1,6902.1,7.0,1.24,DEAL_TYPE_BUY,6894.0,dailyPivot,60,7.0,-1.2,-1.2,1,1,secretTPSL_tp,profit=7.0|threshold=7.0|tpWhole=14|pct=50,DEAL_REASON_EXPERT,0.001,Falgo_placeholder| ,1,1,1.1,7.0,7.0,1.0000,7.441,14,0,3,unknown,unknown,PD_green,true,false,PDH;PDC;ONH;ONL;dayHighSoFar;dayLowSoFar;midpoint,PDO;PDL,daily_wednesday_pivot,6,0,8,0
2026.02.25,US500.pro,2026.02.25 04:34:02,2026.02.25 04:34:02,2026.02.25 04:34:17,ON,128136000111101414,6895.1,6902.1,7.0,1.24,DEAL_TYPE_BUY,6894.0,dailyPivot,60,7.0,-1.2,-1.2,1,1,secretTPSL_tp,profit=7.0|threshold=7.0|tpWhole=14|pct=50,DEAL_REASON_EXPERT,0.001,Falgo_placeholder| ,1,1,1.1,7.0,7.0,1.0000,7.441,14,0,3,unknown,unknown,PD_green,true,false,PDH;PDC;ONH;ONL;dayHighSoFar;dayLowSoFar;midpoint,PDO;PDL,daily_wednesday_pivot,6,0,8,0
2026.02.25,US500.pro,2026.02.25 04:34:02,2026.02.25 04:34:02,2026.02.25 04:34:17,ON,131136000111101414,6895.1,6902.1,7.0,1.24,DEAL_TYPE_BUY,6894.0,dailyPivot,60,7.0,-1.2,-1.2,1,1,secretTPSL_tp,profit=7.0|threshold=7.0|tpWhole=14|pct=50,DEAL_REASON_EXPERT,0.001,Falgo_placeholder| ,1,1,1.1,7.0,7.0,1.0000,7.441,14,0,3,unknown,unknown,PD_green,true,false,PDH;PDC;ONH;ONL;dayHighSoFar;dayLowSoFar;midpoint,PDO;PDL,daily_wednesday_pivot,6,0,8,0
2026.02.25,US500.pro,2026.02.25 04:34:02,2026.02.25 04:34:02,2026.02.25 04:34:17,ON,132136000111101414,6895.1,6902.1,7.0,1.24,DEAL_TYPE_BUY,6894.0,dailyPivot,60,7.0,-1.2,-1.2,1,1,secretTPSL_tp,profit=7.0|threshold=7.0|tpWhole=14|pct=50,DEAL_REASON_EXPERT,0.001,Falgo_placeholder| ,1,1,1.1,7.0,7.0,1.0000,7.441,14,0,3,unknown,unknown,PD_green,true,false,PDH;PDC;ONH;ONL;dayHighSoFar;dayLowSoFar;midpoint,PDO;PDL,daily_wednesday_pivot,6,0,8,0
2026.02.26,US500.pro,2026.02.26 16:01:42,2026.02.26 16:02:06,2026.02.26 16:04:49,RTH-IB,138245800041101414,6926.6,6933.8,-7.2,-1.29,DEAL_TYPE_SELL,6927.0,dailyDown2,58,1.7,-7.2,-0.7,1,3,secretTPSL_sl,profit=-7.2|lossThreshold=-7.0|slWhole=14|pct=50,DEAL_REASON_EXPERT,0.001,Falgo_placeholder| ,1,1,0.4,7.0,7.0,0.2625,-0.323,42,118,16,100.00,gapUp_Day,PD_green,false,false,PDO;PDH;PDC;ONH;ONL;RTHH;RTHL;dayHighSoFar;dayLowSoFar;midpoint,PDL,daily_thursday,5,0,2,0
2026.03.02,US500.pro,2026.03.02 02:10:20,2026.03.02 02:10:55,2026.03.02 03:08:11,ON,138215900041101414,6851.8,6844.8,7.0,1.25,DEAL_TYPE_SELL,6852.0,dailyDown1,59,7.0,-5.5,-3.1,59,29,secretTPSL_tp,profit=7.0|threshold=7.0|tpWhole=14|pct=50,DEAL_REASON_EXPERT,0.001,Falgo_placeholder| ,1,1,0.2,7.0,7.0,0.5917,0.019,2001,1280,,unknown,unknown,PD_green,false,true,PDO;PDH;PDC,PDL;ONH;ONL;dayHighSoFar;dayLowSoFar;midpoint,daily_monday,0,0,0,0
2026.03.02,US500.pro,2026.03.02 17:08:25,2026.03.02 17:10:00,2026.03.02 17:17:36,RTH-afterIB,138212000043201414,6879.6,6872.5,7.1,1.30,DEAL_TYPE_SELL,6880.0,weeklyPivot,20,7.1,-1.4,-0.4,8,2,secretTPSL_tp,profit=7.1|threshold=7.0|tpWhole=14|pct=50,DEAL_REASON_EXPERT,0.001,Falgo_placeholder| ,3,2,0.4,7.0,7.0,0.9176,0.164,412,37,8,94.21,gapDown_Day,PD_green,false,true,PDH;PDC,PDO;PDL;ONH;ONL;RTHH;RTHL;IBL;IBH;dayHighSoFar;dayLowSoFar;midpoint,weekly_pivot_stacked_monday_tuesday_wednesday,0,0,0,0
2026.03.03,US500.pro,2026.03.03 03:18:03,2026.03.03 03:22:56,2026.03.03 03:39:04,ON,138225900041101414,6843.7,6850.8,-7.1,-1.31,DEAL_TYPE_SELL,6844.0,dailyDown1,59,3.2,-7.1,-1.1,3,18,secretTPSL_sl,profit=-7.1|lossThreshold=-7.0|slWhole=14|pct=50,DEAL_REASON_EXPERT,0.001,Falgo_placeholder| ,1,1,0.3,7.0,7.0,0.2579,-0.078,246,708,,unknown,unknown,PD_green,false,false,PDH;PDC;ONH;dayHighSoFar;midpoint,PDO;PDL;ONL;dayLowSoFar,daily_tuesday,6,1,5,0
2026.03.03,US500.pro,2026.03.03 08:08:30,2026.03.03 08:09:09,2026.03.03 08:23:50,ON,138225810042101414,6824.6,6817.3,7.3,1.34,DEAL_TYPE_SELL,6825.0,dailyDown2,58,7.3,-4.7,-0.7,15,11,secretTPSL_tp,profit=7.3|threshold=7.0|tpWhole=14|pct=50,DEAL_REASON_EXPERT,0.001,Falgo_placeholder| ,2,1,0.4,7.0,7.0,0.1591,0.086,134,703,27,unknown,unknown,PD_green,false,false,PDH;PDC;ONH;dayHighSoFar;midpoint,PDO;PDL;ONL;dayLowSoFar,daily_tuesday,8,0,8,1
2026.03.04,US500.pro,2026.03.04 01:05:21,2026.03.04 01:05:31,2026.03.04 01:09:59,ON,138236010041101414,6807.6,6815.0,-7.4,-1.38,DEAL_TYPE_SELL,6808.0,dailyPivot,60,0.8,-7.4,-1.9,5,5,secretTPSL_sl,profit=-7.4|lossThreshold=-7.0|slWhole=14|pct=50,DEAL_REASON_EXPERT,0.001,Falgo_placeholder| ,1,1,0.4,7.0,7.0,0.0646,-0.218,17,240,,unknown,unknown,PD_green,false,false,PDH;PDC;ONH;dayHighSoFar;midpoint,PDO;PDL;ONL;dayLowSoFar,daily_wednesday_pivot,10,0,12,1
2026.03.04,US500.pro,2026.03.04 04:30:49,2026.03.04 04:31:00,2026.03.04 04:47:51,ON,138235920042101414,6783.6,6790.6,-7.0,-1.30,DEAL_TYPE_SELL,6784.0,dailyDown1,59,5.7,-7.0,-1.2,5,17,secretTPSL_sl,profit=-7.0|lossThreshold=-7.0|slWhole=14|pct=50,DEAL_REASON_EXPERT,0.001,Falgo_placeholder| ,2,1,0.4,7.0,7.0,0.5205,-0.068,521,469,5,unknown,unknown,PD_green,false,false,PDH;PDC;ONH;dayHighSoFar;midpoint,PDO;PDL;ONL;dayLowSoFar,daily_wednesday,9,0,10,1
2026.03.05,US500.pro,2026.03.05 02:51:56,2026.03.05 02:55:55,2026.03.05 03:00:32,ON,119145900111101414,6859.1,6866.1,7.0,1.28,DEAL_TYPE_BUY,6858.0,dailyDown1,59,7.0,-2.0,-0.8,6,3,secretTPSL_tp,profit=7.0|threshold=7.0|tpWhole=14|pct=50,DEAL_REASON_EXPERT,0.001,Falgo_placeholder| ,1,1,1.1,7.0,7.0,0.7085,0.272,192,68,4,unknown,unknown,PD_green,true,false,PDH;PDC;ONH;ONL;dayHighSoFar;dayLowSoFar;midpoint,PDO;PDL,daily_thursday,4,0,5,0
2026.03.05,US500.pro,2026.03.05 02:51:56,2026.03.05 02:55:55,2026.03.05 03:00:32,ON,120145900111101414,6859.1,6866.1,7.0,1.28,DEAL_TYPE_BUY,6858.0,dailyDown1,59,7.0,-2.0,-0.8,6,3,secretTPSL_tp,profit=7.0|threshold=7.0|tpWhole=14|pct=50,DEAL_REASON_EXPERT,0.001,Falgo_placeholder| ,1,1,1.1,7.0,7.0,0.7085,0.272,192,68,4,unknown,unknown,PD_green,true,false,PDH;PDC;ONH;ONL;dayHighSoFar;dayLowSoFar;midpoint,PDO;PDL,daily_thursday,4,0,5,0
2026.03.05,US500.pro,2026.03.05 02:51:56,2026.03.05 02:55:55,2026.03.05 03:00:32,ON,123145900111101414,6859.1,6866.1,7.0,1.28,DEAL_TYPE_BUY,6858.0,dailyDown1,59,7.0,-2.0,-0.8,6,3,secretTPSL_tp,profit=7.0|threshold=7.0|tpWhole=14|pct=50,DEAL_REASON_EXPERT,0.001,Falgo_placeholder| ,1,1,1.1,7.0,7.0,0.7085,0.272,192,68,4,unknown,unknown,PD_green,true,false,PDH;PDC;ONH;ONL;dayHighSoFar;dayLowSoFar;midpoint,PDO;PDL,daily_thursday,4,0,5,0
2026.03.05,US500.pro,2026.03.05 02:51:56,2026.03.05 02:55:55,2026.03.05 03:00:32,ON,126145900111101414,6859.1,6866.1,7.0,1.28,DEAL_TYPE_BUY,6858.0,dailyDown1,59,7.0,-2.0,-0.8,6,3,secretTPSL_tp,profit=7.0|threshold=7.0|tpWhole=14|pct=50,DEAL_REASON_EXPERT,0.001,Falgo_placeholder| ,1,1,1.1,7.0,7.0,0.7085,0.272,192,68,4,unknown,unknown,PD_green,true,false,PDH;PDC;ONH;ONL;dayHighSoFar;dayLowSoFar;midpoint,PDO;PDL,daily_thursday,4,0,5,0
2026.03.05,US500.pro,2026.03.05 02:51:56,2026.03.05 02:55:55,2026.03.05 03:00:32,ON,128145900111101414,6859.1,6866.1,7.0,1.28,DEAL_TYPE_BUY,6858.0,dailyDown1,59,7.0,-2.0,-0.8,6,3,secretTPSL_tp,profit=7.0|threshold=7.0|tpWhole=14|pct=50,DEAL_REASON_EXPERT,0.001,Falgo_placeholder| ,1,1,1.1,7.0,7.0,0.7085,0.272,192,68,4,unknown,unknown,PD_green,true,false,PDH;PDC;ONH;ONL;dayHighSoFar;dayLowSoFar;midpoint,PDO;PDL,daily_thursday,4,0,5,0
2026.03.05,US500.pro,2026.03.05 02:51:56,2026.03.05 02:55:55,2026.03.05 03:00:32,ON,131145900111101414,6859.1,6866.1,7.0,1.28,DEAL_TYPE_BUY,6858.0,dailyDown1,59,7.0,-2.0,-0.8,6,3,secretTPSL_tp,profit=7.0|threshold=7.0|tpWhole=14|pct=50,DEAL_REASON_EXPERT,0.001,Falgo_placeholder| ,1,1,1.1,7.0,7.0,0.7085,0.272,192,68,4,unknown,unknown,PD_green,true,false,PDH;PDC;ONH;ONL;dayHighSoFar;dayLowSoFar;midpoint,PDO;PDL,daily_thursday,4,0,5,0
2026.03.05,US500.pro,2026.03.05 02:51:56,2026.03.05 02:55:55,2026.03.05 03:00:32,ON,132145900111101414,6859.1,6866.1,7.0,1.28,DEAL_TYPE_BUY,6858.0,dailyDown1,59,7.0,-2.0,-0.8,6,3,secretTPSL_tp,profit=7.0|threshold=7.0|tpWhole=14|pct=50,DEAL_REASON_EXPERT,0.001,Falgo_placeholder| ,1,1,1.1,7.0,7.0,0.7085,0.272,192,68,4,unknown,unknown,PD_green,true,false,PDH;PDC;ONH;ONL;dayHighSoFar;dayLowSoFar;midpoint,PDO;PDL,daily_thursday,4,0,5,0
2026.03.05,US500.pro,2026.03.05 15:06:01,2026.03.05 15:13:30,2026.03.05 15:30:46,ON,119145800115401414,6840.0,6847.3,7.3,1.36,DEAL_TYPE_BUY,6839.0,dailyDown2,58,7.3,-4.3,-0.4,18,5,secretTPSL_tp,profit=7.3|threshold=7.0|tpWhole=14|pct=50,DEAL_REASON_EXPERT,0.001,Falgo_placeholder| ,5,4,1.0,7.0,7.0,0.5908,0.048,605,419,21,unknown,unknown,PD_green,true,false,PDH;PDC;ONH;ONL;dayHighSoFar;dayLowSoFar;midpoint,PDO;PDL,daily_thursday,22,0,19,0
2026.03.05,US500.pro,2026.03.05 15:06:01,2026.03.05 15:13:30,2026.03.05 15:30:46,ON,120145800115401414,6840.0,6847.3,7.3,1.36,DEAL_TYPE_BUY,6839.0,dailyDown2,58,7.3,-4.3,-0.4,18,5,secretTPSL_tp,profit=7.3|threshold=7.0|tpWhole=14|pct=50,DEAL_REASON_EXPERT,0.001,Falgo_placeholder| ,5,4,1.0,7.0,7.0,0.5908,0.048,605,419,21,unknown,unknown,PD_green,true,false,PDH;PDC;ONH;ONL;dayHighSoFar;dayLowSoFar;midpoint,PDO;PDL,daily_thursday,22,0,19,0
2026.03.05,US500.pro,2026.03.05 15:06:01,2026.03.05 15:13:30,2026.03.05 15:30:46,ON,123145800115401414,6840.0,6847.3,7.3,1.36,DEAL_TYPE_BUY,6839.0,dailyDown2,58,7.3,-4.3,-0.4,18,5,secretTPSL_tp,profit=7.3|threshold=7.0|tpWhole=14|pct=50,DEAL_REASON_EXPERT,0.001,Falgo_placeholder| ,5,4,1.0,7.0,7.0,0.5908,0.048,605,419,21,unknown,unknown,PD_green,true,false,PDH;PDC;ONH;ONL;dayHighSoFar;dayLowSoFar;midpoint,PDO;PDL,daily_thursday,22,0,19,0
2026.03.05,US500.pro,2026.03.05 15:06:01,2026.03.05 15:13:30,2026.03.05 15:30:46,ON,126145800115401414,6840.0,6847.3,7.3,1.36,DEAL_TYPE_BUY,6839.0,dailyDown2,58,7.3,-4.3,-0.4,18,5,secretTPSL_tp,profit=7.3|threshold=7.0|tpWhole=14|pct=50,DEAL_REASON_EXPERT,0.001,Falgo_placeholder| ,5,4,1.0,7.0,7.0,0.5908,0.048,605,419,21,unknown,unknown,PD_green,true,false,PDH;PDC;ONH;ONL;dayHighSoFar;dayLowSoFar;midpoint,PDO;PDL,daily_thursday,22,0,19,0
2026.03.05,US500.pro,2026.03.05 15:06:01,2026.03.05 15:13:30,2026.03.05 15:30:46,ON,128145800115401414,6840.0,6847.3,7.3,1.36,DEAL_TYPE_BUY,6839.0,dailyDown2,58,7.3,-4.3,-0.4,18,5,secretTPSL_tp,profit=7.3|threshold=7.0|tpWhole=14|pct=50,DEAL_REASON_EXPERT,0.001,Falgo_placeholder| ,5,4,1.0,7.0,7.0,0.5908,0.048,605,419,21,unknown,unknown,PD_green,true,false,PDH;PDC;ONH;ONL;dayHighSoFar;dayLowSoFar;midpoint,PDO;PDL,daily_thursday,22,0,19,0
2026.03.05,US500.pro,2026.03.05 15:06:01,2026.03.05 15:13:30,2026.03.05 15:30:46,ON,131145800115401414,6840.0,6847.3,7.3,1.36,DEAL_TYPE_BUY,6839.0,dailyDown2,58,7.3,-4.3,-0.4,18,5,secretTPSL_tp,profit=7.3|threshold=7.0|tpWhole=14|pct=50,DEAL_REASON_EXPERT,0.001,Falgo_placeholder| ,5,4,1.0,7.0,7.0,0.5908,0.048,605,419,21,unknown,unknown,PD_green,true,false,PDH;PDC;ONH;ONL;dayHighSoFar;dayLowSoFar;midpoint,PDO;PDL,daily_thursday,22,0,19,0
2026.03.05,US500.pro,2026.03.05 15:06:01,2026.03.05 15:13:30,2026.03.05 15:30:46,ON,132145800115401414,6840.0,6847.3,7.3,1.36,DEAL_TYPE_BUY,6839.0,dailyDown2,58,7.3,-4.3,-0.4,18,5,secretTPSL_tp,profit=7.3|threshold=7.0|tpWhole=14|pct=50,DEAL_REASON_EXPERT,0.001,Falgo_placeholder| ,5,4,1.0,7.0,7.0,0.5908,0.048,605,419,21,unknown,unknown,PD_green,true,false,PDH;PDC;ONH;ONL;dayHighSoFar;dayLowSoFar;midpoint,PDO;PDL,daily_thursday,22,0,19,0
2026.03.05,US500.pro,2026.03.05 18:19:28,2026.03.05 18:26:39,2026.03.05 18:28:11,RTH-afterIB,119145700118301414,6808.8,6816.3,7.5,1.39,DEAL_TYPE_BUY,6808.0,dailyDown3,57,7.5,-0.2,-0.2,3,1,secretTPSL_tp,profit=7.5|threshold=7.0|tpWhole=14|pct=50,DEAL_REASON_EXPERT,0.001,Falgo_placeholder| ,8,3,0.8,7.0,7.0,1.0000,1.018,90,0,3,100.00,gapDown_Day,PD_green,true,false,PDO;PDH;PDC;ONH;ONL;RTHH;RTHL;IBL;IBH;dayHighSoFar;dayLowSoFar;midpoint,PDL,daily_thursday,18,0,17,0
2026.03.05,US500.pro,2026.03.05 18:19:28,2026.03.05 18:26:39,2026.03.05 18:28:11,RTH-afterIB,120145700118301414,6808.8,6816.3,7.5,1.39,DEAL_TYPE_BUY,6808.0,dailyDown3,57,7.5,-0.2,-0.2,3,1,secretTPSL_tp,profit=7.5|threshold=7.0|tpWhole=14|pct=50,DEAL_REASON_EXPERT,0.001,Falgo_placeholder| ,8,3,0.8,7.0,7.0,1.0000,1.018,90,0,3,100.00,gapDown_Day,PD_green,true,false,PDO;PDH;PDC;ONH;ONL;RTHH;RTHL;IBL;IBH;dayHighSoFar;dayLowSoFar;midpoint,PDL,daily_thursday,18,0,17,0
2026.03.05,US500.pro,2026.03.05 18:19:28,2026.03.05 18:26:39,2026.03.05 18:28:11,RTH-afterIB,123145700118301414,6808.8,6816.3,7.5,1.39,DEAL_TYPE_BUY,6808.0,dailyDown3,57,7.5,-0.2,-0.2,3,1,secretTPSL_tp,profit=7.5|threshold=7.0|tpWhole=14|pct=50,DEAL_REASON_EXPERT,0.001,Falgo_placeholder| ,8,3,0.8,7.0,7.0,1.0000,1.018,90,0,3,100.00,gapDown_Day,PD_green,true,false,PDO;PDH;PDC;ONH;ONL;RTHH;RTHL;IBL;IBH;dayHighSoFar;dayLowSoFar;midpoint,PDL,daily_thursday,18,0,17,0
2026.03.05,US500.pro,2026.03.05 18:19:28,2026.03.05 18:26:39,2026.03.05 18:28:11,RTH-afterIB,126145700118301414,6808.8,6816.3,7.5,1.39,DEAL_TYPE_BUY,6808.0,dailyDown3,57,7.5,-0.2,-0.2,3,1,secretTPSL_tp,profit=7.5|threshold=7.0|tpWhole=14|pct=50,DEAL_REASON_EXPERT,0.001,Falgo_placeholder| ,8,3,0.8,7.0,7.0,1.0000,1.018,90,0,3,100.00,gapDown_Day,PD_green,true,false,PDO;PDH;PDC;ONH;ONL;RTHH;RTHL;IBL;IBH;dayHighSoFar;dayLowSoFar;midpoint,PDL,daily_thursday,18,0,17,0
2026.03.05,US500.pro,2026.03.05 18:19:28,2026.03.05 18:26:39,2026.03.05 18:28:11,RTH-afterIB,128145700118301414,6808.8,6816.3,7.5,1.39,DEAL_TYPE_BUY,6808.0,dailyDown3,57,7.5,-0.2,-0.2,3,1,secretTPSL_tp,profit=7.5|threshold=7.0|tpWhole=14|pct=50,DEAL_REASON_EXPERT,0.001,Falgo_placeholder| ,8,3,0.8,7.0,7.0,1.0000,1.018,90,0,3,100.00,gapDown_Day,PD_green,true,false,PDO;PDH;PDC;ONH;ONL;RTHH;RTHL;IBL;IBH;dayHighSoFar;dayLowSoFar;midpoint,PDL,daily_thursday,18,0,17,0
2026.03.05,US500.pro,2026.03.05 18:19:28,2026.03.05 18:26:39,2026.03.05 18:28:11,RTH-afterIB,131145700118301414,6808.8,6816.3,7.5,1.39,DEAL_TYPE_BUY,6808.0,dailyDown3,57,7.5,-0.2,-0.2,3,1,secretTPSL_tp,profit=7.5|threshold=7.0|tpWhole=14|pct=50,DEAL_REASON_EXPERT,0.001,Falgo_placeholder| ,8,3,0.8,7.0,7.0,1.0000,1.018,90,0,3,100.00,gapDown_Day,PD_green,true,false,PDO;PDH;PDC;ONH;ONL;RTHH;RTHL;IBL;IBH;dayHighSoFar;dayLowSoFar;midpoint,PDL,daily_thursday,18,0,17,0
2026.03.05,US500.pro,2026.03.05 18:19:28,2026.03.05 18:26:39,2026.03.05 18:28:11,RTH-afterIB,132145700118301414,6808.8,6816.3,7.5,1.39,DEAL_TYPE_BUY,6808.0,dailyDown3,57,7.5,-0.2,-0.2,3,1,secretTPSL_tp,profit=7.5|threshold=7.0|tpWhole=14|pct=50,DEAL_REASON_EXPERT,0.001,Falgo_placeholder| ,8,3,0.8,7.0,7.0,1.0000,1.018,90,0,3,100.00,gapDown_Day,PD_green,true,false,PDO;PDH;PDC;ONH;ONL;RTHH;RTHL;IBL;IBH;dayHighSoFar;dayLowSoFar;midpoint,PDL,daily_thursday,18,0,17,0
2026.03.20,US500.pro,2026.03.20 10:50:03,2026.03.20 10:50:10,2026.03.20 10:54:28,ON,138255900041101414,6635.7,6628.5,7.2,1.33,DEAL_TYPE_SELL,6636.0,dailyDown1,59,7.2,-2.7,-2.7,5,1,secretTPSL_tp,profit=7.2|threshold=7.0|tpWhole=14|pct=50,DEAL_REASON_EXPERT,0.001,Falgo_placeholder| ,1,1,0.3,7.0,7.0,0.8906,0.294,228,28,5,unknown,unknown,PD_green,false,false,PDH;PDC;ONH;ONL;dayHighSoFar;dayLowSoFar;midpoint,PDO;PDL,daily_friday,12,0,12,0
2026.03.23,US500.pro,2026.03.23 12:46:58,2026.03.23 12:46:59,2026.03.23 12:47:12,ON,119116210111101414,6643.0,6652.7,9.7,1.80,DEAL_TYPE_BUY,6643.0,dailyUp2,62,9.7,-2.8,-2.8,2,2,secretTPSL_tp,profit=9.7|threshold=7.0|tpWhole=14|pct=50,DEAL_REASON_EXPERT,0.001,Falgo_placeholder| ,1,1,0.0,7.0,7.0,0.5455,1.153,6,5,3,unknown,unknown,PD_red,true,true,PDO;PDH;ONH;dayHighSoFar,PDL;PDC;ONL;dayLowSoFar;midpoint,daily_monday,0,0,1,1
2026.03.23,US500.pro,2026.03.23 12:46:58,2026.03.23 12:46:59,2026.03.23 12:47:12,ON,120116210111101414,6643.0,6652.7,9.7,1.80,DEAL_TYPE_BUY,6643.0,dailyUp2,62,9.7,-2.8,-2.8,2,2,secretTPSL_tp,profit=9.7|threshold=7.0|tpWhole=14|pct=50,DEAL_REASON_EXPERT,0.001,Falgo_placeholder| ,1,1,0.0,7.0,7.0,0.5455,1.153,6,5,3,unknown,unknown,PD_red,true,true,PDO;PDH;ONH;dayHighSoFar,PDL;PDC;ONL;dayLowSoFar;midpoint,daily_monday,0,0,1,1
2026.03.23,US500.pro,2026.03.23 17:29:21,2026.03.23 17:29:41,2026.03.23 17:31:46,RTH-afterIB,119112010112101414,6617.1,6625.3,8.2,1.50,DEAL_TYPE_BUY,6616.0,weeklyPivot,20,8.2,-1.3,-1.3,3,1,secretTPSL_tp,profit=8.2|threshold=7.0|tpWhole=14|pct=50,DEAL_REASON_EXPERT,0.001,Falgo_placeholder| ,2,1,1.1,7.0,7.0,0.8780,0.656,108,11,3,43.56,gapUp_Day,PD_red,true,true,PDO;PDH;ONH;RTHH;RTHL;IBL;IBH;dayHighSoFar,PDL;PDC;ONL;dayLowSoFar;midpoint,weekly_pivot_stacked_monday_tuesday,0,0,1,1
2026.03.23,US500.pro,2026.03.23 17:29:21,2026.03.23 17:29:41,2026.03.23 17:31:46,RTH-afterIB,120112010112101414,6617.1,6625.3,8.2,1.50,DEAL_TYPE_BUY,6616.0,weeklyPivot,20,8.2,-1.3,-1.3,3,1,secretTPSL_tp,profit=8.2|threshold=7.0|tpWhole=14|pct=50,DEAL_REASON_EXPERT,0.001,Falgo_placeholder| ,2,1,1.1,7.0,7.0,0.8780,0.656,108,11,3,43.56,gapUp_Day,PD_red,true,true,PDO;PDH;ONH;RTHH;RTHL;IBL;IBH;dayHighSoFar,PDL;PDC;ONL;dayLowSoFar;midpoint,weekly_pivot_stacked_monday_tuesday,0,0,1,1
2026.03.25,US500.pro,2026.03.25 14:59:12,2026.03.25 15:00:30,2026.03.25 15:01:50,RTH-IB,119136110112201414,6637.1,6644.1,7.0,1.29,DEAL_TYPE_BUY,6636.0,dailyUp1,61,7.0,-5.9,-5.9,2,1,secretTPSL_tp,profit=7.0|threshold=7.0|tpWhole=14|pct=50,DEAL_REASON_EXPERT,0.001,Falgo_placeholder| ,2,2,1.1,7.0,7.0,0.5195,0.366,40,36,3,55.78,gapUp_Day,PD_green,true,false,PDH;ONH;RTHH;RTHL;dayHighSoFar;midpoint,PDO;PDL;PDC;ONL;dayLowSoFar,daily_wednesday,15,0,17,1
2026.03.25,US500.pro,2026.03.25 14:59:12,2026.03.25 15:00:30,2026.03.25 15:01:50,RTH-IB,120136110112201414,6637.1,6644.1,7.0,1.29,DEAL_TYPE_BUY,6636.0,dailyUp1,61,7.0,-5.9,-5.9,2,1,secretTPSL_tp,profit=7.0|threshold=7.0|tpWhole=14|pct=50,DEAL_REASON_EXPERT,0.001,Falgo_placeholder| ,2,2,1.1,7.0,7.0,0.5195,0.366,40,36,3,55.78,gapUp_Day,PD_green,true,false,PDH;ONH;RTHH;RTHL;dayHighSoFar;midpoint,PDO;PDL;PDC;ONL;dayLowSoFar,daily_wednesday,15,0,17,1
2026.03.25,US500.pro,2026.03.25 14:59:12,2026.03.25 15:00:30,2026.03.25 15:01:50,RTH-IB,123136110112201414,6637.1,6644.1,7.0,1.29,DEAL_TYPE_BUY,6636.0,dailyUp1,61,7.0,-5.9,-5.9,2,1,secretTPSL_tp,profit=7.0|threshold=7.0|tpWhole=14|pct=50,DEAL_REASON_EXPERT,0.001,Falgo_placeholder| ,2,2,1.1,7.0,7.0,0.5195,0.366,40,36,3,55.78,gapUp_Day,PD_green,true,false,PDH;ONH;RTHH;RTHL;dayHighSoFar;midpoint,PDO;PDL;PDC;ONL;dayLowSoFar,daily_wednesday,15,0,17,1
2026.03.25,US500.pro,2026.03.25 14:59:12,2026.03.25 15:00:30,2026.03.25 15:01:50,RTH-IB,126136110112201414,6637.1,6644.1,7.0,1.29,DEAL_TYPE_BUY,6636.0,dailyUp1,61,7.0,-5.9,-5.9,2,1,secretTPSL_tp,profit=7.0|threshold=7.0|tpWhole=14|pct=50,DEAL_REASON_EXPERT,0.001,Falgo_placeholder| ,2,2,1.1,7.0,7.0,0.5195,0.366,40,36,3,55.78,gapUp_Day,PD_green,true,false,PDH;ONH;RTHH;RTHL;dayHighSoFar;midpoint,PDO;PDL;PDC;ONL;dayLowSoFar,daily_wednesday,15,0,17,1
2026.03.25,US500.pro,2026.03.25 14:59:12,2026.03.25 15:00:30,2026.03.25 15:01:50,RTH-IB,128136110112201414,6637.1,6644.1,7.0,1.29,DEAL_TYPE_BUY,6636.0,dailyUp1,61,7.0,-5.9,-5.9,2,1,secretTPSL_tp,profit=7.0|threshold=7.0|tpWhole=14|pct=50,DEAL_REASON_EXPERT,0.001,Falgo_placeholder| ,2,2,1.1,7.0,7.0,0.5195,0.366,40,36,3,55.78,gapUp_Day,PD_green,true,false,PDH;ONH;RTHH;RTHL;dayHighSoFar;midpoint,PDO;PDL;PDC;ONL;dayLowSoFar,daily_wednesday,15,0,17,1
2026.03.25,US500.pro,2026.03.25 14:59:12,2026.03.25 15:00:30,2026.03.25 15:01:50,RTH-IB,131136110112201414,6637.1,6644.1,7.0,1.29,DEAL_TYPE_BUY,6636.0,dailyUp1,61,7.0,-5.9,-5.9,2,1,secretTPSL_tp,profit=7.0|threshold=7.0|tpWhole=14|pct=50,DEAL_REASON_EXPERT,0.001,Falgo_placeholder| ,2,2,1.1,7.0,7.0,0.5195,0.366,40,36,3,55.78,gapUp_Day,PD_green,true,false,PDH;ONH;RTHH;RTHL;dayHighSoFar;midpoint,PDO;PDL;PDC;ONL;dayLowSoFar,daily_wednesday,15,0,17,1
2026.03.25,US500.pro,2026.03.25 14:59:12,2026.03.25 15:00:30,2026.03.25 15:01:50,RTH-IB,132136110112201414,6637.1,6644.1,7.0,1.29,DEAL_TYPE_BUY,6636.0,dailyUp1,61,7.0,-5.9,-5.9,2,1,secretTPSL_tp,profit=7.0|threshold=7.0|tpWhole=14|pct=50,DEAL_REASON_EXPERT,0.001,Falgo_placeholder| ,2,2,1.1,7.0,7.0,0.5195,0.366,40,36,3,55.78,gapUp_Day,PD_green,true,false,PDH;ONH;RTHH;RTHL;dayHighSoFar;midpoint,PDO;PDL;PDC;ONL;dayLowSoFar,daily_wednesday,15,0,17,1
2026.04.02,US500.pro,2026.04.02 03:03:49,2026.04.02 03:03:52,2026.04.02 03:04:03,ON,138246000041101414,6605.9,6613.4,-7.5,-1.41,DEAL_TYPE_SELL,6606.0,dailyPivot,60,1.3,-7.5,-7.5,1,2,secretTPSL_sl,profit=-7.5|lossThreshold=-7.0|slWhole=14|pct=50,DEAL_REASON_EXPERT,0.001,Falgo_placeholder| ,1,1,0.1,7.0,7.0,0.4000,0.578,4,6,17,unknown,unknown,PD_green,false,false,PDO;PDH;PDC;ONH;ONL;dayHighSoFar;dayLowSoFar;midpoint,PDL,daily_thursday_pivot,10,0,10,0
2026.04.02,US500.pro,2026.04.02 03:18:02,2026.04.02 03:18:02,2026.04.02 03:18:40,ON,138245900042101414,6582.7,6575.6,7.1,1.33,DEAL_TYPE_SELL,6583.0,dailyDown1,59,7.1,-2.6,-2.6,1,1,secretTPSL_tp,profit=7.1|threshold=7.0|tpWhole=14|pct=50,DEAL_REASON_EXPERT,0.001,Falgo_placeholder| ,2,1,0.3,7.0,7.0,0.5833,2.622,21,15,3,unknown,unknown,PD_green,false,false,PDO;PDH;PDC;ONH;ONL;dayHighSoFar;dayLowSoFar;midpoint,PDL,daily_thursday,5,0,7,0
2026.04.07,US500.pro,2026.04.07 03:10:36,2026.04.07 03:11:46,2026.04.07 03:38:50,ON,138222100041101414,6634.6,6627.6,7.0,1.29,DEAL_TYPE_SELL,6635.0,weeklyUp1,21,7.0,-2.4,-0.9,28,18,secretTPSL_tp,profit=7.0|threshold=7.0|tpWhole=14|pct=50,DEAL_REASON_EXPERT,0.001,Falgo_placeholder| ,1,1,0.4,7.0,7.0,0.2709,0.044,427,1117,,unknown,unknown,PD_green,false,false,PDH;PDC;ONH;ONL;dayHighSoFar;dayLowSoFar;midpoint,PDO;PDL,weekly_stacked_monday_tuesday,12,0,17,0
2026.04.07,US500.pro,2026.04.07 14:06:46,2026.04.07 14:07:02,2026.04.07 14:09:30,ON,119125900111101414,6606.1,6613.2,7.1,1.32,DEAL_TYPE_BUY,6605.0,dailyDown1,59,7.1,-2.4,-2.4,3,1,secretTPSL_tp,profit=7.1|threshold=7.0|tpWhole=14|pct=50,DEAL_REASON_EXPERT,0.001,Falgo_placeholder| ,1,1,1.1,7.0,7.0,0.8483,0.999,123,18,3,unknown,unknown,PD_green,true,false,PDO;PDH;PDC;ONH;ONL;dayHighSoFar;dayLowSoFar;midpoint,PDL,daily_tuesday,2,0,3,0
2026.04.07,US500.pro,2026.04.07 14:06:46,2026.04.07 14:07:02,2026.04.07 14:09:30,ON,120125900111101414,6606.1,6613.2,7.1,1.32,DEAL_TYPE_BUY,6605.0,dailyDown1,59,7.1,-2.4,-2.4,3,1,secretTPSL_tp,profit=7.1|threshold=7.0|tpWhole=14|pct=50,DEAL_REASON_EXPERT,0.001,Falgo_placeholder| ,1,1,1.1,7.0,7.0,0.8483,0.999,123,18,3,unknown,unknown,PD_green,true,false,PDO;PDH;PDC;ONH;ONL;dayHighSoFar;dayLowSoFar;midpoint,PDL,daily_tuesday,2,0,3,0
2026.04.07,US500.pro,2026.04.07 14:06:46,2026.04.07 14:07:02,2026.04.07 14:09:30,ON,123125900111101414,6606.1,6613.2,7.1,1.32,DEAL_TYPE_BUY,6605.0,dailyDown1,59,7.1,-2.4,-2.4,3,1,secretTPSL_tp,profit=7.1|threshold=7.0|tpWhole=14|pct=50,DEAL_REASON_EXPERT,0.001,Falgo_placeholder| ,1,1,1.1,7.0,7.0,0.8483,0.999,123,18,3,unknown,unknown,PD_green,true,false,PDO;PDH;PDC;ONH;ONL;dayHighSoFar;dayLowSoFar;midpoint,PDL,daily_tuesday,2,0,3,0
2026.04.07,US500.pro,2026.04.07 14:06:46,2026.04.07 14:07:02,2026.04.07 14:09:30,ON,126125900111101414,6606.1,6613.2,7.1,1.32,DEAL_TYPE_BUY,6605.0,dailyDown1,59,7.1,-2.4,-2.4,3,1,secretTPSL_tp,profit=7.1|threshold=7.0|tpWhole=14|pct=50,DEAL_REASON_EXPERT,0.001,Falgo_placeholder| ,1,1,1.1,7.0,7.0,0.8483,0.999,123,18,3,unknown,unknown,PD_green,true,false,PDO;PDH;PDC;ONH;ONL;dayHighSoFar;dayLowSoFar;midpoint,PDL,daily_tuesday,2,0,3,0
2026.04.07,US500.pro,2026.04.07 14:06:46,2026.04.07 14:07:02,2026.04.07 14:09:30,ON,128125900111101414,6606.1,6613.2,7.1,1.32,DEAL_TYPE_BUY,6605.0,dailyDown1,59,7.1,-2.4,-2.4,3,1,secretTPSL_tp,profit=7.1|threshold=7.0|tpWhole=14|pct=50,DEAL_REASON_EXPERT,0.001,Falgo_placeholder| ,1,1,1.1,7.0,7.0,0.8483,0.999,123,18,3,unknown,unknown,PD_green,true,false,PDO;PDH;PDC;ONH;ONL;dayHighSoFar;dayLowSoFar;midpoint,PDL,daily_tuesday,2,0,3,0
2026.04.07,US500.pro,2026.04.07 14:06:46,2026.04.07 14:07:02,2026.04.07 14:09:30,ON,131125900111101414,6606.1,6613.2,7.1,1.32,DEAL_TYPE_BUY,6605.0,dailyDown1,59,7.1,-2.4,-2.4,3,1,secretTPSL_tp,profit=7.1|threshold=7.0|tpWhole=14|pct=50,DEAL_REASON_EXPERT,0.001,Falgo_placeholder| ,1,1,1.1,7.0,7.0,0.8483,0.999,123,18,3,unknown,unknown,PD_green,true,false,PDO;PDH;PDC;ONH;ONL;dayHighSoFar;dayLowSoFar;midpoint,PDL,daily_tuesday,2,0,3,0
2026.04.07,US500.pro,2026.04.07 14:06:46,2026.04.07 14:07:02,2026.04.07 14:09:30,ON,132125900111101414,6606.1,6613.2,7.1,1.32,DEAL_TYPE_BUY,6605.0,dailyDown1,59,7.1,-2.4,-2.4,3,1,secretTPSL_tp,profit=7.1|threshold=7.0|tpWhole=14|pct=50,DEAL_REASON_EXPERT,0.001,Falgo_placeholder| ,1,1,1.1,7.0,7.0,0.8483,0.999,123,18,3,unknown,unknown,PD_green,true,false,PDO;PDH;PDC;ONH;ONL;dayHighSoFar;dayLowSoFar;midpoint,PDL,daily_tuesday,2,0,3,0
2026.04.07,US500.pro,2026.04.07 17:04:49,2026.04.07 17:05:57,2026.04.07 17:10:41,RTH-afterIB,119122000112101414,6574.5,6581.8,7.3,1.36,DEAL_TYPE_BUY,6575.0,weeklyPivot,20,7.3,-1.9,-1.9,6,2,secretTPSL_tp,profit=7.3|threshold=7.0|tpWhole=14|pct=50,DEAL_REASON_EXPERT,0.001,Falgo_placeholder| ,2,1,-0.5,7.0,7.0,0.8029,0.203,224,55,8,40.43,gapDown_Day,PD_green,true,false,PDO;PDH;PDC;ONH;ONL;RTHH;RTHL;IBL;IBH;dayHighSoFar;dayLowSoFar;midpoint,PDL,weekly_pivot_stacked_monday_tuesday_wednesday,1,0,2,0
2026.04.07,US500.pro,2026.04.07 17:04:49,2026.04.07 17:05:57,2026.04.07 17:10:41,RTH-afterIB,120122000112101414,6574.5,6581.8,7.3,1.36,DEAL_TYPE_BUY,6575.0,weeklyPivot,20,7.3,-1.9,-1.9,6,2,secretTPSL_tp,profit=7.3|threshold=7.0|tpWhole=14|pct=50,DEAL_REASON_EXPERT,0.001,Falgo_placeholder| ,2,1,-0.5,7.0,7.0,0.8029,0.203,224,55,8,40.43,gapDown_Day,PD_green,true,false,PDO;PDH;PDC;ONH;ONL;RTHH;RTHL;IBL;IBH;dayHighSoFar;dayLowSoFar;midpoint,PDL,weekly_pivot_stacked_monday_tuesday_wednesday,1,0,2,0
2026.04.07,US500.pro,2026.04.07 17:04:49,2026.04.07 17:05:57,2026.04.07 17:10:41,RTH-afterIB,123122000112101414,6574.5,6581.8,7.3,1.36,DEAL_TYPE_BUY,6575.0,weeklyPivot,20,7.3,-1.9,-1.9,6,2,secretTPSL_tp,profit=7.3|threshold=7.0|tpWhole=14|pct=50,DEAL_REASON_EXPERT,0.001,Falgo_placeholder| ,2,1,-0.5,7.0,7.0,0.8029,0.203,224,55,8,40.43,gapDown_Day,PD_green,true,false,PDO;PDH;PDC;ONH;ONL;RTHH;RTHL;IBL;IBH;dayHighSoFar;dayLowSoFar;midpoint,PDL,weekly_pivot_stacked_monday_tuesday_wednesday,1,0,2,0
2026.04.07,US500.pro,2026.04.07 17:04:49,2026.04.07 17:05:57,2026.04.07 17:10:41,RTH-afterIB,126122000112101414,6574.5,6581.8,7.3,1.36,DEAL_TYPE_BUY,6575.0,weeklyPivot,20,7.3,-1.9,-1.9,6,2,secretTPSL_tp,profit=7.3|threshold=7.0|tpWhole=14|pct=50,DEAL_REASON_EXPERT,0.001,Falgo_placeholder| ,2,1,-0.5,7.0,7.0,0.8029,0.203,224,55,8,40.43,gapDown_Day,PD_green,true,false,PDO;PDH;PDC;ONH;ONL;RTHH;RTHL;IBL;IBH;dayHighSoFar;dayLowSoFar;midpoint,PDL,weekly_pivot_stacked_monday_tuesday_wednesday,1,0,2,0
2026.04.07,US500.pro,2026.04.07 17:04:49,2026.04.07 17:05:57,2026.04.07 17:10:41,RTH-afterIB,128122000112101414,6574.5,6581.8,7.3,1.36,DEAL_TYPE_BUY,6575.0,weeklyPivot,20,7.3,-1.9,-1.9,6,2,secretTPSL_tp,profit=7.3|threshold=7.0|tpWhole=14|pct=50,DEAL_REASON_EXPERT,0.001,Falgo_placeholder| ,2,1,-0.5,7.0,7.0,0.8029,0.203,224,55,8,40.43,gapDown_Day,PD_green,true,false,PDO;PDH;PDC;ONH;ONL;RTHH;RTHL;IBL;IBH;dayHighSoFar;dayLowSoFar;midpoint,PDL,weekly_pivot_stacked_monday_tuesday_wednesday,1,0,2,0
2026.04.07,US500.pro,2026.04.07 17:04:49,2026.04.07 17:05:57,2026.04.07 17:10:41,RTH-afterIB,131122000112101414,6574.5,6581.8,7.3,1.36,DEAL_TYPE_BUY,6575.0,weeklyPivot,20,7.3,-1.9,-1.9,6,2,secretTPSL_tp,profit=7.3|threshold=7.0|tpWhole=14|pct=50,DEAL_REASON_EXPERT,0.001,Falgo_placeholder| ,2,1,-0.5,7.0,7.0,0.8029,0.203,224,55,8,40.43,gapDown_Day,PD_green,true,false,PDO;PDH;PDC;ONH;ONL;RTHH;RTHL;IBL;IBH;dayHighSoFar;dayLowSoFar;midpoint,PDL,weekly_pivot_stacked_monday_tuesday_wednesday,1,0,2,0
2026.04.07,US500.pro,2026.04.07 17:04:49,2026.04.07 17:05:57,2026.04.07 17:10:41,RTH-afterIB,132122000112101414,6574.5,6581.8,7.3,1.36,DEAL_TYPE_BUY,6575.0,weeklyPivot,20,7.3,-1.9,-1.9,6,2,secretTPSL_tp,profit=7.3|threshold=7.0|tpWhole=14|pct=50,DEAL_REASON_EXPERT,0.001,Falgo_placeholder| ,2,1,-0.5,7.0,7.0,0.8029,0.203,224,55,8,40.43,gapDown_Day,PD_green,true,false,PDO;PDH;PDC;ONH;ONL;RTHH;RTHL;IBL;IBH;dayHighSoFar;dayLowSoFar;midpoint,PDL,weekly_pivot_stacked_monday_tuesday_wednesday,1,0,2,0
2026.04.10,US500.pro,2026.04.10 18:36:51,2026.04.10 18:41:46,2026.04.10 18:50:10,RTH-afterIB,119156000111101414,6849.0,6856.1,7.1,1.30,DEAL_TYPE_BUY,6848.0,dailyPivot,60,7.1,-2.2,-0.7,10,4,secretTPSL_tp,profit=7.1|threshold=7.0|tpWhole=14|pct=50,DEAL_REASON_EXPERT,0.001,Falgo_placeholder| ,1,1,1.0,7.0,7.0,0.7278,0.129,361,135,10,100.00,gapUp_Day,PD_green,true,false,PDH;PDC;ONH;ONL;RTHH;RTHL;IBL;IBH;dayHighSoFar;dayLowSoFar;midpoint,PDO;PDL,daily_friday_pivot,1,0,1,0
2026.04.10,US500.pro,2026.04.10 18:36:51,2026.04.10 18:41:46,2026.04.10 18:50:10,RTH-afterIB,120156000111101414,6849.0,6856.1,7.1,1.30,DEAL_TYPE_BUY,6848.0,dailyPivot,60,7.1,-2.2,-0.7,10,4,secretTPSL_tp,profit=7.1|threshold=7.0|tpWhole=14|pct=50,DEAL_REASON_EXPERT,0.001,Falgo_placeholder| ,1,1,1.0,7.0,7.0,0.7278,0.129,361,135,10,100.00,gapUp_Day,PD_green,true,false,PDH;PDC;ONH;ONL;RTHH;RTHL;IBL;IBH;dayHighSoFar;dayLowSoFar;midpoint,PDO;PDL,daily_friday_pivot,1,0,1,0
2026.04.10,US500.pro,2026.04.10 18:36:51,2026.04.10 18:41:46,2026.04.10 18:50:10,RTH-afterIB,123156000111101414,6849.0,6856.1,7.1,1.30,DEAL_TYPE_BUY,6848.0,dailyPivot,60,7.1,-2.2,-0.7,10,4,secretTPSL_tp,profit=7.1|threshold=7.0|tpWhole=14|pct=50,DEAL_REASON_EXPERT,0.001,Falgo_placeholder| ,1,1,1.0,7.0,7.0,0.7278,0.129,361,135,10,100.00,gapUp_Day,PD_green,true,false,PDH;PDC;ONH;ONL;RTHH;RTHL;IBL;IBH;dayHighSoFar;dayLowSoFar;midpoint,PDO;PDL,daily_friday_pivot,1,0,1,0
2026.04.10,US500.pro,2026.04.10 18:36:51,2026.04.10 18:41:46,2026.04.10 18:50:10,RTH-afterIB,126156000111101414,6849.0,6856.1,7.1,1.30,DEAL_TYPE_BUY,6848.0,dailyPivot,60,7.1,-2.2,-0.7,10,4,secretTPSL_tp,profit=7.1|threshold=7.0|tpWhole=14|pct=50,DEAL_REASON_EXPERT,0.001,Falgo_placeholder| ,1,1,1.0,7.0,7.0,0.7278,0.129,361,135,10,100.00,gapUp_Day,PD_green,true,false,PDH;PDC;ONH;ONL;RTHH;RTHL;IBL;IBH;dayHighSoFar;dayLowSoFar;midpoint,PDO;PDL,daily_friday_pivot,1,0,1,0
2026.04.10,US500.pro,2026.04.10 18:36:51,2026.04.10 18:41:46,2026.04.10 18:50:10,RTH-afterIB,128156000111101414,6849.0,6856.1,7.1,1.30,DEAL_TYPE_BUY,6848.0,dailyPivot,60,7.1,-2.2,-0.7,10,4,secretTPSL_tp,profit=7.1|threshold=7.0|tpWhole=14|pct=50,DEAL_REASON_EXPERT,0.001,Falgo_placeholder| ,1,1,1.0,7.0,7.0,0.7278,0.129,361,135,10,100.00,gapUp_Day,PD_green,true,false,PDH;PDC;ONH;ONL;RTHH;RTHL;IBL;IBH;dayHighSoFar;dayLowSoFar;midpoint,PDO;PDL,daily_friday_pivot,1,0,1,0
2026.04.10,US500.pro,2026.04.10 18:36:51,2026.04.10 18:41:46,2026.04.10 18:50:10,RTH-afterIB,131156000111101414,6849.0,6856.1,7.1,1.30,DEAL_TYPE_BUY,6848.0,dailyPivot,60,7.1,-2.2,-0.7,10,4,secretTPSL_tp,profit=7.1|threshold=7.0|tpWhole=14|pct=50,DEAL_REASON_EXPERT,0.001,Falgo_placeholder| ,1,1,1.0,7.0,7.0,0.7278,0.129,361,135,10,100.00,gapUp_Day,PD_green,true,false,PDH;PDC;ONH;ONL;RTHH;RTHL;IBL;IBH;dayHighSoFar;dayLowSoFar;midpoint,PDO;PDL,daily_friday_pivot,1,0,1,0
2026.04.10,US500.pro,2026.04.10 18:36:51,2026.04.10 18:41:46,2026.04.10 18:50:10,RTH-afterIB,132156000111101414,6849.0,6856.1,7.1,1.30,DEAL_TYPE_BUY,6848.0,dailyPivot,60,7.1,-2.2,-0.7,10,4,secretTPSL_tp,profit=7.1|threshold=7.0|tpWhole=14|pct=50,DEAL_REASON_EXPERT,0.001,Falgo_placeholder| ,1,1,1.0,7.0,7.0,0.7278,0.129,361,135,10,100.00,gapUp_Day,PD_green,true,false,PDH;PDC;ONH;ONL;RTHH;RTHL;IBL;IBH;dayHighSoFar;dayLowSoFar;midpoint,PDO;PDL,daily_friday_pivot,1,0,1,0
2026.04.20,US500.pro,2026.04.20 03:07:01,2026.04.20 03:10:13,2026.04.20 07:30:53,ON,138215900042201414,7120.6,7113.6,7.0,1.25,DEAL_TYPE_SELL,7121.0,dailyDown1,59,7.0,-6.2,-1.2,261,47,secretTPSL_tp,profit=7.0|threshold=7.0|tpWhole=14|pct=50,DEAL_REASON_EXPERT,0.001,Falgo_placeholder| ,2,2,0.4,7.0,7.0,0.4198,0.005,5489,7528,,unknown,unknown,PD_green,false,false,PDO;PDH;PDC,PDL;ONH;ONL;dayHighSoFar;dayLowSoFar;midpoint,daily_monday,0,0,0,0
2026.04.20,US500.pro,2026.04.20 15:29:18,2026.04.20 15:30:01,2026.04.20 15:40:24,ON,138212000044201414,7150.6,7143.5,7.1,1.29,DEAL_TYPE_SELL,7151.0,weeklyPivot,20,7.1,-3.9,-2.4,11,8,secretTPSL_tp,profit=7.1|threshold=7.0|tpWhole=14|pct=50,DEAL_REASON_EXPERT,0.001,Falgo_placeholder| ,4,2,0.4,7.0,7.0,0.5296,0.058,322,284,,35.33,gapDown_Day,PD_green,false,false,PDH;PDC,PDO;PDL;ONH;ONL;dayHighSoFar;dayLowSoFar;midpoint,weekly_pivot_stacked_friday_monday_tuesday,0,0,0,0
2026.04.21,US500.pro,2026.04.21 15:31:02,2026.04.21 15:31:24,2026.04.21 15:47:04,RTH-IB,119122020118801414,7152.0,7159.1,7.1,1.29,DEAL_TYPE_BUY,7151.0,weeklyPivot,20,7.1,-5.2,-1.4,17,9,secretTPSL_tp,profit=7.1|threshold=7.0|tpWhole=14|pct=50,DEAL_REASON_EXPERT,0.001,Falgo_placeholder| ,8,8,1.0,7.0,7.0,0.5680,0.071,526,400,19,85.71,gapUp_Day,PD_green,true,false,PDH;ONH;dayHighSoFar;midpoint,PDO;PDL;PDC;ONL;dayLowSoFar,weekly_pivot_stacked_friday_monday_tuesday,2,0,7,2
2026.04.21,US500.pro,2026.04.21 15:31:02,2026.04.21 15:31:24,2026.04.21 15:47:04,RTH-IB,120122020118801414,7152.0,7159.1,7.1,1.29,DEAL_TYPE_BUY,7151.0,weeklyPivot,20,7.1,-5.2,-1.4,17,9,secretTPSL_tp,profit=7.1|threshold=7.0|tpWhole=14|pct=50,DEAL_REASON_EXPERT,0.001,Falgo_placeholder| ,8,8,1.0,7.0,7.0,0.5680,0.071,526,400,19,85.71,gapUp_Day,PD_green,true,false,PDH;ONH;dayHighSoFar;midpoint,PDO;PDL;PDC;ONL;dayLowSoFar,weekly_pivot_stacked_friday_monday_tuesday,2,0,7,2
2026.04.21,US500.pro,2026.04.21 15:31:02,2026.04.21 15:31:24,2026.04.21 15:47:04,RTH-IB,123122020118801414,7152.0,7159.1,7.1,1.29,DEAL_TYPE_BUY,7151.0,weeklyPivot,20,7.1,-5.2,-1.4,17,9,secretTPSL_tp,profit=7.1|threshold=7.0|tpWhole=14|pct=50,DEAL_REASON_EXPERT,0.001,Falgo_placeholder| ,8,8,1.0,7.0,7.0,0.5680,0.071,526,400,19,85.71,gapUp_Day,PD_green,true,false,PDH;ONH;dayHighSoFar;midpoint,PDO;PDL;PDC;ONL;dayLowSoFar,weekly_pivot_stacked_friday_monday_tuesday,2,0,7,2
2026.04.21,US500.pro,2026.04.21 15:31:02,2026.04.21 15:31:24,2026.04.21 15:47:04,RTH-IB,126122020118801414,7152.0,7159.1,7.1,1.29,DEAL_TYPE_BUY,7151.0,weeklyPivot,20,7.1,-5.2,-1.4,17,9,secretTPSL_tp,profit=7.1|threshold=7.0|tpWhole=14|pct=50,DEAL_REASON_EXPERT,0.001,Falgo_placeholder| ,8,8,1.0,7.0,7.0,0.5680,0.071,526,400,19,85.71,gapUp_Day,PD_green,true,false,PDH;ONH;dayHighSoFar;midpoint,PDO;PDL;PDC;ONL;dayLowSoFar,weekly_pivot_stacked_friday_monday_tuesday,2,0,7,2
2026.04.21,US500.pro,2026.04.21 15:31:02,2026.04.21 15:31:24,2026.04.21 15:47:04,RTH-IB,128122020118801414,7152.0,7159.1,7.1,1.29,DEAL_TYPE_BUY,7151.0,weeklyPivot,20,7.1,-5.2,-1.4,17,9,secretTPSL_tp,profit=7.1|threshold=7.0|tpWhole=14|pct=50,DEAL_REASON_EXPERT,0.001,Falgo_placeholder| ,8,8,1.0,7.0,7.0,0.5680,0.071,526,400,19,85.71,gapUp_Day,PD_green,true,false,PDH;ONH;dayHighSoFar;midpoint,PDO;PDL;PDC;ONL;dayLowSoFar,weekly_pivot_stacked_friday_monday_tuesday,2,0,7,2
2026.04.21,US500.pro,2026.04.21 15:31:02,2026.04.21 15:31:24,2026.04.21 15:47:04,RTH-IB,131122020118801414,7152.0,7159.1,7.1,1.29,DEAL_TYPE_BUY,7151.0,weeklyPivot,20,7.1,-5.2,-1.4,17,9,secretTPSL_tp,profit=7.1|threshold=7.0|tpWhole=14|pct=50,DEAL_REASON_EXPERT,0.001,Falgo_placeholder| ,8,8,1.0,7.0,7.0,0.5680,0.071,526,400,19,85.71,gapUp_Day,PD_green,true,false,PDH;ONH;dayHighSoFar;midpoint,PDO;PDL;PDC;ONL;dayLowSoFar,weekly_pivot_stacked_friday_monday_tuesday,2,0,7,2
2026.04.21,US500.pro,2026.04.21 15:31:02,2026.04.21 15:31:24,2026.04.21 15:47:04,RTH-IB,132122020118801414,7152.0,7159.1,7.1,1.29,DEAL_TYPE_BUY,7151.0,weeklyPivot,20,7.1,-5.2,-1.4,17,9,secretTPSL_tp,profit=7.1|threshold=7.0|tpWhole=14|pct=50,DEAL_REASON_EXPERT,0.001,Falgo_placeholder| ,8,8,1.0,7.0,7.0,0.5680,0.071,526,400,19,85.71,gapUp_Day,PD_green,true,false,PDH;ONH;dayHighSoFar;midpoint,PDO;PDL;PDC;ONL;dayLowSoFar,weekly_pivot_stacked_friday_monday_tuesday,2,0,7,2
2026.04.21,US500.pro,2026.04.21 17:01:49,2026.04.21 17:03:24,2026.04.21 17:07:13,RTH-afterIB,119125900118101414,7122.0,7129.6,7.6,1.36,DEAL_TYPE_BUY,7121.0,dailyDown1,59,7.6,-1.2,-0.2,5,3,secretTPSL_tp,profit=7.6|threshold=7.0|tpWhole=14|pct=50,DEAL_REASON_EXPERT,0.001,Falgo_placeholder| ,8,1,1.0,7.0,7.0,0.9369,0.211,208,14,3,100.00,gapUp_Day,PD_green,true,false,PDO;PDH;PDC;ONH;ONL;RTHH;RTHL;IBL;IBH;dayHighSoFar;dayLowSoFar;midpoint,PDL,daily_tuesday,7,0,10,0
2026.04.21,US500.pro,2026.04.21 17:01:49,2026.04.21 17:03:24,2026.04.21 17:07:13,RTH-afterIB,120125900118101414,7122.0,7129.6,7.6,1.36,DEAL_TYPE_BUY,7121.0,dailyDown1,59,7.6,-1.2,-0.2,5,3,secretTPSL_tp,profit=7.6|threshold=7.0|tpWhole=14|pct=50,DEAL_REASON_EXPERT,0.001,Falgo_placeholder| ,8,1,1.0,7.0,7.0,0.9369,0.211,208,14,3,100.00,gapUp_Day,PD_green,true,false,PDO;PDH;PDC;ONH;ONL;RTHH;RTHL;IBL;IBH;dayHighSoFar;dayLowSoFar;midpoint,PDL,daily_tuesday,7,0,10,0
2026.04.21,US500.pro,2026.04.21 17:01:49,2026.04.21 17:03:24,2026.04.21 17:07:13,RTH-afterIB,123125900118101414,7122.0,7129.6,7.6,1.36,DEAL_TYPE_BUY,7121.0,dailyDown1,59,7.6,-1.2,-0.2,5,3,secretTPSL_tp,profit=7.6|threshold=7.0|tpWhole=14|pct=50,DEAL_REASON_EXPERT,0.001,Falgo_placeholder| ,8,1,1.0,7.0,7.0,0.9369,0.211,208,14,3,100.00,gapUp_Day,PD_green,true,false,PDO;PDH;PDC;ONH;ONL;RTHH;RTHL;IBL;IBH;dayHighSoFar;dayLowSoFar;midpoint,PDL,daily_tuesday,7,0,10,0
2026.04.21,US500.pro,2026.04.21 17:01:49,2026.04.21 17:03:24,2026.04.21 17:07:13,RTH-afterIB,126125900118101414,7122.0,7129.6,7.6,1.36,DEAL_TYPE_BUY,7121.0,dailyDown1,59,7.6,-1.2,-0.2,5,3,secretTPSL_tp,profit=7.6|threshold=7.0|tpWhole=14|pct=50,DEAL_REASON_EXPERT,0.001,Falgo_placeholder| ,8,1,1.0,7.0,7.0,0.9369,0.211,208,14,3,100.00,gapUp_Day,PD_green,true,false,PDO;PDH;PDC;ONH;ONL;RTHH;RTHL;IBL;IBH;dayHighSoFar;dayLowSoFar;midpoint,PDL,daily_tuesday,7,0,10,0
2026.04.21,US500.pro,2026.04.21 17:01:49,2026.04.21 17:03:24,2026.04.21 17:07:13,RTH-afterIB,128125900118101414,7122.0,7129.6,7.6,1.36,DEAL_TYPE_BUY,7121.0,dailyDown1,59,7.6,-1.2,-0.2,5,3,secretTPSL_tp,profit=7.6|threshold=7.0|tpWhole=14|pct=50,DEAL_REASON_EXPERT,0.001,Falgo_placeholder| ,8,1,1.0,7.0,7.0,0.9369,0.211,208,14,3,100.00,gapUp_Day,PD_green,true,false,PDO;PDH;PDC;ONH;ONL;RTHH;RTHL;IBL;IBH;dayHighSoFar;dayLowSoFar;midpoint,PDL,daily_tuesday,7,0,10,0
2026.04.21,US500.pro,2026.04.21 17:01:49,2026.04.21 17:03:24,2026.04.21 17:07:13,RTH-afterIB,131125900118101414,7122.0,7129.6,7.6,1.36,DEAL_TYPE_BUY,7121.0,dailyDown1,59,7.6,-1.2,-0.2,5,3,secretTPSL_tp,profit=7.6|threshold=7.0|tpWhole=14|pct=50,DEAL_REASON_EXPERT,0.001,Falgo_placeholder| ,8,1,1.0,7.0,7.0,0.9369,0.211,208,14,3,100.00,gapUp_Day,PD_green,true,false,PDO;PDH;PDC;ONH;ONL;RTHH;RTHL;IBL;IBH;dayHighSoFar;dayLowSoFar;midpoint,PDL,daily_tuesday,7,0,10,0
2026.04.21,US500.pro,2026.04.21 17:01:49,2026.04.21 17:03:24,2026.04.21 17:07:13,RTH-afterIB,132125900118101414,7122.0,7129.6,7.6,1.36,DEAL_TYPE_BUY,7121.0,dailyDown1,59,7.6,-1.2,-0.2,5,3,secretTPSL_tp,profit=7.6|threshold=7.0|tpWhole=14|pct=50,DEAL_REASON_EXPERT,0.001,Falgo_placeholder| ,8,1,1.0,7.0,7.0,0.9369,0.211,208,14,3,100.00,gapUp_Day,PD_green,true,false,PDO;PDH;PDC;ONH;ONL;RTHH;RTHL;IBL;IBH;dayHighSoFar;dayLowSoFar;midpoint,PDL,daily_tuesday,7,0,10,0
2026.04.23,US500.pro,2026.04.23 14:06:02,2026.04.23 14:06:32,2026.04.23 14:21:30,ON,138246000048801414,7165.6,7158.5,7.1,1.30,DEAL_TYPE_SELL,7166.0,dailyPivot,60,7.1,-3.5,-2.9,16,6,secretTPSL_tp,profit=7.1|threshold=7.0|tpWhole=14|pct=50,DEAL_REASON_EXPERT,0.001,Falgo_placeholder| ,8,8,0.4,7.0,7.0,0.5292,0.073,471,411,19,unknown,unknown,PD_green,false,true,PDH;PDC,PDO;PDL;ONH;ONL;dayHighSoFar;dayLowSoFar;midpoint,daily_thursday_pivot,6,0,3,0
2026.04.23,US500.pro,2026.04.23 19:17:36,2026.04.23 19:22:40,2026.04.23 19:26:16,RTH-afterIB,131145810111101414,7118.0,7125.1,7.1,1.30,DEAL_TYPE_BUY,7117.0,dailyDown2,58,7.1,-1.7,-1.7,5,1,secretTPSL_tp,profit=7.1|threshold=7.0|tpWhole=14|pct=50,DEAL_REASON_EXPERT,0.001,Falgo_placeholder| ,1,1,1.0,7.0,7.0,0.7619,0.307,160,50,3,100.00,gapDown_Day,PD_green,true,true,PDO;PDH;PDL;PDC;ONH;RTHH;RTHL;IBL;IBH;dayHighSoFar;midpoint,ONL;dayLowSoFar,daily_thursday,6,0,18,1
2026.04.23,US500.pro,2026.04.23 19:42:08,2026.04.23 19:44:16,2026.04.23 19:45:28,RTH-afterIB,131145700112101414,7093.1,7085.6,-7.5,-1.39,DEAL_TYPE_BUY,7092.0,dailyDown3,57,1.2,-7.5,-2.8,1,2,secretTPSL_sl,profit=-7.5|lossThreshold=-7.0|slWhole=14|pct=50,DEAL_REASON_EXPERT,0.001,Falgo_placeholder| ,2,1,1.1,7.0,7.0,0.1571,-0.245,11,56,12,100.00,gapDown_Day,PD_green,true,true,PDO;PDH;PDL;PDC;ONH;ONL;RTHH;RTHL;IBL;IBH;dayHighSoFar;dayLowSoFar;midpoint,,daily_thursday,0,0,3,0
2026.04.28,US500.pro,2026.04.28 07:34:01,2026.04.28 07:35:32,2026.04.28 08:43:46,ON,119126000116601414,7201.0,7193.3,-7.7,-1.42,DEAL_TYPE_BUY,7200.0,dailyPivot,60,0.8,-7.7,-1.1,7,69,secretTPSL_sl,profit=-7.7|lossThreshold=-7.0|slWhole=14|pct=50,DEAL_REASON_EXPERT,0.001,Falgo_placeholder| ,6,6,1.0,7.0,7.0,0.0075,-0.013,29,3863,,unknown,unknown,PD_green,true,false,PDH;PDC;ONH;ONL;dayHighSoFar;dayLowSoFar;midpoint,PDO;PDL,daily_tuesday_pivot,1,0,4,0
2026.04.28,US500.pro,2026.04.28 07:34:01,2026.04.28 07:35:32,2026.04.28 08:43:46,ON,120126000116601414,7201.0,7193.3,-7.7,-1.42,DEAL_TYPE_BUY,7200.0,dailyPivot,60,0.8,-7.7,-1.1,7,69,secretTPSL_sl,profit=-7.7|lossThreshold=-7.0|slWhole=14|pct=50,DEAL_REASON_EXPERT,0.001,Falgo_placeholder| ,6,6,1.0,7.0,7.0,0.0075,-0.013,29,3863,,unknown,unknown,PD_green,true,false,PDH;PDC;ONH;ONL;dayHighSoFar;dayLowSoFar;midpoint,PDO;PDL,daily_tuesday_pivot,1,0,4,0
2026.04.28,US500.pro,2026.04.28 07:34:01,2026.04.28 07:35:32,2026.04.28 08:43:46,ON,123126000116601414,7201.0,7193.3,-7.7,-1.42,DEAL_TYPE_BUY,7200.0,dailyPivot,60,0.8,-7.7,-1.1,7,69,secretTPSL_sl,profit=-7.7|lossThreshold=-7.0|slWhole=14|pct=50,DEAL_REASON_EXPERT,0.001,Falgo_placeholder| ,6,6,1.0,7.0,7.0,0.0075,-0.013,29,3863,,unknown,unknown,PD_green,true,false,PDH;PDC;ONH;ONL;dayHighSoFar;dayLowSoFar;midpoint,PDO;PDL,daily_tuesday_pivot,1,0,4,0
2026.04.28,US500.pro,2026.04.28 07:34:01,2026.04.28 07:35:32,2026.04.28 08:43:46,ON,126126000116601414,7201.0,7193.3,-7.7,-1.42,DEAL_TYPE_BUY,7200.0,dailyPivot,60,0.8,-7.7,-1.1,7,69,secretTPSL_sl,profit=-7.7|lossThreshold=-7.0|slWhole=14|pct=50,DEAL_REASON_EXPERT,0.001,Falgo_placeholder| ,6,6,1.0,7.0,7.0,0.0075,-0.013,29,3863,,unknown,unknown,PD_green,true,false,PDH;PDC;ONH;ONL;dayHighSoFar;dayLowSoFar;midpoint,PDO;PDL,daily_tuesday_pivot,1,0,4,0
2026.04.28,US500.pro,2026.04.28 07:34:01,2026.04.28 07:35:32,2026.04.28 08:43:46,ON,128126000116601414,7201.0,7193.3,-7.7,-1.42,DEAL_TYPE_BUY,7200.0,dailyPivot,60,0.8,-7.7,-1.1,7,69,secretTPSL_sl,profit=-7.7|lossThreshold=-7.0|slWhole=14|pct=50,DEAL_REASON_EXPERT,0.001,Falgo_placeholder| ,6,6,1.0,7.0,7.0,0.0075,-0.013,29,3863,,unknown,unknown,PD_green,true,false,PDH;PDC;ONH;ONL;dayHighSoFar;dayLowSoFar;midpoint,PDO;PDL,daily_tuesday_pivot,1,0,4,0
2026.04.28,US500.pro,2026.04.28 07:34:01,2026.04.28 07:35:32,2026.04.28 08:43:46,ON,131126000116601414,7201.0,7193.3,-7.7,-1.42,DEAL_TYPE_BUY,7200.0,dailyPivot,60,0.8,-7.7,-1.1,7,69,secretTPSL_sl,profit=-7.7|lossThreshold=-7.0|slWhole=14|pct=50,DEAL_REASON_EXPERT,0.001,Falgo_placeholder| ,6,6,1.0,7.0,7.0,0.0075,-0.013,29,3863,,unknown,unknown,PD_green,true,false,PDH;PDC;ONH;ONL;dayHighSoFar;dayLowSoFar;midpoint,PDO;PDL,daily_tuesday_pivot,1,0,4,0
2026.04.28,US500.pro,2026.04.28 07:34:01,2026.04.28 07:35:32,2026.04.28 08:43:46,ON,132126000116601414,7201.0,7193.3,-7.7,-1.42,DEAL_TYPE_BUY,7200.0,dailyPivot,60,0.8,-7.7,-1.1,7,69,secretTPSL_sl,profit=-7.7|lossThreshold=-7.0|slWhole=14|pct=50,DEAL_REASON_EXPERT,0.001,Falgo_placeholder| ,6,6,1.0,7.0,7.0,0.0075,-0.013,29,3863,,unknown,unknown,PD_green,true,false,PDH;PDC;ONH;ONL;dayHighSoFar;dayLowSoFar;midpoint,PDO;PDL,daily_tuesday_pivot,1,0,4,0
2026.04.28,US500.pro,2026.04.28 13:07:21,2026.04.28 13:10:01,2026.04.28 13:17:56,ON,119125900117101414,7181.0,7173.9,-7.1,-1.31,DEAL_TYPE_BUY,7180.0,dailyDown1,59,0.8,-7.1,-0.7,1,8,secretTPSL_sl,profit=-7.1|lossThreshold=-7.0|slWhole=14|pct=50,DEAL_REASON_EXPERT,0.001,Falgo_placeholder| ,7,1,1.0,7.0,7.0,0.1175,-0.095,55,413,,unknown,unknown,PD_green,true,false,PDO;PDH;PDC;ONH;ONL;dayHighSoFar;dayLowSoFar;midpoint,PDL,daily_tuesday,3,0,5,0
2026.04.28,US500.pro,2026.04.28 13:07:21,2026.04.28 13:10:01,2026.04.28 13:17:56,ON,120125900117101414,7181.0,7173.9,-7.1,-1.31,DEAL_TYPE_BUY,7180.0,dailyDown1,59,0.8,-7.1,-0.7,1,8,secretTPSL_sl,profit=-7.1|lossThreshold=-7.0|slWhole=14|pct=50,DEAL_REASON_EXPERT,0.001,Falgo_placeholder| ,7,1,1.0,7.0,7.0,0.1175,-0.095,55,413,,unknown,unknown,PD_green,true,false,PDO;PDH;PDC;ONH;ONL;dayHighSoFar;dayLowSoFar;midpoint,PDL,daily_tuesday,3,0,5,0
2026.04.28,US500.pro,2026.04.28 13:07:21,2026.04.28 13:10:01,2026.04.28 13:17:56,ON,123125900117101414,7181.0,7173.9,-7.1,-1.31,DEAL_TYPE_BUY,7180.0,dailyDown1,59,0.8,-7.1,-0.7,1,8,secretTPSL_sl,profit=-7.1|lossThreshold=-7.0|slWhole=14|pct=50,DEAL_REASON_EXPERT,0.001,Falgo_placeholder| ,7,1,1.0,7.0,7.0,0.1175,-0.095,55,413,,unknown,unknown,PD_green,true,false,PDO;PDH;PDC;ONH;ONL;dayHighSoFar;dayLowSoFar;midpoint,PDL,daily_tuesday,3,0,5,0
2026.04.28,US500.pro,2026.04.28 13:07:21,2026.04.28 13:10:01,2026.04.28 13:17:56,ON,126125900117101414,7181.0,7173.9,-7.1,-1.31,DEAL_TYPE_BUY,7180.0,dailyDown1,59,0.8,-7.1,-0.7,1,8,secretTPSL_sl,profit=-7.1|lossThreshold=-7.0|slWhole=14|pct=50,DEAL_REASON_EXPERT,0.001,Falgo_placeholder| ,7,1,1.0,7.0,7.0,0.1175,-0.095,55,413,,unknown,unknown,PD_green,true,false,PDO;PDH;PDC;ONH;ONL;dayHighSoFar;dayLowSoFar;midpoint,PDL,daily_tuesday,3,0,5,0
2026.04.28,US500.pro,2026.04.28 13:07:21,2026.04.28 13:10:01,2026.04.28 13:17:56,ON,128125900117101414,7181.0,7173.9,-7.1,-1.31,DEAL_TYPE_BUY,7180.0,dailyDown1,59,0.8,-7.1,-0.7,1,8,secretTPSL_sl,profit=-7.1|lossThreshold=-7.0|slWhole=14|pct=50,DEAL_REASON_EXPERT,0.001,Falgo_placeholder| ,7,1,1.0,7.0,7.0,0.1175,-0.095,55,413,,unknown,unknown,PD_green,true,false,PDO;PDH;PDC;ONH;ONL;dayHighSoFar;dayLowSoFar;midpoint,PDL,daily_tuesday,3,0,5,0
2026.04.28,US500.pro,2026.04.28 13:07:21,2026.04.28 13:10:01,2026.04.28 13:17:56,ON,131125900117101414,7181.0,7173.9,-7.1,-1.31,DEAL_TYPE_BUY,7180.0,dailyDown1,59,0.8,-7.1,-0.7,1,8,secretTPSL_sl,profit=-7.1|lossThreshold=-7.0|slWhole=14|pct=50,DEAL_REASON_EXPERT,0.001,Falgo_placeholder| ,7,1,1.0,7.0,7.0,0.1175,-0.095,55,413,,unknown,unknown,PD_green,true,false,PDO;PDH;PDC;ONH;ONL;dayHighSoFar;dayLowSoFar;midpoint,PDL,daily_tuesday,3,0,5,0
2026.04.28,US500.pro,2026.04.28 13:07:21,2026.04.28 13:10:01,2026.04.28 13:17:56,ON,132125900117101414,7181.0,7173.9,-7.1,-1.31,DEAL_TYPE_BUY,7180.0,dailyDown1,59,0.8,-7.1,-0.7,1,8,secretTPSL_sl,profit=-7.1|lossThreshold=-7.0|slWhole=14|pct=50,DEAL_REASON_EXPERT,0.001,Falgo_placeholder| ,7,1,1.0,7.0,7.0,0.1175,-0.095,55,413,,unknown,unknown,PD_green,true,false,PDO;PDH;PDC;ONH;ONL;dayHighSoFar;dayLowSoFar;midpoint,PDL,daily_tuesday,3,0,5,0
2026.04.30,US500.pro,2026.04.30 01:17:01,2026.04.30 01:20:48,2026.04.30 01:40:05,ON,119146110113301414,7181.0,7188.1,7.1,1.31,DEAL_TYPE_BUY,7180.0,dailyUp1,61,7.1,-1.2,-0.2,21,3,secretTPSL_tp,profit=7.1|threshold=7.0|tpWhole=14|pct=50,DEAL_REASON_EXPERT,0.001,Falgo_placeholder| ,3,3,1.0,7.0,7.0,0.8354,0.060,868,171,16,unknown,unknown,PD_green,true,false,PDH;ONH;dayHighSoFar,PDO;PDL;PDC;ONL;dayLowSoFar;midpoint,daily_thursday,13,0,11,1
2026.04.30,US500.pro,2026.04.30 01:17:01,2026.04.30 01:20:48,2026.04.30 01:40:05,ON,120146110113301414,7181.0,7188.1,7.1,1.31,DEAL_TYPE_BUY,7180.0,dailyUp1,61,7.1,-1.2,-0.2,21,3,secretTPSL_tp,profit=7.1|threshold=7.0|tpWhole=14|pct=50,DEAL_REASON_EXPERT,0.001,Falgo_placeholder| ,3,3,1.0,7.0,7.0,0.8354,0.060,868,171,16,unknown,unknown,PD_green,true,false,PDH;ONH;dayHighSoFar,PDO;PDL;PDC;ONL;dayLowSoFar;midpoint,daily_thursday,13,0,11,1
2026.04.30,US500.pro,2026.04.30 01:17:01,2026.04.30 01:20:48,2026.04.30 01:40:05,ON,123146110113301414,7181.0,7188.1,7.1,1.31,DEAL_TYPE_BUY,7180.0,dailyUp1,61,7.1,-1.2,-0.2,21,3,secretTPSL_tp,profit=7.1|threshold=7.0|tpWhole=14|pct=50,DEAL_REASON_EXPERT,0.001,Falgo_placeholder| ,3,3,1.0,7.0,7.0,0.8354,0.060,868,171,16,unknown,unknown,PD_green,true,false,PDH;ONH;dayHighSoFar,PDO;PDL;PDC;ONL;dayLowSoFar;midpoint,daily_thursday,13,0,11,1
2026.04.30,US500.pro,2026.04.30 01:17:01,2026.04.30 01:20:48,2026.04.30 01:40:05,ON,126146110113301414,7181.0,7188.1,7.1,1.31,DEAL_TYPE_BUY,7180.0,dailyUp1,61,7.1,-1.2,-0.2,21,3,secretTPSL_tp,profit=7.1|threshold=7.0|tpWhole=14|pct=50,DEAL_REASON_EXPERT,0.001,Falgo_placeholder| ,3,3,1.0,7.0,7.0,0.8354,0.060,868,171,16,unknown,unknown,PD_green,true,false,PDH;ONH;dayHighSoFar,PDO;PDL;PDC;ONL;dayLowSoFar;midpoint,daily_thursday,13,0,11,1
2026.04.30,US500.pro,2026.04.30 01:17:01,2026.04.30 01:20:48,2026.04.30 01:40:05,ON,128146110113301414,7181.0,7188.1,7.1,1.31,DEAL_TYPE_BUY,7180.0,dailyUp1,61,7.1,-1.2,-0.2,21,3,secretTPSL_tp,profit=7.1|threshold=7.0|tpWhole=14|pct=50,DEAL_REASON_EXPERT,0.001,Falgo_placeholder| ,3,3,1.0,7.0,7.0,0.8354,0.060,868,171,16,unknown,unknown,PD_green,true,false,PDH;ONH;dayHighSoFar,PDO;PDL;PDC;ONL;dayLowSoFar;midpoint,daily_thursday,13,0,11,1
2026.04.30,US500.pro,2026.04.30 01:17:01,2026.04.30 01:20:48,2026.04.30 01:40:05,ON,131146110113301414,7181.0,7188.1,7.1,1.31,DEAL_TYPE_BUY,7180.0,dailyUp1,61,7.1,-1.2,-0.2,21,3,secretTPSL_tp,profit=7.1|threshold=7.0|tpWhole=14|pct=50,DEAL_REASON_EXPERT,0.001,Falgo_placeholder| ,3,3,1.0,7.0,7.0,0.8354,0.060,868,171,16,unknown,unknown,PD_green,true,false,PDH;ONH;dayHighSoFar,PDO;PDL;PDC;ONL;dayLowSoFar;midpoint,daily_thursday,13,0,11,1
2026.04.30,US500.pro,2026.04.30 06:29:54,2026.04.30 06:31:03,2026.04.30 07:15:15,ON,119146010115201414,7151.0,7158.1,7.1,1.31,DEAL_TYPE_BUY,7150.0,dailyPivot,60,7.1,-6.2,-2.7,45,29,secretTPSL_tp,profit=7.1|threshold=7.0|tpWhole=14|pct=50,DEAL_REASON_EXPERT,0.001,Falgo_placeholder| ,5,2,1.0,7.0,7.0,0.3040,0.031,787,1802,,unknown,unknown,PD_green,true,false,PDO;PDH;PDC;ONH;dayHighSoFar;midpoint,PDL;ONL;dayLowSoFar,daily_thursday_pivot,8,0,17,1
2026.04.30,US500.pro,2026.04.30 06:29:54,2026.04.30 06:31:03,2026.04.30 07:15:15,ON,120146010115201414,7151.0,7158.1,7.1,1.31,DEAL_TYPE_BUY,7150.0,dailyPivot,60,7.1,-6.2,-2.7,45,29,secretTPSL_tp,profit=7.1|threshold=7.0|tpWhole=14|pct=50,DEAL_REASON_EXPERT,0.001,Falgo_placeholder| ,5,2,1.0,7.0,7.0,0.3040,0.031,787,1802,,unknown,unknown,PD_green,true,false,PDO;PDH;PDC;ONH;dayHighSoFar;midpoint,PDL;ONL;dayLowSoFar,daily_thursday_pivot,8,0,17,1
2026.04.30,US500.pro,2026.04.30 06:29:54,2026.04.30 06:31:03,2026.04.30 07:15:15,ON,123146010115201414,7151.0,7158.1,7.1,1.31,DEAL_TYPE_BUY,7150.0,dailyPivot,60,7.1,-6.2,-2.7,45,29,secretTPSL_tp,profit=7.1|threshold=7.0|tpWhole=14|pct=50,DEAL_REASON_EXPERT,0.001,Falgo_placeholder| ,5,2,1.0,7.0,7.0,0.3040,0.031,787,1802,,unknown,unknown,PD_green,true,false,PDO;PDH;PDC;ONH;dayHighSoFar;midpoint,PDL;ONL;dayLowSoFar,daily_thursday_pivot,8,0,17,1
2026.04.30,US500.pro,2026.04.30 06:29:54,2026.04.30 06:31:03,2026.04.30 07:15:15,ON,126146010115201414,7151.0,7158.1,7.1,1.31,DEAL_TYPE_BUY,7150.0,dailyPivot,60,7.1,-6.2,-2.7,45,29,secretTPSL_tp,profit=7.1|threshold=7.0|tpWhole=14|pct=50,DEAL_REASON_EXPERT,0.001,Falgo_placeholder| ,5,2,1.0,7.0,7.0,0.3040,0.031,787,1802,,unknown,unknown,PD_green,true,false,PDO;PDH;PDC;ONH;dayHighSoFar;midpoint,PDL;ONL;dayLowSoFar,daily_thursday_pivot,8,0,17,1
2026.04.30,US500.pro,2026.04.30 06:29:54,2026.04.30 06:31:03,2026.04.30 07:15:15,ON,128146010115201414,7151.0,7158.1,7.1,1.31,DEAL_TYPE_BUY,7150.0,dailyPivot,60,7.1,-6.2,-2.7,45,29,secretTPSL_tp,profit=7.1|threshold=7.0|tpWhole=14|pct=50,DEAL_REASON_EXPERT,0.001,Falgo_placeholder| ,5,2,1.0,7.0,7.0,0.3040,0.031,787,1802,,unknown,unknown,PD_green,true,false,PDO;PDH;PDC;ONH;dayHighSoFar;midpoint,PDL;ONL;dayLowSoFar,daily_thursday_pivot,8,0,17,1
2026.04.30,US500.pro,2026.04.30 06:29:54,2026.04.30 06:31:03,2026.04.30 07:15:15,ON,131146010115201414,7151.0,7158.1,7.1,1.31,DEAL_TYPE_BUY,7150.0,dailyPivot,60,7.1,-6.2,-2.7,45,29,secretTPSL_tp,profit=7.1|threshold=7.0|tpWhole=14|pct=50,DEAL_REASON_EXPERT,0.001,Falgo_placeholder| ,5,2,1.0,7.0,7.0,0.3040,0.031,787,1802,,unknown,unknown,PD_green,true,false,PDO;PDH;PDC;ONH;dayHighSoFar;midpoint,PDL;ONL;dayLowSoFar,daily_thursday_pivot,8,0,17,1
2026.04.30,US500.pro,2026.04.30 06:29:54,2026.04.30 06:31:03,2026.04.30 07:15:15,ON,132146010112201414,7151.0,7158.1,7.1,1.31,DEAL_TYPE_BUY,7150.0,dailyPivot,60,7.1,-6.2,-2.7,45,29,secretTPSL_tp,profit=7.1|threshold=7.0|tpWhole=14|pct=50,DEAL_REASON_EXPERT,0.001,Falgo_placeholder| ,2,2,1.0,7.0,7.0,0.3040,0.031,787,1802,,unknown,unknown,PD_green,true,false,PDO;PDH;PDC;ONH;dayHighSoFar;midpoint,PDL;ONL;dayLowSoFar,daily_thursday_pivot,8,0,17,1
2026.05.01,US500.pro,2026.05.01 10:37:26,2026.05.01 10:43:19,2026.05.01 13:59:55,ON,119156120118801414,7248.8,7255.8,7.0,1.26,DEAL_TYPE_BUY,7248.0,dailyUp1,61,7.0,-2.5,-0.7,197,22,secretTPSL_tp,profit=7.0|threshold=7.0|tpWhole=14|pct=50,DEAL_REASON_EXPERT,0.001,Falgo_placeholder| ,8,8,0.8,7.0,7.0,0.8859,0.007,8919,871,,unknown,unknown,PD_green,true,false,PDH;ONH;dayHighSoFar;midpoint,PDO;PDL;PDC;ONL;dayLowSoFar,daily_friday,5,0,3,2
2026.05.01,US500.pro,2026.05.01 10:37:26,2026.05.01 10:43:19,2026.05.01 13:59:55,ON,120156120118801414,7248.8,7255.8,7.0,1.26,DEAL_TYPE_BUY,7248.0,dailyUp1,61,7.0,-2.5,-0.7,197,22,secretTPSL_tp,profit=7.0|threshold=7.0|tpWhole=14|pct=50,DEAL_REASON_EXPERT,0.001,Falgo_placeholder| ,8,8,0.8,7.0,7.0,0.8859,0.007,8919,871,,unknown,unknown,PD_green,true,false,PDH;ONH;dayHighSoFar;midpoint,PDO;PDL;PDC;ONL;dayLowSoFar,daily_friday,5,0,3,2
2026.05.01,US500.pro,2026.05.01 10:37:26,2026.05.01 10:43:19,2026.05.01 13:59:55,ON,123156120118801414,7248.8,7255.8,7.0,1.26,DEAL_TYPE_BUY,7248.0,dailyUp1,61,7.0,-2.5,-0.7,197,22,secretTPSL_tp,profit=7.0|threshold=7.0|tpWhole=14|pct=50,DEAL_REASON_EXPERT,0.001,Falgo_placeholder| ,8,8,0.8,7.0,7.0,0.8859,0.007,8919,871,,unknown,unknown,PD_green,true,false,PDH;ONH;dayHighSoFar;midpoint,PDO;PDL;PDC;ONL;dayLowSoFar,daily_friday,5,0,3,2
2026.05.01,US500.pro,2026.05.01 10:37:26,2026.05.01 10:43:19,2026.05.01 13:59:55,ON,126156120118801414,7248.8,7255.8,7.0,1.26,DEAL_TYPE_BUY,7248.0,dailyUp1,61,7.0,-2.5,-0.7,197,22,secretTPSL_tp,profit=7.0|threshold=7.0|tpWhole=14|pct=50,DEAL_REASON_EXPERT,0.001,Falgo_placeholder| ,8,8,0.8,7.0,7.0,0.8859,0.007,8919,871,,unknown,unknown,PD_green,true,false,PDH;ONH;dayHighSoFar;midpoint,PDO;PDL;PDC;ONL;dayLowSoFar,daily_friday,5,0,3,2
2026.05.01,US500.pro,2026.05.01 10:37:26,2026.05.01 10:43:19,2026.05.01 13:59:55,ON,128156120118801414,7248.8,7255.8,7.0,1.26,DEAL_TYPE_BUY,7248.0,dailyUp1,61,7.0,-2.5,-0.7,197,22,secretTPSL_tp,profit=7.0|threshold=7.0|tpWhole=14|pct=50,DEAL_REASON_EXPERT,0.001,Falgo_placeholder| ,8,8,0.8,7.0,7.0,0.8859,0.007,8919,871,,unknown,unknown,PD_green,true,false,PDH;ONH;dayHighSoFar;midpoint,PDO;PDL;PDC;ONL;dayLowSoFar,daily_friday,5,0,3,2
2026.05.01,US500.pro,2026.05.01 10:37:26,2026.05.01 10:43:19,2026.05.01 13:59:55,ON,131156120118801414,7248.8,7255.8,7.0,1.26,DEAL_TYPE_BUY,7248.0,dailyUp1,61,7.0,-2.5,-0.7,197,22,secretTPSL_tp,profit=7.0|threshold=7.0|tpWhole=14|pct=50,DEAL_REASON_EXPERT,0.001,Falgo_placeholder| ,8,8,0.8,7.0,7.0,0.8859,0.007,8919,871,,unknown,unknown,PD_green,true,false,PDH;ONH;dayHighSoFar;midpoint,PDO;PDL;PDC;ONL;dayLowSoFar,daily_friday,5,0,3,2
2026.05.01,US500.pro,2026.05.01 10:37:26,2026.05.01 10:43:19,2026.05.01 13:59:55,ON,132156120118801414,7248.8,7255.8,7.0,1.26,DEAL_TYPE_BUY,7248.0,dailyUp1,61,7.0,-2.5,-0.7,197,22,secretTPSL_tp,profit=7.0|threshold=7.0|tpWhole=14|pct=50,DEAL_REASON_EXPERT,0.001,Falgo_placeholder| ,8,8,0.8,7.0,7.0,0.8859,0.007,8919,871,,unknown,unknown,PD_green,true,false,PDH;ONH;dayHighSoFar;midpoint,PDO;PDL;PDC;ONL;dayLowSoFar,daily_friday,5,0,3,2
2026.05.06,US500.pro,2026.05.06 02:14:02,2026.05.06 02:16:46,2026.05.06 07:59:04,ON,119136110112201414,7305.0,7312.1,7.1,1.29,DEAL_TYPE_BUY,7304.0,dailyUp1,61,7.1,-5.7,-1.2,344,34,secretTPSL_tp,profit=7.1|threshold=7.0|tpWhole=14|pct=50,DEAL_REASON_EXPERT,0.001,Falgo_placeholder| ,2,2,1.0,7.0,7.0,0.7384,0.003,14600,5172,,unknown,unknown,PD_green,true,false,PDH;ONH;dayHighSoFar;midpoint,PDO;PDL;PDC;ONL;dayLowSoFar,daily_wednesday,1,0,1,1
2026.05.06,US500.pro,2026.05.06 02:14:02,2026.05.06 02:16:46,2026.05.06 07:59:04,ON,120136110112201414,7305.0,7312.1,7.1,1.29,DEAL_TYPE_BUY,7304.0,dailyUp1,61,7.1,-5.7,-1.2,344,34,secretTPSL_tp,profit=7.1|threshold=7.0|tpWhole=14|pct=50,DEAL_REASON_EXPERT,0.001,Falgo_placeholder| ,2,2,1.0,7.0,7.0,0.7384,0.003,14600,5172,,unknown,unknown,PD_green,true,false,PDH;ONH;dayHighSoFar;midpoint,PDO;PDL;PDC;ONL;dayLowSoFar,daily_wednesday,1,0,1,1
2026.05.06,US500.pro,2026.05.06 02:14:02,2026.05.06 02:16:46,2026.05.06 07:59:04,ON,123136110112201414,7305.0,7312.1,7.1,1.29,DEAL_TYPE_BUY,7304.0,dailyUp1,61,7.1,-5.7,-1.2,344,34,secretTPSL_tp,profit=7.1|threshold=7.0|tpWhole=14|pct=50,DEAL_REASON_EXPERT,0.001,Falgo_placeholder| ,2,2,1.0,7.0,7.0,0.7384,0.003,14600,5172,,unknown,unknown,PD_green,true,false,PDH;ONH;dayHighSoFar;midpoint,PDO;PDL;PDC;ONL;dayLowSoFar,daily_wednesday,1,0,1,1
2026.05.06,US500.pro,2026.05.06 02:14:02,2026.05.06 02:16:46,2026.05.06 07:59:04,ON,126136110112201414,7305.0,7312.1,7.1,1.29,DEAL_TYPE_BUY,7304.0,dailyUp1,61,7.1,-5.7,-1.2,344,34,secretTPSL_tp,profit=7.1|threshold=7.0|tpWhole=14|pct=50,DEAL_REASON_EXPERT,0.001,Falgo_placeholder| ,2,2,1.0,7.0,7.0,0.7384,0.003,14600,5172,,unknown,unknown,PD_green,true,false,PDH;ONH;dayHighSoFar;midpoint,PDO;PDL;PDC;ONL;dayLowSoFar,daily_wednesday,1,0,1,1
2026.05.06,US500.pro,2026.05.06 02:14:02,2026.05.06 02:16:46,2026.05.06 07:59:04,ON,128136110112201414,7305.0,7312.1,7.1,1.29,DEAL_TYPE_BUY,7304.0,dailyUp1,61,7.1,-5.7,-1.2,344,34,secretTPSL_tp,profit=7.1|threshold=7.0|tpWhole=14|pct=50,DEAL_REASON_EXPERT,0.001,Falgo_placeholder| ,2,2,1.0,7.0,7.0,0.7384,0.003,14600,5172,,unknown,unknown,PD_green,true,false,PDH;ONH;dayHighSoFar;midpoint,PDO;PDL;PDC;ONL;dayLowSoFar,daily_wednesday,1,0,1,1
2026.05.06,US500.pro,2026.05.06 02:14:02,2026.05.06 02:16:46,2026.05.06 07:59:04,ON,131136110112201414,7305.0,7312.1,7.1,1.29,DEAL_TYPE_BUY,7304.0,dailyUp1,61,7.1,-5.7,-1.2,344,34,secretTPSL_tp,profit=7.1|threshold=7.0|tpWhole=14|pct=50,DEAL_REASON_EXPERT,0.001,Falgo_placeholder| ,2,2,1.0,7.0,7.0,0.7384,0.003,14600,5172,,unknown,unknown,PD_green,true,false,PDH;ONH;dayHighSoFar;midpoint,PDO;PDL;PDC;ONL;dayLowSoFar,daily_wednesday,1,0,1,1
2026.05.06,US500.pro,2026.05.06 02:14:02,2026.05.06 02:16:46,2026.05.06 07:59:04,ON,132136110112201414,7305.0,7312.1,7.1,1.29,DEAL_TYPE_BUY,7304.0,dailyUp1,61,7.1,-5.7,-1.2,344,34,secretTPSL_tp,profit=7.1|threshold=7.0|tpWhole=14|pct=50,DEAL_REASON_EXPERT,0.001,Falgo_placeholder| ,2,2,1.0,7.0,7.0,0.7384,0.003,14600,5172,,unknown,unknown,PD_green,true,false,PDH;ONH;dayHighSoFar;midpoint,PDO;PDL;PDC;ONL;dayLowSoFar,daily_wednesday,1,0,1,1
2026.05.07,US500.pro,2026.05.07 18:05:38,2026.05.07 18:12:33,2026.05.07 18:15:22,RTH-afterIB,119142200111101414,7376.1,7368.8,-7.3,-1.35,DEAL_TYPE_BUY,7375.0,weeklyUp2,22,0.7,-7.3,-1.0,2,4,secretTPSL_sl,profit=-7.3|lossThreshold=-7.0|slWhole=14|pct=50,DEAL_REASON_EXPERT,0.001,Falgo_placeholder| ,1,1,1.1,7.0,7.0,0.0915,-0.312,15,131,,100.00,gapUp_Day,PD_green,true,false,PDH;PDC;ONH;ONL;RTHH;RTHL;IBL;IBH;dayHighSoFar;dayLowSoFar;midpoint,PDO;PDL,weekly_stacked_thursday,0,0,1,0
2026.05.07,US500.pro,2026.05.07 18:05:38,2026.05.07 18:12:33,2026.05.07 18:15:22,RTH-afterIB,120142200111101414,7376.1,7368.8,-7.3,-1.35,DEAL_TYPE_BUY,7375.0,weeklyUp2,22,0.7,-7.3,-1.0,2,4,secretTPSL_sl,profit=-7.3|lossThreshold=-7.0|slWhole=14|pct=50,DEAL_REASON_EXPERT,0.001,Falgo_placeholder| ,1,1,1.1,7.0,7.0,0.0915,-0.312,15,131,,100.00,gapUp_Day,PD_green,true,false,PDH;PDC;ONH;ONL;RTHH;RTHL;IBL;IBH;dayHighSoFar;dayLowSoFar;midpoint,PDO;PDL,weekly_stacked_thursday,0,0,1,0
2026.05.07,US500.pro,2026.05.07 18:05:38,2026.05.07 18:12:33,2026.05.07 18:15:22,RTH-afterIB,123142200111101414,7376.1,7368.8,-7.3,-1.35,DEAL_TYPE_BUY,7375.0,weeklyUp2,22,0.7,-7.3,-1.0,2,4,secretTPSL_sl,profit=-7.3|lossThreshold=-7.0|slWhole=14|pct=50,DEAL_REASON_EXPERT,0.001,Falgo_placeholder| ,1,1,1.1,7.0,7.0,0.0915,-0.312,15,131,,100.00,gapUp_Day,PD_green,true,false,PDH;PDC;ONH;ONL;RTHH;RTHL;IBL;IBH;dayHighSoFar;dayLowSoFar;midpoint,PDO;PDL,weekly_stacked_thursday,0,0,1,0
2026.05.07,US500.pro,2026.05.07 18:05:38,2026.05.07 18:12:33,2026.05.07 18:15:22,RTH-afterIB,126142200111101414,7376.1,7368.8,-7.3,-1.35,DEAL_TYPE_BUY,7375.0,weeklyUp2,22,0.7,-7.3,-1.0,2,4,secretTPSL_sl,profit=-7.3|lossThreshold=-7.0|slWhole=14|pct=50,DEAL_REASON_EXPERT,0.001,Falgo_placeholder| ,1,1,1.1,7.0,7.0,0.0915,-0.312,15,131,,100.00,gapUp_Day,PD_green,true,false,PDH;PDC;ONH;ONL;RTHH;RTHL;IBL;IBH;dayHighSoFar;dayLowSoFar;midpoint,PDO;PDL,weekly_stacked_thursday,0,0,1,0
2026.05.07,US500.pro,2026.05.07 18:05:38,2026.05.07 18:12:33,2026.05.07 18:15:22,RTH-afterIB,128142200111101414,7376.1,7368.8,-7.3,-1.35,DEAL_TYPE_BUY,7375.0,weeklyUp2,22,0.7,-7.3,-1.0,2,4,secretTPSL_sl,profit=-7.3|lossThreshold=-7.0|slWhole=14|pct=50,DEAL_REASON_EXPERT,0.001,Falgo_placeholder| ,1,1,1.1,7.0,7.0,0.0915,-0.312,15,131,,100.00,gapUp_Day,PD_green,true,false,PDH;PDC;ONH;ONL;RTHH;RTHL;IBL;IBH;dayHighSoFar;dayLowSoFar;midpoint,PDO;PDL,weekly_stacked_thursday,0,0,1,0
2026.05.07,US500.pro,2026.05.07 18:05:38,2026.05.07 18:12:33,2026.05.07 18:15:22,RTH-afterIB,131142200111101414,7376.1,7368.8,-7.3,-1.35,DEAL_TYPE_BUY,7375.0,weeklyUp2,22,0.7,-7.3,-1.0,2,4,secretTPSL_sl,profit=-7.3|lossThreshold=-7.0|slWhole=14|pct=50,DEAL_REASON_EXPERT,0.001,Falgo_placeholder| ,1,1,1.1,7.0,7.0,0.0915,-0.312,15,131,,100.00,gapUp_Day,PD_green,true,false,PDH;PDC;ONH;ONL;RTHH;RTHL;IBL;IBH;dayHighSoFar;dayLowSoFar;midpoint,PDO;PDL,weekly_stacked_thursday,0,0,1,0
2026.05.07,US500.pro,2026.05.07 18:05:38,2026.05.07 18:12:33,2026.05.07 18:15:22,RTH-afterIB,132142200111101414,7376.1,7368.8,-7.3,-1.35,DEAL_TYPE_BUY,7375.0,weeklyUp2,22,0.7,-7.3,-1.0,2,4,secretTPSL_sl,profit=-7.3|lossThreshold=-7.0|slWhole=14|pct=50,DEAL_REASON_EXPERT,0.001,Falgo_placeholder| ,1,1,1.1,7.0,7.0,0.0915,-0.312,15,131,,100.00,gapUp_Day,PD_green,true,false,PDH;PDC;ONH;ONL;RTHH;RTHL;IBL;IBH;dayHighSoFar;dayLowSoFar;midpoint,PDO;PDL,weekly_stacked_thursday,0,0,1,0
2026.05.07,US500.pro,2026.05.07 19:20:11,2026.05.07 19:26:02,2026.05.07 19:26:56,RTH-afterIB,119145800112101414,7356.0,7348.8,-7.2,-1.31,DEAL_TYPE_BUY,7355.0,dailyDown2,58,3.6,-7.2,-1.4,1,1,secretTPSL_sl,profit=-7.2|lossThreshold=-7.0|slWhole=14|pct=50,DEAL_REASON_EXPERT,0.001,Falgo_placeholder| ,2,1,1.0,7.0,7.0,0.5385,-0.529,28,24,,100.00,gapUp_Day,PD_green,true,false,PDH;PDC;ONH;ONL;RTHH;RTHL;IBL;IBH;dayHighSoFar;dayLowSoFar;midpoint,PDO;PDL,daily_thursday,2,0,5,0
2026.05.07,US500.pro,2026.05.07 19:20:11,2026.05.07 19:26:02,2026.05.07 19:26:56,RTH-afterIB,120145800112101414,7356.0,7348.8,-7.2,-1.31,DEAL_TYPE_BUY,7355.0,dailyDown2,58,3.6,-7.2,-1.4,1,1,secretTPSL_sl,profit=-7.2|lossThreshold=-7.0|slWhole=14|pct=50,DEAL_REASON_EXPERT,0.001,Falgo_placeholder| ,2,1,1.0,7.0,7.0,0.5385,-0.529,28,24,,100.00,gapUp_Day,PD_green,true,false,PDH;PDC;ONH;ONL;RTHH;RTHL;IBL;IBH;dayHighSoFar;dayLowSoFar;midpoint,PDO;PDL,daily_thursday,2,0,5,0
2026.05.07,US500.pro,2026.05.07 19:20:11,2026.05.07 19:26:02,2026.05.07 19:26:56,RTH-afterIB,123145800112101414,7356.0,7348.8,-7.2,-1.31,DEAL_TYPE_BUY,7355.0,dailyDown2,58,3.6,-7.2,-1.4,1,1,secretTPSL_sl,profit=-7.2|lossThreshold=-7.0|slWhole=14|pct=50,DEAL_REASON_EXPERT,0.001,Falgo_placeholder| ,2,1,1.0,7.0,7.0,0.5385,-0.529,28,24,,100.00,gapUp_Day,PD_green,true,false,PDH;PDC;ONH;ONL;RTHH;RTHL;IBL;IBH;dayHighSoFar;dayLowSoFar;midpoint,PDO;PDL,daily_thursday,2,0,5,0
2026.05.07,US500.pro,2026.05.07 19:20:11,2026.05.07 19:26:02,2026.05.07 19:26:56,RTH-afterIB,126145800112101414,7356.0,7348.8,-7.2,-1.31,DEAL_TYPE_BUY,7355.0,dailyDown2,58,3.6,-7.2,-1.4,1,1,secretTPSL_sl,profit=-7.2|lossThreshold=-7.0|slWhole=14|pct=50,DEAL_REASON_EXPERT,0.001,Falgo_placeholder| ,2,1,1.0,7.0,7.0,0.5385,-0.529,28,24,,100.00,gapUp_Day,PD_green,true,false,PDH;PDC;ONH;ONL;RTHH;RTHL;IBL;IBH;dayHighSoFar;dayLowSoFar;midpoint,PDO;PDL,daily_thursday,2,0,5,0
2026.05.07,US500.pro,2026.05.07 19:20:11,2026.05.07 19:26:02,2026.05.07 19:26:56,RTH-afterIB,128145800112101414,7356.0,7348.8,-7.2,-1.31,DEAL_TYPE_BUY,7355.0,dailyDown2,58,3.6,-7.2,-1.4,1,1,secretTPSL_sl,profit=-7.2|lossThreshold=-7.0|slWhole=14|pct=50,DEAL_REASON_EXPERT,0.001,Falgo_placeholder| ,2,1,1.0,7.0,7.0,0.5385,-0.529,28,24,,100.00,gapUp_Day,PD_green,true,false,PDH;PDC;ONH;ONL;RTHH;RTHL;IBL;IBH;dayHighSoFar;dayLowSoFar;midpoint,PDO;PDL,daily_thursday,2,0,5,0
2026.05.07,US500.pro,2026.05.07 19:20:11,2026.05.07 19:26:02,2026.05.07 19:26:56,RTH-afterIB,131145800112101414,7356.0,7348.8,-7.2,-1.31,DEAL_TYPE_BUY,7355.0,dailyDown2,58,3.6,-7.2,-1.4,1,1,secretTPSL_sl,profit=-7.2|lossThreshold=-7.0|slWhole=14|pct=50,DEAL_REASON_EXPERT,0.001,Falgo_placeholder| ,2,1,1.0,7.0,7.0,0.5385,-0.529,28,24,,100.00,gapUp_Day,PD_green,true,false,PDH;PDC;ONH;ONL;RTHH;RTHL;IBL;IBH;dayHighSoFar;dayLowSoFar;midpoint,PDO;PDL,daily_thursday,2,0,5,0
2026.05.07,US500.pro,2026.05.07 19:20:11,2026.05.07 19:26:02,2026.05.07 19:26:56,RTH-afterIB,132145800112101414,7356.0,7348.8,-7.2,-1.31,DEAL_TYPE_BUY,7355.0,dailyDown2,58,3.6,-7.2,-1.4,1,1,secretTPSL_sl,profit=-7.2|lossThreshold=-7.0|slWhole=14|pct=50,DEAL_REASON_EXPERT,0.001,Falgo_placeholder| ,2,1,1.0,7.0,7.0,0.5385,-0.529,28,24,,100.00,gapUp_Day,PD_green,true,false,PDH;PDC;ONH;ONL;RTHH;RTHL;IBL;IBH;dayHighSoFar;dayLowSoFar;midpoint,PDO;PDL,daily_thursday,2,0,5,0
2026.05.11,US500.pro,2026.05.11 16:29:08,2026.05.11 16:31:41,2026.05.11 16:41:57,RTH-IB,119116110111101414,7427.8,7434.8,7.0,1.24,DEAL_TYPE_BUY,7427.0,dailyUp1,61,7.0,-6.5,-4.5,11,2,secretTPSL_tp,profit=7.0|threshold=7.0|tpWhole=14|pct=50,DEAL_REASON_EXPERT,0.001,Falgo_placeholder| ,1,1,0.8,7.0,7.0,0.7256,0.058,439,157,10,100.00,gapDown_Day,PD_green,true,false,PDH;RTHH;dayHighSoFar,PDO;PDL;PDC;ONH;ONL;RTHL;dayLowSoFar;midpoint,daily_monday,0,0,1,1
2026.05.11,US500.pro,2026.05.11 16:29:08,2026.05.11 16:31:41,2026.05.11 16:41:57,RTH-IB,123116110111101414,7427.8,7434.8,7.0,1.24,DEAL_TYPE_BUY,7427.0,dailyUp1,61,7.0,-6.5,-4.5,11,2,secretTPSL_tp,profit=7.0|threshold=7.0|tpWhole=14|pct=50,DEAL_REASON_EXPERT,0.001,Falgo_placeholder| ,1,1,0.8,7.0,7.0,0.7256,0.058,439,157,10,100.00,gapDown_Day,PD_green,true,false,PDH;RTHH;dayHighSoFar,PDO;PDL;PDC;ONH;ONL;RTHL;dayLowSoFar;midpoint,daily_monday,0,0,1,1
2026.05.11,US500.pro,2026.05.11 16:29:08,2026.05.11 16:31:41,2026.05.11 16:41:57,RTH-IB,126116110111101414,7427.8,7434.8,7.0,1.24,DEAL_TYPE_BUY,7427.0,dailyUp1,61,7.0,-6.5,-4.5,11,2,secretTPSL_tp,profit=7.0|threshold=7.0|tpWhole=14|pct=50,DEAL_REASON_EXPERT,0.001,Falgo_placeholder| ,1,1,0.8,7.0,7.0,0.7256,0.058,439,157,10,100.00,gapDown_Day,PD_green,true,false,PDH;RTHH;dayHighSoFar,PDO;PDL;PDC;ONH;ONL;RTHL;dayLowSoFar;midpoint,daily_monday,0,0,1,1
2026.05.12,US500.pro,2026.05.12 03:16:45,2026.05.12 03:17:07,2026.05.12 03:36:41,ON,138226000041101414,7426.6,7419.5,7.1,1.28,DEAL_TYPE_SELL,7427.0,dailyPivot,60,7.1,-2.2,-1.0,20,4,secretTPSL_tp,profit=7.1|threshold=7.0|tpWhole=14|pct=50,DEAL_REASON_EXPERT,0.001,Falgo_placeholder| ,1,1,0.4,7.0,7.0,0.7053,0.065,816,332,24,unknown,unknown,PD_green,false,false,PDH;PDC;ONH;ONL;dayHighSoFar;dayLowSoFar;midpoint,PDO;PDL,daily_tuesday_pivot,0,0,3,0
2026.05.12,US500.pro,2026.05.12 09:05:16,2026.05.12 09:06:48,2026.05.12 09:15:48,ON,138222000042101414,7404.6,7411.8,-7.2,-1.32,DEAL_TYPE_SELL,7405.0,weeklyPivot,20,1.6,-7.2,-0.7,2,10,secretTPSL_sl,profit=-7.2|lossThreshold=-7.0|slWhole=14|pct=50,DEAL_REASON_EXPERT,0.001,Falgo_placeholder| ,2,1,0.4,7.0,7.0,0.3766,-0.098,200,329,,unknown,unknown,PD_green,false,false,PDO;PDH;PDC;ONH;dayHighSoFar;midpoint,PDL;ONL;dayLowSoFar,weekly_pivot_stacked_monday_tuesday,4,0,5,0
2026.05.13,US500.pro,2026.05.13 01:21:35,2026.05.13 01:22:31,2026.05.13 01:44:41,ON,138236020041101414,7419.6,7412.6,7.0,1.25,DEAL_TYPE_SELL,7420.0,dailyPivot,60,7.0,-1.2,-0.7,23,3,secretTPSL_tp,profit=7.0|threshold=7.0|tpWhole=14|pct=50,DEAL_REASON_EXPERT,0.001,Falgo_placeholder| ,1,1,0.4,7.0,7.0,0.6798,0.055,762,337,,unknown,unknown,PD_green,false,false,PDH;PDC;ONH;dayHighSoFar;midpoint,PDO;PDL;ONL;dayLowSoFar,daily_wednesday_pivot,6,0,9,2
2026.05.15,US500.pro,2026.05.15 03:25:10,2026.05.15 03:25:32,2026.05.15 03:30:21,ON,138256000041101414,7508.6,7501.5,7.1,1.30,DEAL_TYPE_SELL,7509.0,dailyPivot,60,6.8,-2.5,-2.2,6,2,secretTPSL_tp,profit=7.1|threshold=7.0|tpWhole=14|pct=50,DEAL_REASON_EXPERT,0.001,Falgo_placeholder| ,1,1,0.4,7.0,7.0,0.6162,0.215,175,109,7,unknown,unknown,PD_green,false,false,PDH;PDC;ONH;ONL;dayHighSoFar;dayLowSoFar;midpoint,PDO;PDL,daily_friday_pivot,0,0,2,0
2026.05.21,US500.pro,2026.05.21 12:27:02,2026.05.21 12:30:57,2026.05.21 12:34:22,ON,119145912111101414,7425.1,7432.3,7.2,1.30,DEAL_TYPE_BUY,7424.0,dailyDown1,59,7.2,-1.2,-0.8,5,2,secretTPSL_tp,profit=7.2|threshold=7.0|tpWhole=14|pct=50,DEAL_REASON_EXPERT,0.001,Falgo_placeholder| ,1,1,1.1,7.0,7.0,0.8911,0.330,180,20,3,unknown,unknown,PD_green,true,false,PDH;PDC;ONH;dayHighSoFar;midpoint,PDO;PDL;ONL;dayLowSoFar,daily_thursday,16,2,15,1
2026.05.21,US500.pro,2026.05.21 12:27:02,2026.05.21 12:30:57,2026.05.21 12:34:22,ON,120145912111101414,7425.1,7432.3,7.2,1.30,DEAL_TYPE_BUY,7424.0,dailyDown1,59,7.2,-1.2,-0.8,5,2,secretTPSL_tp,profit=7.2|threshold=7.0|tpWhole=14|pct=50,DEAL_REASON_EXPERT,0.001,Falgo_placeholder| ,1,1,1.1,7.0,7.0,0.8911,0.330,180,20,3,unknown,unknown,PD_green,true,false,PDH;PDC;ONH;dayHighSoFar;midpoint,PDO;PDL;ONL;dayLowSoFar,daily_thursday,16,2,15,1
2026.05.21,US500.pro,2026.05.21 12:27:02,2026.05.21 12:30:57,2026.05.21 12:34:22,ON,123145912111101414,7425.1,7432.3,7.2,1.30,DEAL_TYPE_BUY,7424.0,dailyDown1,59,7.2,-1.2,-0.8,5,2,secretTPSL_tp,profit=7.2|threshold=7.0|tpWhole=14|pct=50,DEAL_REASON_EXPERT,0.001,Falgo_placeholder| ,1,1,1.1,7.0,7.0,0.8911,0.330,180,20,3,unknown,unknown,PD_green,true,false,PDH;PDC;ONH;dayHighSoFar;midpoint,PDO;PDL;ONL;dayLowSoFar,daily_thursday,16,2,15,1
2026.05.21,US500.pro,2026.05.21 12:27:02,2026.05.21 12:30:57,2026.05.21 12:34:22,ON,126145912111101414,7425.1,7432.3,7.2,1.30,DEAL_TYPE_BUY,7424.0,dailyDown1,59,7.2,-1.2,-0.8,5,2,secretTPSL_tp,profit=7.2|threshold=7.0|tpWhole=14|pct=50,DEAL_REASON_EXPERT,0.001,Falgo_placeholder| ,1,1,1.1,7.0,7.0,0.8911,0.330,180,20,3,unknown,unknown,PD_green,true,false,PDH;PDC;ONH;dayHighSoFar;midpoint,PDO;PDL;ONL;dayLowSoFar,daily_thursday,16,2,15,1
2026.05.21,US500.pro,2026.05.21 12:27:02,2026.05.21 12:30:57,2026.05.21 12:34:22,ON,128145912111101414,7425.1,7432.3,7.2,1.30,DEAL_TYPE_BUY,7424.0,dailyDown1,59,7.2,-1.2,-0.8,5,2,secretTPSL_tp,profit=7.2|threshold=7.0|tpWhole=14|pct=50,DEAL_REASON_EXPERT,0.001,Falgo_placeholder| ,1,1,1.1,7.0,7.0,0.8911,0.330,180,20,3,unknown,unknown,PD_green,true,false,PDH;PDC;ONH;dayHighSoFar;midpoint,PDO;PDL;ONL;dayLowSoFar,daily_thursday,16,2,15,1
2026.05.21,US500.pro,2026.05.21 12:27:02,2026.05.21 12:30:57,2026.05.21 12:34:22,ON,131145912111101414,7425.1,7432.3,7.2,1.30,DEAL_TYPE_BUY,7424.0,dailyDown1,59,7.2,-1.2,-0.8,5,2,secretTPSL_tp,profit=7.2|threshold=7.0|tpWhole=14|pct=50,DEAL_REASON_EXPERT,0.001,Falgo_placeholder| ,1,1,1.1,7.0,7.0,0.8911,0.330,180,20,3,unknown,unknown,PD_green,true,false,PDH;PDC;ONH;dayHighSoFar;midpoint,PDO;PDL;ONL;dayLowSoFar,daily_thursday,16,2,15,1
2026.05.21,US500.pro,2026.05.21 12:27:02,2026.05.21 12:30:57,2026.05.21 12:34:22,ON,132145912111101414,7425.1,7432.3,7.2,1.30,DEAL_TYPE_BUY,7424.0,dailyDown1,59,7.2,-1.2,-0.8,5,2,secretTPSL_tp,profit=7.2|threshold=7.0|tpWhole=14|pct=50,DEAL_REASON_EXPERT,0.001,Falgo_placeholder| ,1,1,1.1,7.0,7.0,0.8911,0.330,180,20,3,unknown,unknown,PD_green,true,false,PDH;PDC;ONH;dayHighSoFar;midpoint,PDO;PDL;ONL;dayLowSoFar,daily_thursday,16,2,15,1
2026.05.27,US500.pro,2026.05.27 17:39:57,2026.05.27 17:44:27,2026.05.27 18:09:50,RTH-afterIB,119136000112201414,7519.8,7526.8,7.0,1.26,DEAL_TYPE_BUY,7519.0,dailyPivot,60,7.0,-3.5,-1.0,26,5,secretTPSL_tp,profit=7.0|threshold=7.0|tpWhole=14|pct=50,DEAL_REASON_EXPERT,0.001,Falgo_placeholder| ,2,2,0.8,7.0,7.0,0.8077,0.055,1210,260,18,100.00,gapUp_Day,PD_green,true,false,PDO;PDH;PDC;ONH;ONL;RTHH;RTHL;IBL;IBH;dayHighSoFar;dayLowSoFar;midpoint,PDL,daily_wednesday_pivot,0,0,3,0
2026.05.27,US500.pro,2026.05.27 17:39:57,2026.05.27 17:44:27,2026.05.27 18:09:50,RTH-afterIB,120136000112201414,7519.8,7526.8,7.0,1.26,DEAL_TYPE_BUY,7519.0,dailyPivot,60,7.0,-3.5,-1.0,26,5,secretTPSL_tp,profit=7.0|threshold=7.0|tpWhole=14|pct=50,DEAL_REASON_EXPERT,0.001,Falgo_placeholder| ,2,2,0.8,7.0,7.0,0.8077,0.055,1210,260,18,100.00,gapUp_Day,PD_green,true,false,PDO;PDH;PDC;ONH;ONL;RTHH;RTHL;IBL;IBH;dayHighSoFar;dayLowSoFar;midpoint,PDL,daily_wednesday_pivot,0,0,3,0
2026.05.27,US500.pro,2026.05.27 17:39:57,2026.05.27 17:44:27,2026.05.27 18:09:50,RTH-afterIB,123136000112201414,7519.8,7526.8,7.0,1.26,DEAL_TYPE_BUY,7519.0,dailyPivot,60,7.0,-3.5,-1.0,26,5,secretTPSL_tp,profit=7.0|threshold=7.0|tpWhole=14|pct=50,DEAL_REASON_EXPERT,0.001,Falgo_placeholder| ,2,2,0.8,7.0,7.0,0.8077,0.055,1210,260,18,100.00,gapUp_Day,PD_green,true,false,PDO;PDH;PDC;ONH;ONL;RTHH;RTHL;IBL;IBH;dayHighSoFar;dayLowSoFar;midpoint,PDL,daily_wednesday_pivot,0,0,3,0
2026.05.27,US500.pro,2026.05.27 17:39:57,2026.05.27 17:44:27,2026.05.27 18:09:50,RTH-afterIB,126136000112201414,7519.8,7526.8,7.0,1.26,DEAL_TYPE_BUY,7519.0,dailyPivot,60,7.0,-3.5,-1.0,26,5,secretTPSL_tp,profit=7.0|threshold=7.0|tpWhole=14|pct=50,DEAL_REASON_EXPERT,0.001,Falgo_placeholder| ,2,2,0.8,7.0,7.0,0.8077,0.055,1210,260,18,100.00,gapUp_Day,PD_green,true,false,PDO;PDH;PDC;ONH;ONL;RTHH;RTHL;IBL;IBH;dayHighSoFar;dayLowSoFar;midpoint,PDL,daily_wednesday_pivot,0,0,3,0
2026.05.27,US500.pro,2026.05.27 17:39:57,2026.05.27 17:44:27,2026.05.27 18:09:50,RTH-afterIB,128136000112201414,7519.8,7526.8,7.0,1.26,DEAL_TYPE_BUY,7519.0,dailyPivot,60,7.0,-3.5,-1.0,26,5,secretTPSL_tp,profit=7.0|threshold=7.0|tpWhole=14|pct=50,DEAL_REASON_EXPERT,0.001,Falgo_placeholder| ,2,2,0.8,7.0,7.0,0.8077,0.055,1210,260,18,100.00,gapUp_Day,PD_green,true,false,PDO;PDH;PDC;ONH;ONL;RTHH;RTHL;IBL;IBH;dayHighSoFar;dayLowSoFar;midpoint,PDL,daily_wednesday_pivot,0,0,3,0
2026.05.27,US500.pro,2026.05.27 17:39:57,2026.05.27 17:44:27,2026.05.27 18:09:50,RTH-afterIB,131136000112201414,7519.8,7526.8,7.0,1.26,DEAL_TYPE_BUY,7519.0,dailyPivot,60,7.0,-3.5,-1.0,26,5,secretTPSL_tp,profit=7.0|threshold=7.0|tpWhole=14|pct=50,DEAL_REASON_EXPERT,0.001,Falgo_placeholder| ,2,2,0.8,7.0,7.0,0.8077,0.055,1210,260,18,100.00,gapUp_Day,PD_green,true,false,PDO;PDH;PDC;ONH;ONL;RTHH;RTHL;IBL;IBH;dayHighSoFar;dayLowSoFar;midpoint,PDL,daily_wednesday_pivot,0,0,3,0
2026.05.27,US500.pro,2026.05.27 17:39:57,2026.05.27 17:44:27,2026.05.27 18:09:50,RTH-afterIB,132136000112201414,7519.8,7526.8,7.0,1.26,DEAL_TYPE_BUY,7519.0,dailyPivot,60,7.0,-3.5,-1.0,26,5,secretTPSL_tp,profit=7.0|threshold=7.0|tpWhole=14|pct=50,DEAL_REASON_EXPERT,0.001,Falgo_placeholder| ,2,2,0.8,7.0,7.0,0.8077,0.055,1210,260,18,100.00,gapUp_Day,PD_green,true,false,PDO;PDH;PDC;ONH;ONL;RTHH;RTHL;IBL;IBH;dayHighSoFar;dayLowSoFar;midpoint,PDL,daily_wednesday_pivot,0,0,3,0
2026.06.01,US500.pro,2026.06.01 15:12:11,2026.06.01 15:12:31,2026.06.01 15:17:07,ON,119112000111101414,7586.0,7593.3,7.3,1.33,DEAL_TYPE_BUY,7585.0,weeklyPivot,20,7.3,-3.7,-1.2,6,2,secretTPSL_tp,profit=7.3|threshold=7.0|tpWhole=14|pct=50,DEAL_REASON_EXPERT,0.001,Falgo_placeholder| ,1,1,1.0,7.0,7.0,0.7770,0.280,209,60,5,unknown,unknown,PD_green,true,false,PDO;PDH;PDC;ONH;ONL;dayHighSoFar;dayLowSoFar;midpoint,PDL,weekly_pivot_stacked_monday_tuesday_wednesday,0,0,0,0
2026.06.01,US500.pro,2026.06.01 15:12:11,2026.06.01 15:12:31,2026.06.01 15:17:07,ON,120112000111101414,7586.0,7593.3,7.3,1.33,DEAL_TYPE_BUY,7585.0,weeklyPivot,20,7.3,-3.7,-1.2,6,2,secretTPSL_tp,profit=7.3|threshold=7.0|tpWhole=14|pct=50,DEAL_REASON_EXPERT,0.001,Falgo_placeholder| ,1,1,1.0,7.0,7.0,0.7770,0.280,209,60,5,unknown,unknown,PD_green,true,false,PDO;PDH;PDC;ONH;ONL;dayHighSoFar;dayLowSoFar;midpoint,PDL,weekly_pivot_stacked_monday_tuesday_wednesday,0,0,0,0
2026.06.01,US500.pro,2026.06.01 15:12:11,2026.06.01 15:12:31,2026.06.01 15:17:07,ON,123112000111101414,7586.0,7593.3,7.3,1.33,DEAL_TYPE_BUY,7585.0,weeklyPivot,20,7.3,-3.7,-1.2,6,2,secretTPSL_tp,profit=7.3|threshold=7.0|tpWhole=14|pct=50,DEAL_REASON_EXPERT,0.001,Falgo_placeholder| ,1,1,1.0,7.0,7.0,0.7770,0.280,209,60,5,unknown,unknown,PD_green,true,false,PDO;PDH;PDC;ONH;ONL;dayHighSoFar;dayLowSoFar;midpoint,PDL,weekly_pivot_stacked_monday_tuesday_wednesday,0,0,0,0
2026.06.01,US500.pro,2026.06.01 15:12:11,2026.06.01 15:12:31,2026.06.01 15:17:07,ON,126112000111101414,7586.0,7593.3,7.3,1.33,DEAL_TYPE_BUY,7585.0,weeklyPivot,20,7.3,-3.7,-1.2,6,2,secretTPSL_tp,profit=7.3|threshold=7.0|tpWhole=14|pct=50,DEAL_REASON_EXPERT,0.001,Falgo_placeholder| ,1,1,1.0,7.0,7.0,0.7770,0.280,209,60,5,unknown,unknown,PD_green,true,false,PDO;PDH;PDC;ONH;ONL;dayHighSoFar;dayLowSoFar;midpoint,PDL,weekly_pivot_stacked_monday_tuesday_wednesday,0,0,0,0
2026.06.01,US500.pro,2026.06.01 15:12:11,2026.06.01 15:12:31,2026.06.01 15:17:07,ON,128112000111101414,7586.0,7593.3,7.3,1.33,DEAL_TYPE_BUY,7585.0,weeklyPivot,20,7.3,-3.7,-1.2,6,2,secretTPSL_tp,profit=7.3|threshold=7.0|tpWhole=14|pct=50,DEAL_REASON_EXPERT,0.001,Falgo_placeholder| ,1,1,1.0,7.0,7.0,0.7770,0.280,209,60,5,unknown,unknown,PD_green,true,false,PDO;PDH;PDC;ONH;ONL;dayHighSoFar;dayLowSoFar;midpoint,PDL,weekly_pivot_stacked_monday_tuesday_wednesday,0,0,0,0
2026.06.01,US500.pro,2026.06.01 15:12:11,2026.06.01 15:12:31,2026.06.01 15:17:07,ON,131112000111101414,7586.0,7593.3,7.3,1.33,DEAL_TYPE_BUY,7585.0,weeklyPivot,20,7.3,-3.7,-1.2,6,2,secretTPSL_tp,profit=7.3|threshold=7.0|tpWhole=14|pct=50,DEAL_REASON_EXPERT,0.001,Falgo_placeholder| ,1,1,1.0,7.0,7.0,0.7770,0.280,209,60,5,unknown,unknown,PD_green,true,false,PDO;PDH;PDC;ONH;ONL;dayHighSoFar;dayLowSoFar;midpoint,PDL,weekly_pivot_stacked_monday_tuesday_wednesday,0,0,0,0
2026.06.01,US500.pro,2026.06.01 15:12:11,2026.06.01 15:12:31,2026.06.01 15:17:07,ON,132112000111101414,7586.0,7593.3,7.3,1.33,DEAL_TYPE_BUY,7585.0,weeklyPivot,20,7.3,-3.7,-1.2,6,2,secretTPSL_tp,profit=7.3|threshold=7.0|tpWhole=14|pct=50,DEAL_REASON_EXPERT,0.001,Falgo_placeholder| ,1,1,1.0,7.0,7.0,0.7770,0.280,209,60,5,unknown,unknown,PD_green,true,false,PDO;PDH;PDC;ONH;ONL;dayHighSoFar;dayLowSoFar;midpoint,PDL,weekly_pivot_stacked_monday_tuesday_wednesday,0,0,0,0
2026.06.02,US500.pro,2026.06.02 02:25:47,2026.06.02 02:26:15,2026.06.02 04:08:10,ON,138222000041101414,7584.6,7577.6,7.0,1.26,DEAL_TYPE_SELL,7585.0,weeklyPivot,20,7.0,-5.5,-0.7,103,11,secretTPSL_tp,profit=7.0|threshold=7.0|tpWhole=14|pct=50,DEAL_REASON_EXPERT,0.001,Falgo_placeholder| ,1,1,0.4,7.0,7.0,0.7034,0.010,4235,1748,,unknown,unknown,PD_green,false,false,PDH;PDC;ONH;ONL;dayHighSoFar;dayLowSoFar;midpoint,PDO;PDL,weekly_pivot_stacked_monday_tuesday_wednesday,3,0,8,0
2026.06.05,US500.pro,2026.06.05 02:01:03,2026.06.05 02:01:24,2026.06.05 02:25:30,ON,138255900041101414,7569.6,7562.5,7.1,1.30,DEAL_TYPE_SELL,7570.0,dailyDown1,59,7.1,-1.4,-0.9,25,3,secretTPSL_tp,profit=7.1|threshold=7.0|tpWhole=14|pct=50,DEAL_REASON_EXPERT,0.001,Falgo_placeholder| ,1,1,0.4,7.0,7.0,0.8825,0.052,1247,154,18,unknown,unknown,PD_green,false,false,PDH;PDC;ONH;ONL;dayHighSoFar;dayLowSoFar;midpoint,PDO;PDL,daily_friday,5,0,4,0
2026.06.09,US500.pro,2026.06.09 16:09:40,2026.06.09 16:10:13,2026.06.09 16:11:17,RTH-IB,119126221112201414,7458.0,7450.6,-7.4,-1.37,DEAL_TYPE_BUY,7457.0,dailyUp2,62,-0.2,-7.4,-4.4,1,2,secretTPSL_sl,profit=-7.4|lossThreshold=-7.0|slWhole=14|pct=50,DEAL_REASON_EXPERT,0.001,Falgo_placeholder| ,2,2,1.0,7.0,7.0,0.0000,-0.302,0,63,,15.22,gapUp_Day,PD_red,true,false,PDO;PDH;ONH;RTHH;dayHighSoFar,PDL;PDC;ONL;RTHL;dayLowSoFar;midpoint,daily_tuesday,10,1,10,2
2026.06.09,US500.pro,2026.06.09 16:09:40,2026.06.09 16:10:13,2026.06.09 16:11:17,RTH-IB,120126221112201414,7458.0,7450.6,-7.4,-1.37,DEAL_TYPE_BUY,7457.0,dailyUp2,62,-0.2,-7.4,-4.4,1,2,secretTPSL_sl,profit=-7.4|lossThreshold=-7.0|slWhole=14|pct=50,DEAL_REASON_EXPERT,0.001,Falgo_placeholder| ,2,2,1.0,7.0,7.0,0.0000,-0.302,0,63,,15.22,gapUp_Day,PD_red,true,false,PDO;PDH;ONH;RTHH;dayHighSoFar,PDL;PDC;ONL;RTHL;dayLowSoFar;midpoint,daily_tuesday,10,1,10,2
2026.06.09,US500.pro,2026.06.09 16:09:40,2026.06.09 16:10:13,2026.06.09 16:11:17,RTH-IB,123126221112201414,7458.0,7450.6,-7.4,-1.37,DEAL_TYPE_BUY,7457.0,dailyUp2,62,-0.2,-7.4,-4.4,1,2,secretTPSL_sl,profit=-7.4|lossThreshold=-7.0|slWhole=14|pct=50,DEAL_REASON_EXPERT,0.001,Falgo_placeholder| ,2,2,1.0,7.0,7.0,0.0000,-0.302,0,63,,15.22,gapUp_Day,PD_red,true,false,PDO;PDH;ONH;RTHH;dayHighSoFar,PDL;PDC;ONL;RTHL;dayLowSoFar;midpoint,daily_tuesday,10,1,10,2
2026.06.09,US500.pro,2026.06.09 16:09:40,2026.06.09 16:10:13,2026.06.09 16:11:17,RTH-IB,128126221112201414,7458.0,7450.6,-7.4,-1.37,DEAL_TYPE_BUY,7457.0,dailyUp2,62,-0.2,-7.4,-4.4,1,2,secretTPSL_sl,profit=-7.4|lossThreshold=-7.0|slWhole=14|pct=50,DEAL_REASON_EXPERT,0.001,Falgo_placeholder| ,2,2,1.0,7.0,7.0,0.0000,-0.302,0,63,,15.22,gapUp_Day,PD_red,true,false,PDO;PDH;ONH;RTHH;dayHighSoFar,PDL;PDC;ONL;RTHL;dayLowSoFar;midpoint,daily_tuesday,10,1,10,2
2026.06.09,US500.pro,2026.06.09 17:25:18,2026.06.09 17:26:28,2026.06.09 17:27:20,RTH-afterIB,128122000113101414,7355.1,7347.6,-7.5,-1.41,DEAL_TYPE_BUY,7354.0,weeklyPivot,20,-0.7,-7.5,-4.8,1,2,secretTPSL_sl,profit=-7.5|lossThreshold=-7.0|slWhole=14|pct=50,DEAL_REASON_EXPERT,0.001,Falgo_placeholder| ,3,1,1.1,7.0,7.0,0.0000,-1.572,0,50,,100.00,gapUp_Day,PD_red,true,false,PDO;PDH;PDL;PDC;ONH;ONL;RTHH;RTHL;IBL;IBH;dayHighSoFar;dayLowSoFar;midpoint,,weekly_pivot_stacked_friday_monday_thursday_tuesday_wednesday,0,0,0,0
2026.06.12,US500.pro,2026.06.12 09:03:00,2026.06.12 09:04:11,2026.06.12 09:41:15,ON,119156000112201414,7381.0,7388.1,7.1,1.31,DEAL_TYPE_BUY,7380.0,dailyPivot,60,7.1,-6.2,-1.2,38,14,secretTPSL_tp,profit=7.1|threshold=7.0|tpWhole=14|pct=50,DEAL_REASON_EXPERT,0.001,Falgo_placeholder| ,2,2,1.0,7.0,7.0,0.4934,0.028,1079,1108,,unknown,unknown,PD_green,true,false,PDH;PDC;ONH;ONL;dayHighSoFar;dayLowSoFar;midpoint,PDO;PDL,daily_friday_pivot,21,0,22,0
2026.06.12,US500.pro,2026.06.12 09:03:00,2026.06.12 09:04:11,2026.06.12 09:41:15,ON,120156000112201414,7381.0,7388.1,7.1,1.31,DEAL_TYPE_BUY,7380.0,dailyPivot,60,7.1,-6.2,-1.2,38,14,secretTPSL_tp,profit=7.1|threshold=7.0|tpWhole=14|pct=50,DEAL_REASON_EXPERT,0.001,Falgo_placeholder| ,2,2,1.0,7.0,7.0,0.4934,0.028,1079,1108,,unknown,unknown,PD_green,true,false,PDH;PDC;ONH;ONL;dayHighSoFar;dayLowSoFar;midpoint,PDO;PDL,daily_friday_pivot,21,0,22,0
2026.06.12,US500.pro,2026.06.12 09:03:00,2026.06.12 09:04:11,2026.06.12 09:41:15,ON,123156000112201414,7381.0,7388.1,7.1,1.31,DEAL_TYPE_BUY,7380.0,dailyPivot,60,7.1,-6.2,-1.2,38,14,secretTPSL_tp,profit=7.1|threshold=7.0|tpWhole=14|pct=50,DEAL_REASON_EXPERT,0.001,Falgo_placeholder| ,2,2,1.0,7.0,7.0,0.4934,0.028,1079,1108,,unknown,unknown,PD_green,true,false,PDH;PDC;ONH;ONL;dayHighSoFar;dayLowSoFar;midpoint,PDO;PDL,daily_friday_pivot,21,0,22,0
2026.06.12,US500.pro,2026.06.12 09:03:00,2026.06.12 09:04:11,2026.06.12 09:41:15,ON,126156000112201414,7381.0,7388.1,7.1,1.31,DEAL_TYPE_BUY,7380.0,dailyPivot,60,7.1,-6.2,-1.2,38,14,secretTPSL_tp,profit=7.1|threshold=7.0|tpWhole=14|pct=50,DEAL_REASON_EXPERT,0.001,Falgo_placeholder| ,2,2,1.0,7.0,7.0,0.4934,0.028,1079,1108,,unknown,unknown,PD_green,true,false,PDH;PDC;ONH;ONL;dayHighSoFar;dayLowSoFar;midpoint,PDO;PDL,daily_friday_pivot,21,0,22,0
2026.06.12,US500.pro,2026.06.12 09:03:00,2026.06.12 09:04:11,2026.06.12 09:41:15,ON,128156000112201414,7381.0,7388.1,7.1,1.31,DEAL_TYPE_BUY,7380.0,dailyPivot,60,7.1,-6.2,-1.2,38,14,secretTPSL_tp,profit=7.1|threshold=7.0|tpWhole=14|pct=50,DEAL_REASON_EXPERT,0.001,Falgo_placeholder| ,2,2,1.0,7.0,7.0,0.4934,0.028,1079,1108,,unknown,unknown,PD_green,true,false,PDH;PDC;ONH;ONL;dayHighSoFar;dayLowSoFar;midpoint,PDO;PDL,daily_friday_pivot,21,0,22,0
2026.06.12,US500.pro,2026.06.12 09:03:00,2026.06.12 09:04:11,2026.06.12 09:41:15,ON,131156000112201414,7381.0,7388.1,7.1,1.31,DEAL_TYPE_BUY,7380.0,dailyPivot,60,7.1,-6.2,-1.2,38,14,secretTPSL_tp,profit=7.1|threshold=7.0|tpWhole=14|pct=50,DEAL_REASON_EXPERT,0.001,Falgo_placeholder| ,2,2,1.0,7.0,7.0,0.4934,0.028,1079,1108,,unknown,unknown,PD_green,true,false,PDH;PDC;ONH;ONL;dayHighSoFar;dayLowSoFar;midpoint,PDO;PDL,daily_friday_pivot,21,0,22,0
2026.06.12,US500.pro,2026.06.12 09:03:00,2026.06.12 09:04:11,2026.06.12 09:41:15,ON,132156000112201414,7381.0,7388.1,7.1,1.31,DEAL_TYPE_BUY,7380.0,dailyPivot,60,7.1,-6.2,-1.2,38,14,secretTPSL_tp,profit=7.1|threshold=7.0|tpWhole=14|pct=50,DEAL_REASON_EXPERT,0.001,Falgo_placeholder| ,2,2,1.0,7.0,7.0,0.4934,0.028,1079,1108,,unknown,unknown,PD_green,true,false,PDH;PDC;ONH;ONL;dayHighSoFar;dayLowSoFar;midpoint,PDO;PDL,daily_friday_pivot,21,0,22,0
2026.06.29,US500.pro,2026.06.29 16:15:02,2026.06.29 16:15:33,2026.06.29 16:15:44,RTH-IB,119112010111101414,7411.0,7420.9,9.9,1.86,DEAL_TYPE_BUY,7410.0,weeklyPivot,20,9.9,-2.1,-2.1,1,1,secretTPSL_tp,profit=9.9|threshold=7.0|tpWhole=14|pct=50,DEAL_REASON_EXPERT,0.001,Falgo_placeholder| ,1,1,1.0,7.0,7.0,0.5000,-0.620,5,5,3,56.54,gapUp_Day,PD_red,true,false,PDH;ONH;RTHH;RTHL;dayHighSoFar;midpoint,PDO;PDL;PDC;ONL;dayLowSoFar,weekly_pivot_stacked_monday,0,0,1,1
2026.06.29,US500.pro,2026.06.29 16:15:02,2026.06.29 16:15:33,2026.06.29 16:15:44,RTH-IB,120112010111101414,7411.0,7420.9,9.9,1.86,DEAL_TYPE_BUY,7410.0,weeklyPivot,20,9.9,-2.1,-2.1,1,1,secretTPSL_tp,profit=9.9|threshold=7.0|tpWhole=14|pct=50,DEAL_REASON_EXPERT,0.001,Falgo_placeholder| ,1,1,1.0,7.0,7.0,0.5000,-0.620,5,5,3,56.54,gapUp_Day,PD_red,true,false,PDH;ONH;RTHH;RTHL;dayHighSoFar;midpoint,PDO;PDL;PDC;ONL;dayLowSoFar,weekly_pivot_stacked_monday,0,0,1,1
2026.06.29,US500.pro,2026.06.29 16:15:02,2026.06.29 16:15:33,2026.06.29 16:15:44,RTH-IB,123112010111101414,7411.0,7420.9,9.9,1.86,DEAL_TYPE_BUY,7410.0,weeklyPivot,20,9.9,-2.1,-2.1,1,1,secretTPSL_tp,profit=9.9|threshold=7.0|tpWhole=14|pct=50,DEAL_REASON_EXPERT,0.001,Falgo_placeholder| ,1,1,1.0,7.0,7.0,0.5000,-0.620,5,5,3,56.54,gapUp_Day,PD_red,true,false,PDH;ONH;RTHH;RTHL;dayHighSoFar;midpoint,PDO;PDL;PDC;ONL;dayLowSoFar,weekly_pivot_stacked_monday,0,0,1,1
2026.06.29,US500.pro,2026.06.29 16:15:02,2026.06.29 16:15:33,2026.06.29 16:15:44,RTH-IB,128112010111101414,7411.0,7420.9,9.9,1.86,DEAL_TYPE_BUY,7410.0,weeklyPivot,20,9.9,-2.1,-2.1,1,1,secretTPSL_tp,profit=9.9|threshold=7.0|tpWhole=14|pct=50,DEAL_REASON_EXPERT,0.001,Falgo_placeholder| ,1,1,1.0,7.0,7.0,0.5000,-0.620,5,5,3,56.54,gapUp_Day,PD_red,true,false,PDH;ONH;RTHH;RTHL;dayHighSoFar;midpoint,PDO;PDL;PDC;ONL;dayLowSoFar,weekly_pivot_stacked_monday,0,0,1,1
2026.07.01,US500.pro,2026.07.01 03:48:43,2026.07.01 03:49:56,2026.07.01 04:09:16,ON,138236000041101414,7533.6,7526.5,7.1,1.34,DEAL_TYPE_SELL,7534.0,dailyPivot,60,7.1,-2.4,-0.7,21,8,secretTPSL_tp,profit=7.1|threshold=7.0|tpWhole=14|pct=50,DEAL_REASON_EXPERT,0.001,Falgo_placeholder| ,1,1,0.4,7.0,7.0,0.7424,0.066,853,287,25,unknown,unknown,PD_green,false,false,PDH;PDC;ONH;ONL;dayHighSoFar;dayLowSoFar;midpoint,PDO;PDL,daily_wednesday_pivot,2,0,2,0
2026.07.01,US500.pro,2026.07.01 09:17:47,2026.07.01 09:19:56,2026.07.01 09:34:15,ON,138235900042101414,7514.6,7521.8,-7.2,-1.37,DEAL_TYPE_SELL,7515.0,dailyDown1,59,2.8,-7.2,-0.9,2,16,secretTPSL_sl,profit=-7.2|lossThreshold=-7.0|slWhole=14|pct=50,DEAL_REASON_EXPERT,0.001,Falgo_placeholder| ,2,1,0.4,7.0,7.0,0.0844,-0.068,71,768,,unknown,unknown,PD_green,false,false,PDH;PDC;ONH;dayHighSoFar;midpoint,PDO;PDL;ONL;dayLowSoFar,daily_wednesday,3,0,2,0
2026.07.01,US500.pro,2026.07.01 18:52:43,2026.07.01 18:59:25,2026.07.01 19:25:20,RTH-afterIB,119132320111101414,7561.0,7568.1,7.1,1.34,DEAL_TYPE_BUY,7560.0,weeklyUp3,23,7.1,-6.4,-3.7,27,8,secretTPSL_tp,profit=7.1|threshold=7.0|tpWhole=14|pct=50,DEAL_REASON_EXPERT,0.001,Falgo_placeholder| ,1,1,1.0,7.0,7.0,0.5662,0.041,868,665,,100.00,gapDown_Day,PD_green,true,false,PDH;RTHH;dayHighSoFar,PDO;PDL;PDC;ONH;ONL;RTHL;IBL;IBH;dayLowSoFar;midpoint,weekly_stacked_thursday_tuesday_wednesday,3,0,3,2
2026.07.01,US500.pro,2026.07.01 18:52:43,2026.07.01 18:59:25,2026.07.01 19:25:20,RTH-afterIB,123132320111101414,7561.0,7568.1,7.1,1.34,DEAL_TYPE_BUY,7560.0,weeklyUp3,23,7.1,-6.4,-3.7,27,8,secretTPSL_tp,profit=7.1|threshold=7.0|tpWhole=14|pct=50,DEAL_REASON_EXPERT,0.001,Falgo_placeholder| ,1,1,1.0,7.0,7.0,0.5662,0.041,868,665,,100.00,gapDown_Day,PD_green,true,false,PDH;RTHH;dayHighSoFar,PDO;PDL;PDC;ONH;ONL;RTHL;IBL;IBH;dayLowSoFar;midpoint,weekly_stacked_thursday_tuesday_wednesday,3,0,3,2
2026.07.01,US500.pro,2026.07.01 18:52:43,2026.07.01 18:59:25,2026.07.01 19:25:20,RTH-afterIB,126132320111101414,7561.0,7568.1,7.1,1.34,DEAL_TYPE_BUY,7560.0,weeklyUp3,23,7.1,-6.4,-3.7,27,8,secretTPSL_tp,profit=7.1|threshold=7.0|tpWhole=14|pct=50,DEAL_REASON_EXPERT,0.001,Falgo_placeholder| ,1,1,1.0,7.0,7.0,0.5662,0.041,868,665,,100.00,gapDown_Day,PD_green,true,false,PDH;RTHH;dayHighSoFar,PDO;PDL;PDC;ONH;ONL;RTHL;IBL;IBH;dayLowSoFar;midpoint,weekly_stacked_thursday_tuesday_wednesday,3,0,3,2
2026.07.02,US500.pro,2026.07.02 01:45:38,2026.07.02 01:45:43,2026.07.02 02:01:20,ON,138246030041101414,7533.6,7526.6,7.0,1.31,DEAL_TYPE_SELL,7534.0,dailyPivot,60,7.0,-2.2,-1.2,17,9,secretTPSL_tp,profit=7.0|threshold=7.0|tpWhole=14|pct=50,DEAL_REASON_EXPERT,0.001,Falgo_placeholder| ,1,1,0.4,7.0,7.0,0.4438,0.080,403,488,23,unknown,unknown,PD_green,false,false,PDH;PDC;ONH;dayHighSoFar;midpoint,PDO;PDL;ONL;dayLowSoFar,daily_thursday_pivot,8,0,9,3
2026.07.02,US500.pro,2026.07.02 18:18:44,2026.07.02 18:20:43,2026.07.02 18:34:16,RTH-afterIB,119145900113301414,7516.1,7509.1,-7.0,-1.33,DEAL_TYPE_BUY,7515.0,dailyDown1,59,4.0,-7.0,-0.3,6,15,secretTPSL_sl,profit=-7.0|lossThreshold=-7.0|slWhole=14|pct=50,DEAL_REASON_EXPERT,0.001,Falgo_placeholder| ,3,3,1.1,7.0,7.0,0.3560,-0.055,283,464,3,100.00,gapUp_Day,PD_green,true,false,PDO;PDH;PDC;ONH;ONL;RTHH;RTHL;IBL;IBH;dayHighSoFar;dayLowSoFar;midpoint,PDL,daily_thursday,4,0,4,0
2026.07.02,US500.pro,2026.07.02 18:18:44,2026.07.02 18:20:43,2026.07.02 18:34:16,RTH-afterIB,120145900113301414,7516.1,7509.1,-7.0,-1.33,DEAL_TYPE_BUY,7515.0,dailyDown1,59,4.0,-7.0,-0.3,6,15,secretTPSL_sl,profit=-7.0|lossThreshold=-7.0|slWhole=14|pct=50,DEAL_REASON_EXPERT,0.001,Falgo_placeholder| ,3,3,1.1,7.0,7.0,0.3560,-0.055,283,464,3,100.00,gapUp_Day,PD_green,true,false,PDO;PDH;PDC;ONH;ONL;RTHH;RTHL;IBL;IBH;dayHighSoFar;dayLowSoFar;midpoint,PDL,daily_thursday,4,0,4,0
2026.07.02,US500.pro,2026.07.02 18:18:44,2026.07.02 18:20:43,2026.07.02 18:34:16,RTH-afterIB,123145900113301414,7516.1,7509.1,-7.0,-1.33,DEAL_TYPE_BUY,7515.0,dailyDown1,59,4.0,-7.0,-0.3,6,15,secretTPSL_sl,profit=-7.0|lossThreshold=-7.0|slWhole=14|pct=50,DEAL_REASON_EXPERT,0.001,Falgo_placeholder| ,3,3,1.1,7.0,7.0,0.3560,-0.055,283,464,3,100.00,gapUp_Day,PD_green,true,false,PDO;PDH;PDC;ONH;ONL;RTHH;RTHL;IBL;IBH;dayHighSoFar;dayLowSoFar;midpoint,PDL,daily_thursday,4,0,4,0
2026.07.02,US500.pro,2026.07.02 18:18:44,2026.07.02 18:20:43,2026.07.02 18:34:16,RTH-afterIB,126145900113301414,7516.1,7509.1,-7.0,-1.33,DEAL_TYPE_BUY,7515.0,dailyDown1,59,4.0,-7.0,-0.3,6,15,secretTPSL_sl,profit=-7.0|lossThreshold=-7.0|slWhole=14|pct=50,DEAL_REASON_EXPERT,0.001,Falgo_placeholder| ,3,3,1.1,7.0,7.0,0.3560,-0.055,283,464,3,100.00,gapUp_Day,PD_green,true,false,PDO;PDH;PDC;ONH;ONL;RTHH;RTHL;IBL;IBH;dayHighSoFar;dayLowSoFar;midpoint,PDL,daily_thursday,4,0,4,0
2026.07.02,US500.pro,2026.07.02 18:18:44,2026.07.02 18:20:43,2026.07.02 18:34:16,RTH-afterIB,128145900113301414,7516.1,7509.1,-7.0,-1.33,DEAL_TYPE_BUY,7515.0,dailyDown1,59,4.0,-7.0,-0.3,6,15,secretTPSL_sl,profit=-7.0|lossThreshold=-7.0|slWhole=14|pct=50,DEAL_REASON_EXPERT,0.001,Falgo_placeholder| ,3,3,1.1,7.0,7.0,0.3560,-0.055,283,464,3,100.00,gapUp_Day,PD_green,true,false,PDO;PDH;PDC;ONH;ONL;RTHH;RTHL;IBL;IBH;dayHighSoFar;dayLowSoFar;midpoint,PDL,daily_thursday,4,0,4,0
2026.07.02,US500.pro,2026.07.02 18:18:44,2026.07.02 18:20:43,2026.07.02 18:34:16,RTH-afterIB,131145900113301414,7516.1,7509.1,-7.0,-1.33,DEAL_TYPE_BUY,7515.0,dailyDown1,59,4.0,-7.0,-0.3,6,15,secretTPSL_sl,profit=-7.0|lossThreshold=-7.0|slWhole=14|pct=50,DEAL_REASON_EXPERT,0.001,Falgo_placeholder| ,3,3,1.1,7.0,7.0,0.3560,-0.055,283,464,3,100.00,gapUp_Day,PD_green,true,false,PDO;PDH;PDC;ONH;ONL;RTHH;RTHL;IBL;IBH;dayHighSoFar;dayLowSoFar;midpoint,PDL,daily_thursday,4,0,4,0
2026.07.02,US500.pro,2026.07.02 18:18:44,2026.07.02 18:20:43,2026.07.02 18:34:16,RTH-afterIB,132145900113301414,7516.1,7509.1,-7.0,-1.33,DEAL_TYPE_BUY,7515.0,dailyDown1,59,4.0,-7.0,-0.3,6,15,secretTPSL_sl,profit=-7.0|lossThreshold=-7.0|slWhole=14|pct=50,DEAL_REASON_EXPERT,0.001,Falgo_placeholder| ,3,3,1.1,7.0,7.0,0.3560,-0.055,283,464,3,100.00,gapUp_Day,PD_green,true,false,PDO;PDH;PDC;ONH;ONL;RTHH;RTHL;IBL;IBH;dayHighSoFar;dayLowSoFar;midpoint,PDL,daily_thursday,4,0,4,0
2026.07.02,US500.pro,2026.07.02 19:01:27,2026.07.02 19:03:24,2026.07.02 19:05:12,RTH-afterIB,131145800114101414,7491.0,7483.8,-7.2,-1.36,DEAL_TYPE_BUY,7490.0,dailyDown2,58,-0.2,-7.2,-1.2,1,3,secretTPSL_sl,profit=-7.2|lossThreshold=-7.0|slWhole=14|pct=50,DEAL_REASON_EXPERT,0.001,Falgo_placeholder| ,4,1,1.0,7.0,7.0,0.0000,-0.487,0,106,7,100.00,gapUp_Day,PD_green,true,true,PDO;PDH;PDL;PDC;ONH;ONL;RTHH;RTHL;IBL;IBH;dayHighSoFar;dayLowSoFar;midpoint,,daily_thursday,2,0,7,0
