start,end,levelPrice,categories,tag
2024.01.01,2024.01.05,4796,weekly_stacked_tuesday_wednesday,weeklyDown1
2024.01.01,2024.01.05,4765,weekly,weeklyDown2
2024.01.01,2024.01.05,4735,weekly_stacked_thursday,weeklyDown3
2024.01.01,2024.01.05,4710,weekly_stacked_friday_thursday,weeklyDown4
2024.01.01,2024.01.05,4680,weekly,weeklyDown5
2024.01.01,2024.01.05,4823,weekly_pivot_stacked_tuesday_wednesday,weeklyPivot
2024.01.01,2024.01.05,4841,weekly_stacked_tuesday,weeklyUp1
2024.01.01,2024.01.05,4870,weekly,weeklyUp2
2024.01.01,2024.01.05,4900,weekly,weeklyUp3
2024.01.01,2024.01.05,4920,weekly,weeklyUp4
2024.01.01,2024.01.05,4940,weekly,weeklyUp5
2024.01.02,2024.01.02,4808,daily_tuesday,dailyDown1
2024.01.02,2024.01.02,4788,daily_tuesday,dailyDown3
2024.01.02,2024.01.02,4855,daily_tuesday,dailyUp2
2024.01.03,2024.01.03,4781,daily_wednesday,dailyDown1
2024.01.03,2024.01.03,4767,daily_wednesday,dailyDown2
2024.01.03,2024.01.03,4750,daily_wednesday,dailyDown3
2024.01.03,2024.01.03,4808,daily_wednesday,dailyUp1
2024.01.04,2024.01.04,4725,daily_thursday,dailyDown2
2024.01.04,2024.01.04,4747,daily_thursday_pivot,dailyPivot
2024.01.04,2024.01.04,4767,daily_thursday,dailyUp1
2024.01.04,2024.01.04,4787,daily_thursday,dailyUp2
2024.01.05,2024.01.05,4725,daily_friday,dailyDown1
2024.01.05,2024.01.05,4694,daily_friday,dailyDown3
2024.01.05,2024.01.05,4737,daily_friday_pivot,dailyPivot
2024.01.05,2024.01.05,4747,daily_friday,dailyUp1
2024.01.05,2024.01.05,4767,daily_friday,dailyUp2
2024.01.08,2024.01.08,4730,daily_monday,dailyDown1
2024.01.08,2024.01.08,4694,daily_monday,dailyDown3
2024.01.08,2024.01.08,4746,daily_monday_pivot,dailyPivot
2024.01.08,2024.01.12,4720,weekly,weeklyDown1
2024.01.08,2024.01.12,4710,weekly_stacked_monday,weeklyDown2
2024.01.08,2024.01.12,4675,weekly,weeklyDown3
2024.01.08,2024.01.12,4645,weekly,weeklyDown4
2024.01.08,2024.01.12,4633,weekly,weeklyDown5
2024.01.08,2024.01.12,4756,weekly_pivot_stacked_monday,weeklyPivot
2024.01.08,2024.01.12,4767,weekly_stacked_monday,weeklyUp1
2024.01.08,2024.01.12,4795,weekly,weeklyUp2
2024.01.08,2024.01.12,4825,weekly_stacked_friday_thursday_tuesday_wednesday,weeklyUp3
2024.01.08,2024.01.12,4841,weekly_stacked_friday_thursday_tuesday,weeklyUp4
2024.01.08,2024.01.12,4870,weekly,weeklyUp5
2024.01.09,2024.01.09,4786,daily_tuesday,dailyDown1
2024.01.09,2024.01.09,4773,daily_tuesday,dailyDown2
2024.01.09,2024.01.09,4763,daily_tuesday,dailyDown3
2024.01.09,2024.01.09,4796,daily_tuesday_pivot,dailyPivot
2024.01.09,2024.01.09,4808,daily_tuesday,dailyUp1
2024.01.10,2024.01.10,4786,daily_wednesday,dailyDown1
2024.01.10,2024.01.10,4773,daily_wednesday,dailyDown2
2024.01.10,2024.01.10,4763,daily_wednesday,dailyDown3
2024.01.10,2024.01.10,4796,daily_wednesday_pivot,dailyPivot
2024.01.10,2024.01.10,4808,daily_wednesday,dailyUp1
2024.01.11,2024.01.11,4808,daily_thursday,dailyDown1
2024.01.11,2024.01.11,4796,daily_thursday,dailyDown2
2024.01.11,2024.01.11,4786,daily_thursday,dailyDown3
2024.01.11,2024.01.11,4855,daily_thursday,dailyUp2
2024.01.12,2024.01.12,4808,daily_friday,dailyDown1
2024.01.12,2024.01.12,4793,daily_friday,dailyDown2
2024.01.12,2024.01.12,4783,daily_friday,dailyDown3
2024.01.12,2024.01.12,4855,daily_friday,dailyUp2
2024.01.15,2024.01.19,4792,weekly,weeklyDown1
2024.01.15,2024.01.19,4760,weekly,weeklyDown2
2024.01.15,2024.01.19,4730,weekly_stacked_thursday,weeklyDown3
2024.01.15,2024.01.19,4700,weekly,weeklyDown4
2024.01.15,2024.01.19,4675,weekly,weeklyDown5
2024.01.15,2024.01.19,4839,weekly_pivot,weeklyPivot
2024.01.15,2024.01.19,4850,weekly_stacked_friday_tuesday,weeklyUp1
2024.01.15,2024.01.19,4870,weekly,weeklyUp2
2024.01.15,2024.01.19,4900,weekly,weeklyUp3
2024.01.15,2024.01.19,4920,weekly,weeklyUp4
2024.01.15,2024.01.19,4940,weekly,weeklyUp5
2024.01.16,2024.01.16,4808,daily_tuesday,dailyDown1
2024.01.16,2024.01.16,4793,daily_tuesday,dailyDown2
2024.01.16,2024.01.16,4783,daily_tuesday,dailyDown3
2024.01.16,2024.01.16,4824,daily_tuesday_pivot,dailyPivot
2024.01.16,2024.01.16,4841,daily_tuesday,dailyUp1
2024.01.17,2024.01.17,4781,daily_wednesday,dailyDown1
2024.01.17,2024.01.17,4767,daily_wednesday,dailyDown2
2024.01.17,2024.01.17,4801,daily_wednesday_pivot,dailyPivot
2024.01.17,2024.01.17,4814,daily_wednesday,dailyUp1
2024.01.17,2024.01.17,4824,daily_wednesday,dailyUp2
2024.01.17,2024.01.17,4841,daily_wednesday,dailyUp3
2024.01.18,2024.01.18,4765,daily_thursday,dailyDown1
2024.01.18,2024.01.18,4748,daily_thursday,dailyDown2
2024.01.18,2024.01.18,4779,daily_thursday_pivot,dailyPivot
2024.01.18,2024.01.18,4801,daily_thursday,dailyUp1
2024.01.18,2024.01.18,4814,daily_thursday,dailyUp2
2024.01.19,2024.01.19,4793,daily_friday,dailyDown1
2024.01.19,2024.01.19,4775,daily_friday,dailyDown2
2024.01.19,2024.01.19,4765,daily_friday,dailyDown3
2024.01.19,2024.01.19,4811,daily_friday_pivot,dailyPivot
2024.01.19,2024.01.19,4824,daily_friday,dailyUp1
2024.01.19,2024.01.19,4841,daily_friday,dailyUp2
2024.01.22,2024.01.22,4845,daily_monday,dailyDown1
2024.01.22,2024.01.22,4886,daily_monday,dailyUp1
2024.01.22,2024.01.26,4835,weekly_stacked_monday,weeklyDown1
2024.01.22,2024.01.26,4810,weekly,weeklyDown2
2024.01.22,2024.01.26,4780,weekly,weeklyDown3
2024.01.22,2024.01.26,4746,weekly,weeklyDown4
2024.01.22,2024.01.26,4710,weekly,weeklyDown5
2024.01.22,2024.01.26,4860,weekly_pivot_stacked_monday_thursday_tuesday_wednesday,weeklyPivot
2024.01.22,2024.01.26,4900,weekly_stacked_friday_monday,weeklyUp1
2024.01.22,2024.01.26,4930,weekly_stacked_friday_thursday_wednesday,weeklyUp2
2024.01.22,2024.01.26,4960,weekly_stacked_friday,weeklyUp3
2024.01.22,2024.01.26,4993,weekly,weeklyUp4
2024.01.22,2024.01.26,5030,weekly,weeklyUp5
2024.01.23,2024.01.23,4845,daily_tuesday,dailyDown2
2024.01.23,2024.01.23,4886,daily_tuesday_pivot,dailyPivot
2024.01.23,2024.01.23,4895,daily_tuesday,dailyUp1
2024.01.23,2024.01.23,4913,daily_tuesday,dailyUp2
2024.01.24,2024.01.24,4881,daily_wednesday,dailyDown1
2024.01.24,2024.01.24,4895,daily_wednesday_pivot,dailyPivot
2024.01.24,2024.01.24,4913,daily_wednesday,dailyUp1
2024.01.25,2024.01.25,4881,daily_thursday,dailyDown1
2024.01.25,2024.01.25,4899,daily_thursday_pivot,dailyPivot
2024.01.25,2024.01.25,4914,daily_thursday,dailyUp1
2024.01.26,2024.01.26,4910,daily_friday,dailyDown1
2024.01.26,2024.01.26,4881,daily_friday,dailyDown3
2024.01.26,2024.01.26,4944,daily_friday,dailyUp1
2024.01.29,2024.01.29,4881,daily_monday,dailyDown2
2024.01.29,2024.01.29,4922,daily_monday_pivot,dailyPivot
2024.01.29,2024.01.29,4934,daily_monday,dailyUp1
2024.01.29,2024.01.29,4950,daily_monday,dailyUp2
2024.01.29,2024.02.02,4900,weekly_stacked_monday,weeklyDown1
2024.01.29,2024.02.02,4865,weekly,weeklyDown2
2024.01.29,2024.02.02,4835,weekly_stacked_thursday,weeklyDown3
2024.01.29,2024.02.02,4810,weekly,weeklyDown4
2024.01.29,2024.02.02,4780,weekly,weeklyDown5
2024.01.29,2024.02.02,4924,weekly_pivot,weeklyPivot
2024.01.29,2024.02.02,4960,weekly_stacked_friday_monday_tuesday_wednesday,weeklyUp1
2024.01.29,2024.02.02,4975,weekly_stacked_tuesday_wednesday,weeklyUp2
2024.01.29,2024.02.02,4993,weekly_stacked_tuesday_wednesday,weeklyUp3
2024.01.29,2024.02.02,5005,weekly,weeklyUp4
2024.01.29,2024.02.02,5025,weekly,weeklyUp5
2024.01.30,2024.01.30,4933,daily_tuesday,dailyDown1
2024.01.30,2024.01.30,4917,daily_tuesday,dailyDown2
2024.01.30,2024.01.30,4945,daily_tuesday_pivot,dailyPivot
2024.01.31,2024.01.31,4933,daily_wednesday,dailyDown1
2024.01.31,2024.01.31,4917,daily_wednesday,dailyDown2
2024.01.31,2024.01.31,4945,daily_wednesday_pivot,dailyPivot
2024.02.01,2024.02.01,4860,daily_thursday,dailyDown1
2024.02.01,2024.02.01,4845,daily_thursday,dailyDown2
2024.02.01,2024.02.01,4876,daily_thursday_pivot,dailyPivot
2024.02.01,2024.02.01,4896,daily_thursday,dailyUp1
2024.02.01,2024.02.01,4906,daily_thursday,dailyUp2
2024.02.02,2024.02.02,4906,daily_friday,dailyDown1
2024.02.02,2024.02.02,4896,daily_friday,dailyDown2
2024.02.02,2024.02.02,4927,daily_friday_pivot,dailyPivot
2024.02.02,2024.02.02,4941,daily_friday,dailyUp1
2024.02.05,2024.02.05,4945,daily_monday,dailyDown2
2024.02.05,2024.02.05,4984,daily_monday_pivot,dailyPivot
2024.02.05,2024.02.05,5013,daily_monday,dailyUp2
2024.02.05,2024.02.09,4920,weekly,weeklyDown1
2024.02.05,2024.02.09,4890,weekly,weeklyDown2
2024.02.05,2024.02.09,4865,weekly,weeklyDown3
2024.02.05,2024.02.09,4835,weekly,weeklyDown4
2024.02.05,2024.02.09,4810,weekly,weeklyDown5
2024.02.05,2024.02.09,4960,weekly_pivot_stacked_monday,weeklyPivot
2024.02.05,2024.02.09,4997,weekly_stacked_monday_tuesday_wednesday,weeklyUp1
2024.02.05,2024.02.09,5040,weekly_stacked_friday_thursday,weeklyUp2
2024.02.05,2024.02.09,5070,weekly,weeklyUp3
2024.02.05,2024.02.09,5095,weekly,weeklyUp4
2024.02.05,2024.02.09,5122,weekly,weeklyUp5
2024.02.06,2024.02.06,4955,daily_tuesday,dailyDown1
2024.02.06,2024.02.06,4945,daily_tuesday,dailyDown2
2024.02.06,2024.02.06,4927,daily_tuesday,dailyDown3
2024.02.06,2024.02.06,4973,daily_tuesday_pivot,dailyPivot
2024.02.06,2024.02.06,4983,daily_tuesday,dailyUp1
2024.02.07,2024.02.07,4955,daily_wednesday,dailyDown1
2024.02.07,2024.02.07,4945,daily_wednesday,dailyDown2
2024.02.07,2024.02.07,4978,daily_wednesday_pivot,dailyPivot
2024.02.07,2024.02.07,5013,daily_wednesday,dailyUp2
2024.02.08,2024.02.08,4999,daily_thursday,dailyDown1
2024.02.08,2024.02.08,4978,daily_thursday,dailyDown2
2024.02.08,2024.02.08,5018,daily_thursday_pivot,dailyPivot
2024.02.08,2024.02.08,5056,daily_thursday,dailyUp2
2024.02.09,2024.02.09,4999,daily_friday,dailyDown1
2024.02.09,2024.02.09,4978,daily_friday,dailyDown2
2024.02.09,2024.02.09,5018,daily_friday_pivot,dailyPivot
2024.02.09,2024.02.09,5056,daily_friday,dailyUp2
2024.02.12,2024.02.12,5022,daily_monday,dailyDown1
2024.02.12,2024.02.12,5012,daily_monday,dailyDown2
2024.02.12,2024.02.12,5047,daily_monday,dailyUp1
2024.02.12,2024.02.12,5067,daily_monday,dailyUp2
2024.02.12,2024.02.16,4990,weekly,weeklyDown1
2024.02.12,2024.02.16,4960,weekly_stacked_wednesday,weeklyDown2
2024.02.12,2024.02.16,4920,weekly,weeklyDown3
2024.02.12,2024.02.16,4890,weekly,weeklyDown4
2024.02.12,2024.02.16,4865,weekly,weeklyDown5
2024.02.12,2024.02.16,5034,weekly_pivot_stacked_monday,weeklyPivot
2024.02.12,2024.02.16,5071,weekly_stacked_friday_monday_tuesday,weeklyUp1
2024.02.12,2024.02.16,5100,weekly,weeklyUp2
2024.02.12,2024.02.16,5130,weekly,weeklyUp3
2024.02.12,2024.02.16,5165,weekly,weeklyUp4
2024.02.12,2024.02.16,5200,weekly,weeklyUp5
2024.02.13,2024.02.13,5022,daily_tuesday,dailyDown1
2024.02.13,2024.02.13,5012,daily_tuesday,dailyDown2
2024.02.13,2024.02.13,4999,daily_tuesday,dailyDown3
2024.02.13,2024.02.13,5044,daily_tuesday_pivot,dailyPivot
2024.02.13,2024.02.13,5058,daily_tuesday,dailyUp1
2024.02.13,2024.02.13,5067,daily_tuesday,dailyUp2
2024.02.14,2024.02.14,4940,daily_wednesday,dailyDown1
2024.02.14,2024.02.14,4930,daily_wednesday,dailyDown2
2024.02.14,2024.02.14,4981,daily_wednesday,dailyUp1
2024.02.14,2024.02.14,5002,daily_wednesday,dailyUp2
2024.02.14,2024.02.14,5012,daily_wednesday,dailyUp3
2024.02.15,2024.02.15,4991,daily_thursday,dailyDown1
2024.02.15,2024.02.15,4981,daily_thursday,dailyDown2
2024.02.15,2024.02.15,5011,daily_thursday_pivot,dailyPivot
2024.02.15,2024.02.15,5033,daily_thursday,dailyUp1
2024.02.15,2024.02.15,5044,daily_thursday,dailyUp2
2024.02.15,2024.02.15,5054,daily_thursday,dailyUp3
2024.02.16,2024.02.16,5032,daily_friday,dailyDown1
2024.02.16,2024.02.16,5011,daily_friday,dailyDown2
2024.02.16,2024.02.16,5048,daily_friday_pivot,dailyPivot
2024.02.16,2024.02.16,5067,daily_friday,dailyUp1
2024.02.16,2024.02.16,5088,daily_friday,dailyUp3
2024.02.19,2024.02.19,4991,daily_monday,dailyDown2
2024.02.19,2024.02.19,4981,daily_monday,dailyDown3
2024.02.19,2024.02.19,5032,daily_monday_pivot,dailyPivot
2024.02.19,2024.02.19,5055,daily_monday,dailyUp2
2024.02.19,2024.02.23,4985,weekly,weeklyDown1
2024.02.19,2024.02.23,4960,weekly_stacked_thursday_wednesday,weeklyDown2
2024.02.19,2024.02.23,4930,weekly,weeklyDown3
2024.02.19,2024.02.23,4890,weekly,weeklyDown4
2024.02.19,2024.02.23,4865,weekly,weeklyDown5
2024.02.19,2024.02.23,5011,weekly_pivot_stacked_monday,weeklyPivot
2024.02.19,2024.02.23,5045,weekly_stacked_monday,weeklyUp1
2024.02.19,2024.02.23,5067,weekly_stacked_friday,weeklyUp2
2024.02.19,2024.02.23,5085,weekly,weeklyUp3
2024.02.19,2024.02.23,5115,weekly_stacked_friday,weeklyUp4
2024.02.19,2024.02.23,5135,weekly_stacked_friday,weeklyUp5
2024.02.21,2024.02.21,4978,daily_wednesday,dailyDown1
2024.02.21,2024.02.21,4995,daily_wednesday_pivot,dailyPivot
2024.02.21,2024.02.21,5012,daily_wednesday,dailyUp1
2024.02.21,2024.02.21,5032,daily_wednesday,dailyUp2
2024.02.22,2024.02.22,4987,daily_thursday,dailyDown1
2024.02.22,2024.02.22,4998,daily_thursday_pivot,dailyPivot
2024.02.22,2024.02.22,5012,daily_thursday,dailyUp1
2024.02.22,2024.02.22,5032,daily_thursday,dailyUp2
2024.02.23,2024.02.23,5071,daily_friday,dailyDown1
2024.02.23,2024.02.23,5055,daily_friday,dailyDown3
2024.02.23,2024.02.23,5091,daily_friday_pivot,dailyPivot
2024.02.26,2024.02.26,5071,daily_monday,dailyDown1
2024.02.26,2024.02.26,5093,daily_monday_pivot,dailyPivot
2024.02.26,2024.02.26,5114,daily_monday,dailyUp1
2024.02.26,2024.03.01,5067,weekly_stacked_monday_tuesday_wednesday,weeklyDown1
2024.02.26,2024.03.01,5030,weekly,weeklyDown2
2024.02.26,2024.03.01,5000,weekly,weeklyDown3
2024.02.26,2024.03.01,4959,weekly,weeklyDown4
2024.02.26,2024.03.01,4930,weekly,weeklyDown5
2024.02.26,2024.03.01,5090,weekly_pivot,weeklyPivot
2024.02.26,2024.03.01,5135,weekly_stacked_friday_monday,weeklyUp1
2024.02.26,2024.03.01,5165,weekly,weeklyUp2
2024.02.26,2024.03.01,5195,weekly,weeklyUp3
2024.02.26,2024.03.01,5225,weekly,weeklyUp4
2024.02.26,2024.03.01,5260,weekly,weeklyUp5
2024.02.27,2024.02.27,5071,daily_tuesday,dailyDown1
2024.02.27,2024.02.27,5055,daily_tuesday,dailyDown3
2024.02.27,2024.02.27,5045,daily_tuesday,dailyDown4
2024.02.27,2024.02.27,5093,daily_tuesday_pivot,dailyPivot
2024.02.27,2024.02.27,5111,daily_tuesday,dailyUp1
2024.02.27,2024.02.27,5121,daily_tuesday,dailyUp2
2024.02.28,2024.02.28,5071,daily_wednesday,dailyDown1
2024.02.28,2024.02.28,5055,daily_wednesday,dailyDown3
2024.02.28,2024.02.28,5045,daily_wednesday,dailyDown4
2024.02.28,2024.02.28,5093,daily_wednesday_pivot,dailyPivot
2024.02.28,2024.02.28,5111,daily_wednesday,dailyUp1
2024.02.28,2024.02.28,5121,daily_wednesday,dailyUp2
2024.03.01,2024.03.01,5089,daily_friday,dailyDown1
2024.03.01,2024.03.01,5071,daily_friday,dailyDown2
2024.03.01,2024.03.01,5106,daily_friday_pivot,dailyPivot
2024.03.01,2024.03.01,5121,daily_friday,dailyUp1
2024.03.04,2024.03.04,5106,daily_monday,dailyDown2
2024.03.04,2024.03.04,5139,daily_monday_pivot,dailyPivot
2024.03.04,2024.03.04,5165,daily_monday,dailyUp2
2024.03.04,2024.03.04,5182,daily_monday,dailyUp3
2024.03.04,2024.03.08,5085,weekly,weeklyDown1
2024.03.04,2024.03.08,5071,weekly_stacked_thursday_wednesday,weeklyDown2
2024.03.04,2024.03.08,5055,weekly_stacked_wednesday,weeklyDown3
2024.03.04,2024.03.08,5030,weekly,weeklyDown4
2024.03.04,2024.03.08,4498,weekly,weeklyDown5
2024.03.04,2024.03.08,5123,weekly_pivot_stacked_friday_monday_thursday_tuesday_wednesday,weeklyPivot
2024.03.04,2024.03.08,5149,weekly_stacked_friday_monday_thursday_tuesday,weeklyUp1
2024.03.04,2024.03.08,5195,weekly_stacked_friday,weeklyUp2
2024.03.04,2024.03.08,5215,weekly,weeklyUp3
2024.03.04,2024.03.08,5245,weekly,weeklyUp4
2024.03.04,2024.03.08,5265,weekly,weeklyUp5
2024.03.05,2024.03.05,5106,daily_tuesday,dailyDown2
2024.03.05,2024.03.05,5139,daily_tuesday_pivot,dailyPivot
2024.03.05,2024.03.05,5165,daily_tuesday,dailyUp2
2024.03.05,2024.03.05,5182,daily_tuesday,dailyUp3
2024.03.06,2024.03.06,5045,daily_wednesday,dailyDown3
2024.03.06,2024.03.06,5097,daily_wednesday_pivot,dailyPivot
2024.03.06,2024.03.06,5107,daily_wednesday,dailyUp1
2024.03.07,2024.03.07,5099,daily_thursday,dailyDown1
2024.03.07,2024.03.07,5135,daily_thursday,dailyUp1
2024.03.08,2024.03.08,5133,daily_friday,dailyDown1
2024.03.08,2024.03.08,5165,daily_friday,dailyUp1
2024.03.08,2024.03.08,5182,daily_friday,dailyUp2
2024.03.11,2024.03.11,5165,daily_monday,dailyDown1
2024.03.11,2024.03.11,5230,daily_monday,dailyUp2
2024.03.11,2024.03.15,5155,weekly_stacked_monday_tuesday,weeklyDown1
2024.03.11,2024.03.15,5115,weekly,weeklyDown2
2024.03.11,2024.03.15,5085,weekly,weeklyDown3
2024.03.11,2024.03.15,5063,weekly,weeklyDown4
2024.03.11,2024.03.15,5030,weekly,weeklyDown5
2024.03.11,2024.03.15,5192,weekly_pivot_stacked_friday_monday_thursday_tuesday_wednesday,weeklyPivot
2024.03.11,2024.03.15,5220,weekly_stacked_monday_tuesday,weeklyUp1
2024.03.11,2024.03.15,5260,weekly_stacked_friday_thursday_wednesday,weeklyUp2
2024.03.11,2024.03.15,5290,weekly_stacked_thursday_wednesday,weeklyUp3
2024.03.11,2024.03.15,5323,weekly,weeklyUp4
2024.03.11,2024.03.15,5355,weekly,weeklyUp5
2024.03.12,2024.03.12,5165,daily_tuesday,dailyDown1
2024.03.12,2024.03.12,5230,daily_tuesday,dailyUp2
2024.03.13,2024.03.13,5221,daily_wednesday,dailyDown1
2024.03.13,2024.03.13,5202,daily_wednesday,dailyDown2
2024.03.13,2024.03.13,5238,daily_wednesday_pivot,dailyPivot
2024.03.13,2024.03.13,5280,daily_wednesday,dailyUp2
2024.03.14,2024.03.14,5221,daily_thursday,dailyDown1
2024.03.14,2024.03.14,5202,daily_thursday,dailyDown2
2024.03.14,2024.03.14,5243,daily_thursday_pivot,dailyPivot
2024.03.14,2024.03.14,5280,daily_thursday,dailyUp2
2024.03.15,2024.03.15,5180,daily_friday,dailyDown2
2024.03.15,2024.03.15,5221,daily_friday_pivot,dailyPivot
2024.03.15,2024.03.15,5243,daily_friday,dailyUp1
2024.03.18,2024.03.18,5165,daily_monday,dailyDown1
2024.03.18,2024.03.18,5211,daily_monday,dailyUp1
2024.03.18,2024.03.22,5155,weekly_stacked_monday,weeklyDown1
2024.03.18,2024.03.22,5115,weekly,weeklyDown2
2024.03.18,2024.03.22,5085,weekly,weeklyDown3
2024.03.18,2024.03.22,5063,weekly,weeklyDown4
2024.03.18,2024.03.22,5030,weekly,weeklyDown5
2024.03.18,2024.03.22,5193,weekly_pivot_stacked_monday_tuesday_wednesday,weeklyPivot
2024.03.18,2024.03.22,5221,weekly_stacked_monday,weeklyUp1
2024.03.18,2024.03.22,5260,weekly_stacked_friday_thursday_tuesday_wednesday,weeklyUp2
2024.03.18,2024.03.22,5290,weekly_stacked_friday_thursday_wednesday,weeklyUp3
2024.03.18,2024.03.22,5323,weekly_stacked_friday_thursday,weeklyUp4
2024.03.18,2024.03.22,5355,weekly,weeklyUp5
2024.03.19,2024.03.19,5201,daily_tuesday,dailyDown1
2024.03.19,2024.03.19,5173,daily_tuesday,dailyDown3
2024.03.19,2024.03.19,5217,daily_tuesday_pivot,dailyPivot
2024.03.19,2024.03.19,5233,daily_tuesday,dailyUp1
2024.03.19,2024.03.19,5243,daily_tuesday,dailyUp2
2024.03.20,2024.03.20,5226,daily_wednesday,dailyDown1
2024.03.20,2024.03.20,5202,daily_wednesday,dailyDown2
2024.03.20,2024.03.20,5239,daily_wednesday_pivot,dailyPivot
2024.03.20,2024.03.20,5280,daily_wednesday,dailyUp2
2024.03.21,2024.03.21,5247,daily_thursday,dailyDown2
2024.03.21,2024.03.21,5273,daily_thursday_pivot,dailyPivot
2024.03.21,2024.03.21,5308,daily_thursday,dailyUp2
2024.03.22,2024.03.22,5273,daily_friday,dailyDown2
2024.03.22,2024.03.22,5308,daily_friday_pivot,dailyPivot
2024.03.22,2024.03.22,5337,daily_friday,dailyUp2
2024.03.25,2024.03.25,5273,daily_monday,dailyDown1
2024.03.25,2024.03.25,5260,daily_monday,dailyDown2
2024.03.25,2024.03.25,5308,daily_monday,dailyUp1
2024.03.25,2024.03.25,5337,daily_monday,dailyUp3
2024.03.25,2024.03.29,5250,weekly,weeklyDown1
2024.03.25,2024.03.29,5225,weekly_stacked_wednesday,weeklyDown2
2024.03.25,2024.03.29,5195,weekly,weeklyDown3
2024.03.25,2024.03.29,5157,weekly,weeklyDown4
2024.03.25,2024.03.29,5129,weekly,weeklyDown5
2024.03.25,2024.03.29,5290,weekly_pivot_stacked_monday_tuesday,weeklyPivot
2024.03.25,2024.03.29,5323,weekly_stacked_monday_thursday_tuesday,weeklyUp1
2024.03.25,2024.03.29,5355,weekly_stacked_thursday,weeklyUp2
2024.03.25,2024.03.29,5385,weekly,weeklyUp3
2024.03.25,2024.03.29,5410,weekly,weeklyUp4
2024.03.25,2024.03.29,5440,weekly,weeklyUp5
2024.03.26,2024.03.26,5273,daily_tuesday,dailyDown1
2024.03.26,2024.03.26,5260,daily_tuesday,dailyDown2
2024.03.26,2024.03.26,5247,daily_tuesday,dailyDown3
2024.03.26,2024.03.26,5308,daily_tuesday,dailyUp1
2024.03.27,2024.03.27,5260,daily_wednesday,dailyDown1
2024.03.27,2024.03.27,5247,daily_wednesday,dailyDown2
2024.03.27,2024.03.27,5278,daily_wednesday_pivot,dailyPivot
2024.03.27,2024.03.27,5288,daily_wednesday,dailyUp1
2024.03.27,2024.03.27,5308,daily_wednesday,dailyUp2
2024.03.28,2024.03.28,5284,daily_thursday,dailyDown1
2024.03.28,2024.03.28,5260,daily_thursday,dailyDown2
2024.03.28,2024.03.28,5294,daily_thursday_pivot,dailyPivot
2024.03.28,2024.03.28,5337,daily_thursday,dailyUp2
2024.04.01,2024.04.01,5284,daily_monday,dailyDown1
2024.04.01,2024.04.01,5337,daily_monday,dailyUp2
2024.04.01,2024.04.05,5294,weekly_stacked_monday_thursday_tuesday_wednesday,weeklyDown1
2024.04.01,2024.04.05,5263,weekly_stacked_monday_thursday_tuesday,weeklyDown2
2024.04.01,2024.04.05,5245,weekly,weeklyDown3
2024.04.01,2024.04.05,5215,weekly_stacked_friday_thursday_wednesday,weeklyDown4
2024.04.01,2024.04.05,5193,weekly,weeklyDown5
2024.04.01,2024.04.05,5323,weekly_pivot_stacked_monday_tuesday,weeklyPivot
2024.04.01,2024.04.05,5355,weekly_stacked_monday,weeklyUp1
2024.04.01,2024.04.05,5375,weekly,weeklyUp2
2024.04.01,2024.04.05,5405,weekly,weeklyUp3
2024.04.01,2024.04.05,5440,weekly,weeklyUp4
2024.04.01,2024.04.05,5470,weekly,weeklyUp5
2024.04.02,2024.04.02,5284,daily_tuesday,dailyDown1
2024.04.02,2024.04.02,5313,daily_tuesday,dailyUp1
2024.04.02,2024.04.02,5333,daily_tuesday,dailyUp3
2024.04.03,2024.04.03,5247,daily_wednesday,dailyDown1
2024.04.03,2024.04.03,5225,daily_wednesday,dailyDown2
2024.04.03,2024.04.03,5257,daily_wednesday_pivot,dailyPivot
2024.04.03,2024.04.03,5270,daily_wednesday,dailyUp1
2024.04.03,2024.04.03,5282,daily_wednesday,dailyUp2
2024.04.04,2024.04.04,5247,daily_thursday,dailyDown1
2024.04.04,2024.04.04,5225,daily_thursday,dailyDown2
2024.04.04,2024.04.04,5282,daily_thursday,dailyUp1
2024.04.04,2024.04.04,5313,daily_thursday,dailyUp3
2024.04.05,2024.04.05,5173,daily_friday,dailyDown1
2024.04.05,2024.04.05,5155,daily_friday,dailyDown2
2024.04.05,2024.04.05,5204,daily_friday_pivot,dailyPivot
2024.04.05,2024.04.05,5237,daily_friday,dailyUp2
2024.04.05,2024.04.05,5247,daily_friday,dailyUp3
2024.04.08,2024.04.08,5231,daily_monday,dailyDown1
2024.04.08,2024.04.08,5211,daily_monday,dailyDown2
2024.04.08,2024.04.08,5263,daily_monday,dailyUp1
2024.04.08,2024.04.08,5293,daily_monday,dailyUp2
2024.04.08,2024.04.12,5195,weekly,weeklyDown1
2024.04.08,2024.04.12,5160,weekly,weeklyDown2
2024.04.08,2024.04.12,5130,weekly,weeklyDown3
2024.04.08,2024.04.12,5085,weekly,weeklyDown4
2024.04.08,2024.04.12,5063,weekly,weeklyDown5
2024.04.08,2024.04.12,5247,weekly_pivot_stacked_friday_monday_thursday_tuesday_wednesday,weeklyPivot
2024.04.08,2024.04.12,5323,weekly,weeklyUp1
2024.04.08,2024.04.12,5345,weekly,weeklyUp2
2024.04.08,2024.04.12,5375,weekly,weeklyUp3
2024.04.08,2024.04.12,5405,weekly,weeklyUp4
2024.04.08,2024.04.12,5440,weekly,weeklyUp5
2024.04.09,2024.04.09,5231,daily_tuesday,dailyDown1
2024.04.09,2024.04.09,5211,daily_tuesday,dailyDown2
2024.04.09,2024.04.09,5263,daily_tuesday,dailyUp1
2024.04.09,2024.04.09,5293,daily_tuesday,dailyUp2
2024.04.10,2024.04.10,5221,daily_wednesday,dailyDown1
2024.04.10,2024.04.10,5211,daily_wednesday,dailyDown2
2024.04.10,2024.04.10,5263,daily_wednesday,dailyUp1
2024.04.10,2024.04.10,5293,daily_wednesday,dailyUp2
2024.04.10,2024.04.10,5307,daily_wednesday,dailyUp3
2024.04.11,2024.04.11,5194,daily_thursday,dailyDown1
2024.04.11,2024.04.11,5173,daily_thursday,dailyDown2
2024.04.11,2024.04.11,5155,daily_thursday,dailyDown3
2024.04.11,2024.04.11,5216,daily_thursday_pivot,dailyPivot
2024.04.11,2024.04.11,5226,daily_thursday,dailyUp1
2024.04.11,2024.04.11,5263,daily_thursday,dailyUp3
2024.04.12,2024.04.12,5225,daily_friday,dailyDown1
2024.04.12,2024.04.12,5215,daily_friday,dailyDown2
2024.04.12,2024.04.12,5194,daily_friday,dailyDown3
2024.04.12,2024.04.12,5263,daily_friday,dailyUp1
2024.04.12,2024.04.12,5293,daily_friday,dailyUp2
2024.04.15,2024.04.15,5152,daily_monday,dailyDown1
2024.04.15,2024.04.15,5174,daily_monday_pivot,dailyPivot
2024.04.15,2024.04.15,5215,daily_monday,dailyUp2
2024.04.15,2024.04.15,5225,daily_monday,dailyUp3
2024.04.15,2024.04.19,5129,weekly_stacked_monday,weeklyDown1
2024.04.15,2024.04.19,5115,weekly_stacked_monday_thursday,weeklyDown2
2024.04.15,2024.04.19,5070,weekly,weeklyDown3
2024.04.15,2024.04.19,5040,weekly_stacked_friday_thursday_wednesday,weeklyDown4
2024.04.15,2024.04.19,4998,weekly_stacked_friday,weeklyDown5
2024.04.15,2024.04.19,5194,weekly_pivot_stacked_monday,weeklyPivot
2024.04.15,2024.04.19,5247,weekly,weeklyUp1
2024.04.15,2024.04.19,5265,weekly,weeklyUp2
2024.04.15,2024.04.19,5295,weekly,weeklyUp3
2024.04.15,2024.04.19,5323,weekly,weeklyUp4
2024.04.15,2024.04.19,5345,weekly,weeklyUp5
2024.04.16,2024.04.16,5085,daily_tuesday,dailyDown1
2024.04.16,2024.04.16,5071,daily_tuesday,dailyDown2
2024.04.16,2024.04.16,5056,daily_tuesday,dailyDown3
2024.04.16,2024.04.16,5125,daily_tuesday_pivot,dailyPivot
2024.04.16,2024.04.16,5146,daily_tuesday,dailyUp1
2024.04.16,2024.04.16,5156,daily_tuesday,dailyUp2
2024.04.17,2024.04.17,5071,daily_wednesday,dailyDown1
2024.04.17,2024.04.17,5056,daily_wednesday,dailyDown2
2024.04.17,2024.04.17,5085,daily_wednesday_pivot,dailyPivot
2024.04.17,2024.04.17,5125,daily_wednesday,dailyUp1
2024.04.17,2024.04.17,5146,daily_wednesday,dailyUp2
2024.04.17,2024.04.17,5156,daily_wednesday,dailyUp3
2024.04.18,2024.04.18,5011,daily_thursday,dailyDown2
2024.04.18,2024.04.18,5056,daily_thursday_pivot,dailyPivot
2024.04.18,2024.04.18,5085,daily_thursday,dailyUp1
2024.04.18,2024.04.18,5095,daily_thursday,dailyUp2
2024.04.19,2024.04.19,5011,daily_friday,dailyDown2
2024.04.19,2024.04.19,5056,daily_friday_pivot,dailyPivot
2024.04.19,2024.04.19,5085,daily_friday,dailyUp1
2024.04.19,2024.04.19,5095,daily_friday,dailyUp2
2024.04.22,2024.04.22,4967,daily_monday,dailyDown2
2024.04.22,2024.04.22,4945,daily_monday,dailyDown3
2024.04.22,2024.04.22,5008,daily_monday_pivot,dailyPivot
2024.04.22,2024.04.22,5035,daily_monday,dailyUp1
2024.04.22,2024.04.22,5056,daily_monday,dailyUp2
2024.04.22,2024.04.26,4977,weekly_stacked_monday,weeklyDown1
2024.04.22,2024.04.26,4935,weekly,weeklyDown2
2024.04.22,2024.04.26,4895,weekly,weeklyDown3
2024.04.22,2024.04.26,4865,weekly,weeklyDown4
2024.04.22,2024.04.26,4840,weekly,weeklyDown5
2024.04.22,2024.04.26,5040,weekly_pivot,weeklyPivot
2024.04.22,2024.04.26,5115,weekly_stacked_friday_thursday_wednesday,weeklyUp1
2024.04.22,2024.04.26,5145,weekly_stacked_thursday_wednesday,weeklyUp2
2024.04.22,2024.04.26,5194,weekly,weeklyUp3
2024.04.22,2024.04.26,5247,weekly,weeklyUp4
2024.04.22,2024.04.26,5294,weekly,weeklyUp5
2024.04.23,2024.04.23,5036,daily_tuesday,dailyDown1
2024.04.23,2024.04.23,5008,daily_tuesday,dailyDown2
2024.04.23,2024.04.23,4998,daily_tuesday,dailyDown3
2024.04.23,2024.04.23,5056,daily_tuesday_pivot,dailyPivot
2024.04.23,2024.04.23,5085,daily_tuesday,dailyUp1
2024.04.23,2024.04.23,5095,daily_tuesday,dailyUp2
2024.04.24,2024.04.24,5088,daily_wednesday,dailyDown1
2024.04.24,2024.04.24,5063,daily_wednesday,dailyDown2
2024.04.24,2024.04.24,5056,daily_wednesday,dailyDown3
2024.04.24,2024.04.24,5098,daily_wednesday_pivot,dailyPivot
2024.04.24,2024.04.24,5125,daily_wednesday,dailyUp2
2024.04.24,2024.04.24,5155,daily_wednesday,dailyUp4
2024.04.25,2024.04.25,5063,daily_thursday,dailyDown1
2024.04.25,2024.04.25,5056,daily_thursday,dailyDown2
2024.04.25,2024.04.25,5088,daily_thursday_pivot,dailyPivot
2024.04.25,2024.04.25,5125,daily_thursday,dailyUp2
2024.04.25,2024.04.25,5155,daily_thursday,dailyUp4
2024.04.26,2024.04.26,5063,daily_friday,dailyDown1
2024.04.26,2024.04.26,5056,daily_friday,dailyDown2
2024.04.26,2024.04.26,5030,daily_friday,dailyDown3
2024.04.26,2024.04.26,5091,daily_friday_pivot,dailyPivot
2024.04.26,2024.04.26,5125,daily_friday,dailyUp2
2024.04.29,2024.04.29,5111,daily_monday,dailyDown1
2024.04.29,2024.04.29,5154,daily_monday,dailyUp1
2024.04.29,2024.04.29,5174,daily_monday,dailyUp2
2024.04.29,2024.05.03,5090,weekly_stacked_monday,weeklyDown1
2024.04.29,2024.05.03,5040,weekly,weeklyDown2
2024.04.29,2024.05.03,5010,weekly_stacked_thursday_wednesday,weeklyDown3
2024.04.29,2024.05.03,4977,weekly,weeklyDown4
2024.04.29,2024.05.03,4935,weekly,weeklyDown5
2024.04.29,2024.05.03,5125,weekly_pivot_stacked_friday_monday_tuesday_wednesday,weeklyPivot
2024.04.29,2024.05.03,5155,weekly,weeklyUp1
2024.04.29,2024.05.03,5194,weekly_stacked_tuesday,weeklyUp2
2024.04.29,2024.05.03,5220,weekly,weeklyUp3
2024.04.29,2024.05.03,5250,weekly,weeklyUp4
2024.04.29,2024.05.03,5294,weekly,weeklyUp5
2024.04.30,2024.04.30,5105,daily_tuesday,dailyDown2
2024.04.30,2024.04.30,5151,daily_tuesday_pivot,dailyPivot
2024.04.30,2024.04.30,5174,daily_tuesday,dailyUp1
2024.05.01,2024.05.01,5063,daily_wednesday,dailyDown1
2024.05.01,2024.05.01,5056,daily_wednesday,dailyDown2
2024.05.01,2024.05.01,5030,daily_wednesday,dailyDown3
2024.05.01,2024.05.01,5087,daily_wednesday_pivot,dailyPivot
2024.05.01,2024.05.01,5115,daily_wednesday,dailyUp1
2024.05.02,2024.05.02,5030,daily_thursday,dailyDown1
2024.05.02,2024.05.02,5065,daily_thursday_pivot,dailyPivot
2024.05.02,2024.05.02,5094,daily_thursday,dailyUp1
2024.05.02,2024.05.02,5104,daily_thursday,dailyUp2
2024.05.03,2024.05.03,5056,daily_friday,dailyDown1
2024.05.03,2024.05.03,5046,daily_friday,dailyDown2
2024.05.03,2024.05.03,5084,daily_friday_pivot,dailyPivot
2024.05.03,2024.05.03,5104,daily_friday,dailyUp1
2024.05.03,2024.05.03,5135,daily_friday,dailyUp3
2024.05.06,2024.05.06,5127,daily_monday,dailyDown1
2024.05.06,2024.05.06,5117,daily_monday,dailyDown2
2024.05.06,2024.05.06,5164,daily_monday,dailyUp1
2024.05.06,2024.05.06,5174,daily_monday,dailyUp2
2024.05.06,2024.05.10,5100,weekly,weeklyDown1
2024.05.06,2024.05.10,5075,weekly,weeklyDown2
2024.05.06,2024.05.10,5045,weekly,weeklyDown3
2024.05.06,2024.05.10,5010,weekly,weeklyDown4
2024.05.06,2024.05.10,4977,weekly,weeklyDown5
2024.05.06,2024.05.10,5147,weekly_pivot_stacked_monday,weeklyPivot
2024.05.06,2024.05.10,5194,weekly_stacked_monday,weeklyUp1
2024.05.06,2024.05.10,5230,weekly,weeklyUp2
2024.05.06,2024.05.10,5260,weekly_stacked_friday,weeklyUp3
2024.05.06,2024.05.10,5294,weekly,weeklyUp4
2024.05.06,2024.05.10,5323,weekly,weeklyUp5
2024.05.07,2024.05.07,5185,daily_tuesday,dailyDown1
2024.05.07,2024.05.07,5179,daily_tuesday,dailyDown2
2024.05.07,2024.05.07,5166,daily_tuesday,dailyDown3
2024.05.07,2024.05.07,5200,daily_tuesday_pivot,dailyPivot
2024.05.07,2024.05.07,5213,daily_tuesday,dailyUp1
2024.05.07,2024.05.07,5232,daily_tuesday,dailyUp2
2024.05.07,2024.05.07,5250,daily_tuesday,dailyUp3
2024.05.08,2024.05.08,5185,daily_wednesday,dailyDown1
2024.05.08,2024.05.08,5179,daily_wednesday,dailyDown2
2024.05.08,2024.05.08,5166,daily_wednesday,dailyDown3
2024.05.08,2024.05.08,5200,daily_wednesday_pivot,dailyPivot
2024.05.08,2024.05.08,5216,daily_wednesday,dailyUp1
2024.05.08,2024.05.08,5232,daily_wednesday,dailyUp2
2024.05.08,2024.05.08,5250,daily_wednesday,dailyUp3
2024.05.09,2024.05.09,5185,daily_thursday,dailyDown1
2024.05.09,2024.05.09,5179,daily_thursday,dailyDown2
2024.05.09,2024.05.09,5166,daily_thursday,dailyDown3
2024.05.09,2024.05.09,5200,daily_thursday_pivot,dailyPivot
2024.05.09,2024.05.09,5217,daily_thursday,dailyUp1
2024.05.09,2024.05.09,5232,daily_thursday,dailyUp2
2024.05.09,2024.05.09,5250,daily_thursday,dailyUp3
2024.05.10,2024.05.10,5213,daily_friday,dailyDown1
2024.05.10,2024.05.10,5200,daily_friday,dailyDown2
2024.05.10,2024.05.10,5227,daily_friday_pivot,dailyPivot
2024.05.10,2024.05.10,5250,daily_friday,dailyUp1
2024.05.10,2024.05.10,5272,daily_friday,dailyUp3
2024.05.13,2024.05.13,5227,daily_monday,dailyDown1
2024.05.13,2024.05.13,5262,daily_monday,dailyUp1
2024.05.13,2024.05.13,5285,daily_monday,dailyUp2
2024.05.13,2024.05.17,5175,weekly,weeklyDown1
2024.05.13,2024.05.17,5166,weekly,weeklyDown2
2024.05.13,2024.05.17,5145,weekly,weeklyDown3
2024.05.13,2024.05.17,5127,weekly,weeklyDown4
2024.05.13,2024.05.17,5100,weekly,weeklyDown5
2024.05.13,2024.05.17,5213,weekly_pivot_stacked_monday_tuesday,weeklyPivot
2024.05.13,2024.05.17,5250,weekly_stacked_monday_tuesday,weeklyUp1
2024.05.13,2024.05.17,5310,weekly,weeklyUp2
2024.05.13,2024.05.17,5340,weekly_stacked_friday_thursday,weeklyUp3
2024.05.13,2024.05.17,5375,weekly_stacked_thursday,weeklyUp4
2024.05.13,2024.05.17,5405,weekly,weeklyUp5
2024.05.14,2024.05.14,5227,daily_tuesday,dailyDown1
2024.05.14,2024.05.14,5262,daily_tuesday,dailyUp1
2024.05.14,2024.05.14,5285,daily_tuesday,dailyUp2
2024.05.15,2024.05.15,5246,daily_wednesday,dailyDown1
2024.05.15,2024.05.15,5227,daily_wednesday,dailyDown2
2024.05.15,2024.05.15,5260,daily_wednesday_pivot,dailyPivot
2024.05.15,2024.05.15,5285,daily_wednesday,dailyUp1
2024.05.15,2024.05.15,5297,daily_wednesday,dailyUp2
2024.05.15,2024.05.15,5307,daily_wednesday,dailyUp3
2024.05.16,2024.05.16,5308,daily_thursday,dailyDown1
2024.05.16,2024.05.16,5291,daily_thursday,dailyDown2
2024.05.16,2024.05.16,5323,daily_thursday_pivot,dailyPivot
2024.05.16,2024.05.16,5355,daily_thursday,dailyUp2
2024.05.17,2024.05.17,5308,daily_friday,dailyDown1
2024.05.17,2024.05.17,5291,daily_friday,dailyDown2
2024.05.17,2024.05.17,5323,daily_friday_pivot,dailyPivot
2024.05.17,2024.05.17,5355,daily_friday,dailyUp2
2024.05.20,2024.05.20,5308,daily_monday,dailyDown1
2024.05.20,2024.05.20,5291,daily_monday,dailyDown2
2024.05.20,2024.05.20,5345,daily_monday,dailyUp1
2024.05.20,2024.05.24,5274,weekly,weeklyDown1
2024.05.20,2024.05.24,5250,weekly,weeklyDown2
2024.05.20,2024.05.24,5225,weekly,weeklyDown3
2024.05.20,2024.05.24,5200,weekly,weeklyDown4
2024.05.20,2024.05.24,5166,weekly,weeklyDown5
2024.05.20,2024.05.24,5323,weekly_pivot_stacked_monday_thursday_tuesday_wednesday,weeklyPivot
2024.05.20,2024.05.24,5360,weekly_stacked_monday_thursday_tuesday_wednesday,weeklyUp1
2024.05.20,2024.05.24,5395,weekly,weeklyUp2
2024.05.20,2024.05.24,5420,weekly,weeklyUp3
2024.05.20,2024.05.24,5450,weekly,weeklyUp4
2024.05.20,2024.05.24,5475,weekly,weeklyUp5
2024.05.21,2024.05.21,5308,daily_tuesday,dailyDown1
2024.05.21,2024.05.21,5291,daily_tuesday,dailyDown2
2024.05.21,2024.05.21,5345,daily_tuesday,dailyUp1
2024.05.22,2024.05.22,5330,daily_wednesday,dailyDown1
2024.05.22,2024.05.22,5308,daily_wednesday,dailyDown3
2024.05.22,2024.05.22,5345,daily_wednesday_pivot,dailyPivot
2024.05.22,2024.05.22,5375,daily_wednesday,dailyUp2
2024.05.23,2024.05.23,5308,daily_thursday,dailyDown1
2024.05.23,2024.05.23,5291,daily_thursday,dailyDown2
2024.05.23,2024.05.23,5345,daily_thursday,dailyUp1
2024.05.24,2024.05.24,5266,daily_friday,dailyDown1
2024.05.24,2024.05.24,5260,daily_friday,dailyDown2
2024.05.24,2024.05.24,5246,daily_friday,dailyDown3
2024.05.24,2024.05.24,5292,daily_friday_pivot,dailyPivot
2024.05.24,2024.05.24,5315,daily_friday,dailyUp1
2024.05.24,2024.05.24,5325,daily_friday,dailyUp2
2024.05.27,2024.05.27,5305,daily_monday,dailyDown1
2024.05.27,2024.05.27,5290,daily_monday,dailyDown2
2024.05.27,2024.05.27,5342,daily_monday,dailyUp1
2024.05.27,2024.05.31,5274,weekly_stacked_friday,weeklyDown1
2024.05.27,2024.05.31,5250,weekly,weeklyDown2
2024.05.27,2024.05.31,5225,weekly_stacked_friday,weeklyDown3
2024.05.27,2024.05.31,5200,weekly,weeklyDown4
2024.05.27,2024.05.31,5166,weekly,weeklyDown5
2024.05.27,2024.05.31,5323,weekly_pivot_stacked_monday_thursday_wednesday,weeklyPivot
2024.05.27,2024.05.31,5358,weekly_stacked_monday_wednesday,weeklyUp1
2024.05.27,2024.05.31,5395,weekly,weeklyUp2
2024.05.27,2024.05.31,5420,weekly,weeklyUp3
2024.05.27,2024.05.31,5450,weekly,weeklyUp4
2024.05.27,2024.05.31,5475,weekly,weeklyUp5
2024.05.29,2024.05.29,5307,daily_wednesday,dailyDown1
2024.05.29,2024.05.29,5290,daily_wednesday,dailyDown2
2024.05.29,2024.05.29,5342,daily_wednesday,dailyUp1
2024.05.30,2024.05.30,5266,daily_thursday,dailyDown1
2024.05.30,2024.05.30,5260,daily_thursday,dailyDown2
2024.05.30,2024.05.30,5246,daily_thursday,dailyDown3
2024.05.30,2024.05.30,5275,daily_thursday_pivot,dailyPivot
2024.05.30,2024.05.30,5290,daily_thursday,dailyUp1
2024.05.30,2024.05.30,5307,daily_thursday,dailyUp2
2024.05.31,2024.05.31,5238,daily_friday,dailyDown1
2024.05.31,2024.05.31,5213,daily_friday,dailyDown3
2024.05.31,2024.05.31,5253,daily_friday_pivot,dailyPivot
2024.05.31,2024.05.31,5290,daily_friday,dailyUp2
2024.06.03,2024.06.03,5270,daily_monday,dailyDown2
2024.06.03,2024.06.03,5253,daily_monday,dailyDown3
2024.06.03,2024.06.03,5300,daily_monday_pivot,dailyPivot
2024.06.03,2024.06.03,5342,daily_monday,dailyUp2
2024.06.03,2024.06.07,5230,weekly,weeklyDown1
2024.06.03,2024.06.07,5205,weekly,weeklyDown2
2024.06.03,2024.06.07,5166,weekly,weeklyDown3
2024.06.03,2024.06.07,5127,weekly,weeklyDown4
2024.06.03,2024.06.07,5101,weekly,weeklyDown5
2024.06.03,2024.06.07,5280,weekly_pivot_stacked_monday_tuesday_wednesday,weeklyPivot
2024.06.03,2024.06.07,5323,weekly_stacked_friday_monday_thursday_tuesday_wednesday,weeklyUp1
2024.06.03,2024.06.07,5365,weekly,weeklyUp2
2024.06.03,2024.06.07,5390,weekly_stacked_friday_thursday,weeklyUp3
2024.06.03,2024.06.07,5420,weekly,weeklyUp4
2024.06.03,2024.06.07,5450,weekly,weeklyUp5
2024.06.04,2024.06.04,5270,daily_tuesday,dailyDown2
2024.06.04,2024.06.04,5253,daily_tuesday,dailyDown3
2024.06.04,2024.06.04,5300,daily_tuesday_pivot,dailyPivot
2024.06.04,2024.06.04,5342,daily_tuesday,dailyUp2
2024.06.05,2024.06.05,5270,daily_wednesday,dailyDown2
2024.06.05,2024.06.05,5253,daily_wednesday,dailyDown3
2024.06.05,2024.06.05,5300,daily_wednesday_pivot,dailyPivot
2024.06.05,2024.06.05,5342,daily_wednesday,dailyUp2
2024.06.06,2024.06.06,5337,daily_thursday,dailyDown1
2024.06.06,2024.06.06,5358,daily_thursday_pivot,dailyPivot
2024.06.06,2024.06.06,5375,daily_thursday,dailyUp1
2024.06.06,2024.06.06,5405,daily_thursday,dailyUp3
2024.06.07,2024.06.07,5337,daily_friday,dailyDown1
2024.06.07,2024.06.07,5358,daily_friday_pivot,dailyPivot
2024.06.07,2024.06.07,5375,daily_friday,dailyUp1
2024.06.07,2024.06.07,5405,daily_friday,dailyUp3
2024.06.10,2024.06.10,5337,daily_monday,dailyDown1
2024.06.10,2024.06.10,5375,daily_monday,dailyUp1
2024.06.10,2024.06.10,5390,daily_monday,dailyUp2
2024.06.10,2024.06.14,5323,weekly_stacked_monday,weeklyDown1
2024.06.10,2024.06.14,5285,weekly,weeklyDown2
2024.06.10,2024.06.14,5260,weekly,weeklyDown3
2024.06.10,2024.06.14,5230,weekly,weeklyDown4
2024.06.10,2024.06.14,5205,weekly,weeklyDown5
2024.06.10,2024.06.14,5358,weekly_pivot_stacked_monday_tuesday,weeklyPivot
2024.06.10,2024.06.14,5400,weekly,weeklyUp1
2024.06.10,2024.06.14,5430,weekly,weeklyUp2
2024.06.10,2024.06.14,5455,weekly_stacked_friday_thursday,weeklyUp3
2024.06.10,2024.06.14,5475,weekly,weeklyUp4
2024.06.10,2024.06.14,5500,weekly,weeklyUp5
2024.06.11,2024.06.11,5337,daily_tuesday,dailyDown2
2024.06.11,2024.06.11,5374,daily_tuesday_pivot,dailyPivot
2024.06.11,2024.06.11,5390,daily_tuesday,dailyUp1
2024.06.11,2024.06.11,5405,daily_tuesday,dailyUp2
2024.06.12,2024.06.12,5363,daily_wednesday,dailyDown1
2024.06.12,2024.06.12,5350,daily_wednesday,dailyDown2
2024.06.12,2024.06.12,5340,daily_wednesday,dailyDown3
2024.06.12,2024.06.12,5381,daily_wednesday_pivot,dailyPivot
2024.06.12,2024.06.12,5405,daily_wednesday,dailyUp1
2024.06.12,2024.06.12,5420,daily_wednesday,dailyUp2
2024.06.13,2024.06.13,5395,daily_thursday,dailyDown1
2024.06.13,2024.06.13,5385,daily_thursday,dailyDown2
2024.06.13,2024.06.13,5421,daily_thursday_pivot,dailyPivot
2024.06.13,2024.06.13,5440,daily_thursday,dailyUp1
2024.06.13,2024.06.13,5465,daily_thursday,dailyUp3
2024.06.14,2024.06.14,5421,daily_friday,dailyDown1
2024.06.14,2024.06.14,5395,daily_friday,dailyDown2
2024.06.14,2024.06.14,5385,daily_friday,dailyDown3
2024.06.14,2024.06.14,5445,daily_friday_pivot,dailyPivot
2024.06.14,2024.06.14,5465,daily_friday,dailyUp2
2024.06.14,2024.06.14,5480,daily_friday,dailyUp3
2024.06.17,2024.06.17,5465,daily_monday,dailyDown2
2024.06.17,2024.06.17,5540,daily_monday,dailyUp2
2024.06.17,2024.06.21,5475,weekly_stacked_monday,weeklyDown1
2024.06.17,2024.06.21,5440,weekly,weeklyDown2
2024.06.17,2024.06.21,5410,weekly,weeklyDown3
2024.06.17,2024.06.21,5385,weekly,weeklyDown4
2024.06.17,2024.06.21,5358,weekly,weeklyDown5
2024.06.17,2024.06.21,5502,weekly_pivot_stacked_monday,weeklyPivot
2024.06.17,2024.06.21,5530,weekly_stacked_monday,weeklyUp1
2024.06.17,2024.06.21,5565,weekly_stacked_tuesday_wednesday,weeklyUp2
2024.06.17,2024.06.21,5595,weekly_stacked_friday_wednesday,weeklyUp3
2024.06.17,2024.06.21,5620,weekly,weeklyUp4
2024.06.17,2024.06.21,5655,weekly,weeklyUp5
2024.06.18,2024.06.18,5525,daily_tuesday,dailyDown1
2024.06.18,2024.06.18,5515,daily_tuesday,dailyDown2
2024.06.18,2024.06.18,5550,daily_tuesday_pivot,dailyPivot
2024.06.18,2024.06.18,5580,daily_tuesday,dailyUp2
2024.06.19,2024.06.19,5525,daily_wednesday,dailyDown1
2024.06.19,2024.06.19,5515,daily_wednesday,dailyDown2
2024.06.19,2024.06.19,5545,daily_wednesday_pivot,dailyPivot
2024.06.19,2024.06.19,5580,daily_wednesday,dailyUp2
2024.06.21,2024.06.21,5525,daily_friday,dailyDown1
2024.06.21,2024.06.21,5515,daily_friday,dailyDown2
2024.06.21,2024.06.21,5556,daily_friday_pivot,dailyPivot
2024.06.21,2024.06.21,5570,daily_friday,dailyUp1
2024.06.21,2024.06.21,5585,daily_friday,dailyUp2
2024.06.24,2024.06.24,5525,daily_monday,dailyDown1
2024.06.24,2024.06.24,5497,daily_monday,dailyDown3
2024.06.24,2024.06.24,5556,daily_monday,dailyUp1
2024.06.24,2024.06.28,5515,weekly_stacked_friday_monday_thursday_wednesday,weeklyDown1
2024.06.24,2024.06.28,5470,weekly,weeklyDown2
2024.06.24,2024.06.28,5440,weekly,weeklyDown3
2024.06.24,2024.06.28,5410,weekly,weeklyDown4
2024.06.24,2024.06.28,5385,weekly,weeklyDown5
2024.06.24,2024.06.28,5546,weekly_pivot_stacked_monday_tuesday_wednesday,weeklyPivot
2024.06.24,2024.06.28,5570,weekly_stacked_friday_monday_thursday_wednesday,weeklyUp1
2024.06.24,2024.06.28,5600,weekly,weeklyUp2
2024.06.24,2024.06.28,5630,weekly,weeklyUp3
2024.06.24,2024.06.28,5655,weekly,weeklyUp4
2024.06.24,2024.06.28,5685,weekly,weeklyUp5
2024.06.25,2024.06.25,5497,daily_tuesday,dailyDown1
2024.06.25,2024.06.25,5475,daily_tuesday,dailyDown2
2024.06.25,2024.06.25,5465,daily_tuesday,dailyDown3
2024.06.25,2024.06.25,5523,daily_tuesday_pivot,dailyPivot
2024.06.25,2024.06.25,5535,daily_tuesday,dailyUp1
2024.06.25,2024.06.25,5556,daily_tuesday,dailyUp3
2024.06.26,2024.06.26,5497,daily_wednesday,dailyDown2
2024.06.26,2024.06.26,5529,daily_wednesday_pivot,dailyPivot
2024.06.26,2024.06.26,5556,daily_wednesday,dailyUp2
2024.06.27,2024.06.27,5527,daily_thursday,dailyDown1
2024.06.27,2024.06.27,5497,daily_thursday,dailyDown3
2024.06.27,2024.06.27,5542,daily_thursday_pivot,dailyPivot
2024.06.27,2024.06.27,5556,daily_thursday,dailyUp1
2024.06.27,2024.06.27,5588,daily_thursday,dailyUp3
2024.06.28,2024.06.28,5525,daily_friday,dailyDown1
2024.06.28,2024.06.28,5497,daily_friday,dailyDown3
2024.06.28,2024.06.28,5552,daily_friday_pivot,dailyPivot
2024.06.28,2024.06.28,5588,daily_friday,dailyUp2
2024.07.01,2024.07.01,5511,daily_monday,dailyDown1
2024.07.01,2024.07.01,5528,daily_monday_pivot,dailyPivot
2024.07.01,2024.07.01,5548,daily_monday,dailyUp1
2024.07.01,2024.07.01,5558,daily_monday,dailyUp2
2024.07.01,2024.07.05,5490,weekly_stacked_monday_tuesday,weeklyDown1
2024.07.01,2024.07.05,5450,weekly,weeklyDown2
2024.07.01,2024.07.05,5425,weekly,weeklyDown3
2024.07.01,2024.07.05,5410,weekly,weeklyDown4
2024.07.01,2024.07.05,5385,weekly,weeklyDown5
2024.07.01,2024.07.05,5525,weekly_pivot,weeklyPivot
2024.07.01,2024.07.05,5555,weekly,weeklyUp1
2024.07.01,2024.07.05,5590,weekly,weeklyUp2
2024.07.01,2024.07.05,5615,weekly,weeklyUp3
2024.07.01,2024.07.05,5630,weekly,weeklyUp4
2024.07.01,2024.07.05,5655,weekly,weeklyUp5
2024.07.02,2024.07.02,5500,daily_tuesday,dailyDown1
2024.07.02,2024.07.02,5523,daily_tuesday_pivot,dailyPivot
2024.07.02,2024.07.02,5548,daily_tuesday,dailyUp1
2024.07.02,2024.07.02,5558,daily_tuesday,dailyUp2
2024.07.03,2024.07.03,5549,daily_wednesday,dailyDown1
2024.07.03,2024.07.03,5531,daily_wednesday,dailyDown2
2024.07.03,2024.07.03,5521,daily_wednesday,dailyDown3
2024.07.03,2024.07.03,5560,daily_wednesday_pivot,dailyPivot
2024.07.03,2024.07.03,5578,daily_wednesday,dailyUp1
2024.07.03,2024.07.03,5588,daily_wednesday,dailyUp2
2024.07.03,2024.07.03,5600,daily_wednesday,dailyUp3
2024.07.08,2024.07.08,5605,daily_monday,dailyDown1
2024.07.08,2024.07.08,5640,daily_monday,dailyUp1
2024.07.08,2024.07.08,5660,daily_monday,dailyUp2
2024.07.08,2024.07.12,5555,weekly,weeklyDown1
2024.07.08,2024.07.12,5525,weekly,weeklyDown2
2024.07.08,2024.07.12,5490,weekly,weeklyDown3
2024.07.08,2024.07.12,5455,weekly,weeklyDown4
2024.07.08,2024.07.12,5437,weekly,weeklyDown5
2024.07.08,2024.07.12,5585,weekly_pivot_stacked_monday_tuesday_wednesday,weeklyPivot
2024.07.08,2024.07.12,5621,weekly_stacked_monday_tuesday,weeklyUp1
2024.07.08,2024.07.12,5655,weekly,weeklyUp2
2024.07.08,2024.07.12,5685,weekly_stacked_friday,weeklyUp3
2024.07.08,2024.07.12,5715,weekly_stacked_thursday,weeklyUp4
2024.07.08,2024.07.12,5745,weekly,weeklyUp5
2024.07.09,2024.07.09,5605,daily_tuesday,dailyDown1
2024.07.09,2024.07.09,5640,daily_tuesday,dailyUp1
2024.07.09,2024.07.09,5660,daily_tuesday,dailyUp2
2024.07.10,2024.07.10,5613,daily_wednesday,dailyDown1
2024.07.10,2024.07.10,5605,daily_wednesday,dailyDown2
2024.07.10,2024.07.10,5628,daily_wednesday_pivot,dailyPivot
2024.07.10,2024.07.10,5643,daily_wednesday,dailyUp1
2024.07.10,2024.07.10,5660,daily_wednesday,dailyUp2
2024.07.11,2024.07.11,5660,daily_thursday,dailyDown1
2024.07.11,2024.07.11,5645,daily_thursday,dailyDown2
2024.07.11,2024.07.11,5676,daily_thursday_pivot,dailyPivot
2024.07.11,2024.07.11,5705,daily_thursday,dailyUp1
2024.07.11,2024.07.11,5730,daily_thursday,dailyUp3
2024.07.12,2024.07.12,5630,daily_friday,dailyDown1
2024.07.12,2024.07.12,5605,daily_friday,dailyDown2
2024.07.12,2024.07.12,5313,daily_friday,dailyDown3
2024.07.12,2024.07.12,5648,daily_friday_pivot,dailyPivot
2024.07.12,2024.07.12,5665,daily_friday,dailyUp1
2024.07.15,2024.07.15,5630,daily_monday,dailyDown2
2024.07.15,2024.07.15,5674,daily_monday_pivot,dailyPivot
2024.07.15,2024.07.15,5698,daily_monday,dailyUp2
2024.07.15,2024.07.19,5615,weekly_stacked_friday_thursday,weeklyDown1
2024.07.15,2024.07.19,5585,weekly_stacked_friday,weeklyDown2
2024.07.15,2024.07.19,5560,weekly_stacked_friday,weeklyDown3
2024.07.15,2024.07.19,5530,weekly,weeklyDown4
2024.07.15,2024.07.19,5490,weekly,weeklyDown5
2024.07.15,2024.07.19,5648,weekly_pivot_stacked_monday,weeklyPivot
2024.07.15,2024.07.19,5688,weekly_stacked_monday,weeklyUp1
2024.07.15,2024.07.19,5715,weekly_stacked_tuesday,weeklyUp2
2024.07.15,2024.07.19,5745,weekly,weeklyUp3
2024.07.15,2024.07.19,5770,weekly,weeklyUp4
2024.07.15,2024.07.19,5800,weekly,weeklyUp5
2024.07.16,2024.07.16,5666,daily_tuesday,dailyDown1
2024.07.16,2024.07.16,5643,daily_tuesday,dailyDown2
2024.07.16,2024.07.16,5676,daily_tuesday_pivot,dailyPivot
2024.07.16,2024.07.16,5700,daily_tuesday,dailyUp1
2024.07.16,2024.07.16,5730,daily_tuesday,dailyUp3
2024.07.17,2024.07.17,5700,daily_wednesday,dailyDown1
2024.07.17,2024.07.17,5676,daily_wednesday,dailyDown2
2024.07.17,2024.07.17,5666,daily_wednesday,dailyDown3
2024.07.17,2024.07.17,5716,daily_wednesday_pivot,dailyPivot
2024.07.17,2024.07.17,5731,daily_wednesday,dailyUp1
2024.07.17,2024.07.17,5747,daily_wednesday,dailyUp2
2024.07.17,2024.07.17,5760,daily_wednesday,dailyUp3
2024.07.18,2024.07.18,5630,daily_thursday,dailyDown1
2024.07.18,2024.07.18,5605,daily_thursday,dailyDown3
2024.07.18,2024.07.18,5652,daily_thursday_pivot,dailyPivot
2024.07.18,2024.07.18,5666,daily_thursday,dailyUp1
2024.07.18,2024.07.18,5676,daily_thursday,dailyUp2
2024.07.19,2024.07.19,5550,daily_friday,dailyDown3
2024.07.19,2024.07.19,5633,daily_friday,dailyUp1
2024.07.19,2024.07.19,5643,daily_friday,dailyUp2
2024.07.22,2024.07.22,5505,daily_monday,dailyDown2
2024.07.22,2024.07.22,5575,daily_monday_pivot,dailyPivot
2024.07.22,2024.07.22,5603,daily_monday,dailyUp2
2024.07.22,2024.07.26,5530,weekly_stacked_monday_thursday,weeklyDown1
2024.07.22,2024.07.26,5490,weekly_stacked_friday_thursday,weeklyDown2
2024.07.22,2024.07.26,5460,weekly,weeklyDown3
2024.07.22,2024.07.26,5430,weekly_stacked_friday_thursday,weeklyDown4
2024.07.22,2024.07.26,5410,weekly_stacked_friday,weeklyDown5
2024.07.22,2024.07.26,5585,weekly_pivot_stacked_monday_tuesday_wednesday,weeklyPivot
2024.07.22,2024.07.26,5615,weekly_stacked_tuesday,weeklyUp1
2024.07.22,2024.07.26,5645,weekly,weeklyUp2
2024.07.22,2024.07.26,5675,weekly,weeklyUp3
2024.07.22,2024.07.26,5690,weekly,weeklyUp4
2024.07.22,2024.07.26,5715,weekly,weeklyUp5
2024.07.23,2024.07.23,5575,daily_tuesday,dailyDown2
2024.07.23,2024.07.23,5554,daily_tuesday,dailyDown3
2024.07.23,2024.07.23,5638,daily_tuesday,dailyUp1
2024.07.23,2024.07.23,5648,daily_tuesday,dailyUp2
2024.07.24,2024.07.24,5575,daily_wednesday,dailyDown2
2024.07.24,2024.07.24,5554,daily_wednesday,dailyDown3
2024.07.24,2024.07.24,5604,daily_wednesday_pivot,dailyPivot
2024.07.24,2024.07.24,5617,daily_wednesday,dailyUp1
2024.07.24,2024.07.24,5638,daily_wednesday,dailyUp2
2024.07.24,2024.07.24,5648,daily_wednesday,dailyUp3
2024.07.25,2024.07.25,5450,daily_thursday,dailyDown1
2024.07.25,2024.07.25,5474,daily_thursday_pivot,dailyPivot
2024.07.25,2024.07.25,5509,daily_thursday,dailyUp2
2024.07.26,2024.07.26,5385,daily_friday,dailyDown3
2024.07.26,2024.07.26,5462,daily_friday_pivot,dailyPivot
2024.07.26,2024.07.26,5500,daily_friday,dailyUp2
2024.07.29,2024.07.29,5455,daily_monday,dailyDown2
2024.07.29,2024.07.29,5511,daily_monday_pivot,dailyPivot
2024.07.29,2024.07.29,5549,daily_monday,dailyUp2
2024.07.29,2024.08.02,5474,weekly_stacked_monday_tuesday,weeklyDown1
2024.07.29,2024.08.02,5435,weekly_stacked_friday_wednesday,weeklyDown2
2024.07.29,2024.08.02,5400,weekly,weeklyDown3
2024.07.29,2024.08.02,5370,weekly,weeklyDown4
2024.07.29,2024.08.02,5350,weekly,weeklyDown5
2024.07.29,2024.08.02,5530,weekly_pivot_stacked_friday_monday_thursday_tuesday_wednesday,weeklyPivot
2024.07.29,2024.08.02,5575,weekly,weeklyUp1
2024.07.29,2024.08.02,5595,weekly,weeklyUp2
2024.07.29,2024.08.02,5625,weekly,weeklyUp3
2024.07.29,2024.08.02,5642,weekly,weeklyUp4
2024.07.29,2024.08.02,5666,weekly,weeklyUp5
2024.07.30,2024.07.30,5455,daily_tuesday,dailyDown2
2024.07.30,2024.07.30,5496,daily_tuesday_pivot,dailyPivot
2024.07.30,2024.07.30,5520,daily_tuesday,dailyUp1
2024.07.30,2024.07.30,5549,daily_tuesday,dailyUp3
2024.07.31,2024.07.31,5445,daily_wednesday,dailyDown1
2024.07.31,2024.07.31,5410,daily_wednesday,dailyDown3
2024.07.31,2024.07.31,5480,daily_wednesday_pivot,dailyPivot
2024.07.31,2024.07.31,5502,daily_wednesday,dailyUp1
2024.07.31,2024.07.31,5520,daily_wednesday,dailyUp2
2024.08.01,2024.08.01,5520,daily_thursday,dailyDown2
2024.08.01,2024.08.01,5505,daily_thursday,dailyDown3
2024.08.01,2024.08.01,5549,daily_thursday_pivot,dailyPivot
2024.08.01,2024.08.01,5581,daily_thursday,dailyUp1
2024.08.01,2024.08.01,5594,daily_thursday,dailyUp2
2024.08.01,2024.08.01,5611,daily_thursday,dailyUp3
2024.08.02,2024.08.02,5445,daily_friday,dailyDown1
2024.08.02,2024.08.02,5410,daily_friday,dailyDown3
2024.08.02,2024.08.02,5480,daily_friday_pivot,dailyPivot
2024.08.02,2024.08.02,5505,daily_friday,dailyUp1
2024.08.02,2024.08.02,5520,daily_friday,dailyUp2
2024.08.05,2024.08.05,5346,daily_monday,dailyDown1
2024.08.05,2024.08.05,5313,daily_monday,dailyDown3
2024.08.05,2024.08.05,5410,daily_monday,dailyUp1
2024.08.05,2024.08.09,5323,weekly_stacked_monday_wednesday,weeklyDown1
2024.08.05,2024.08.09,5285,weekly_stacked_friday_thursday_tuesday_wednesday,weeklyDown2
2024.08.05,2024.08.09,5245,weekly_stacked_tuesday_wednesday,weeklyDown3
2024.08.05,2024.08.09,5215,weekly_stacked_thursday_tuesday_wednesday,weeklyDown4
2024.08.05,2024.08.09,5166,weekly,weeklyDown5
2024.08.05,2024.08.09,5382,weekly_pivot_stacked_friday_monday,weeklyPivot
2024.08.05,2024.08.09,5435,weekly_stacked_monday,weeklyUp1
2024.08.05,2024.08.09,5445,weekly_stacked_monday,weeklyUp2
2024.08.05,2024.08.09,5500,weekly,weeklyUp3
2024.08.05,2024.08.09,5530,weekly,weeklyUp4
2024.08.05,2024.08.09,5576,weekly,weeklyUp5
2024.08.06,2024.08.06,5189,daily_tuesday,dailyDown1
2024.08.06,2024.08.06,5149,daily_tuesday,dailyDown2
2024.08.06,2024.08.06,5255,daily_tuesday,dailyUp2
2024.08.07,2024.08.07,5189,daily_wednesday,dailyDown2
2024.08.07,2024.08.07,5305,daily_wednesday,dailyUp2
2024.08.07,2024.08.07,5333,daily_wednesday,dailyUp4
2024.08.08,2024.08.08,5189,daily_thursday,dailyDown2
2024.08.08,2024.08.08,5149,daily_thursday,dailyDown3
2024.08.08,2024.08.08,5231,daily_thursday_pivot,dailyPivot
2024.08.08,2024.08.08,5265,daily_thursday,dailyUp1
2024.08.08,2024.08.08,5301,daily_thursday,dailyUp3
2024.08.09,2024.08.09,5308,daily_friday,dailyDown1
2024.08.09,2024.08.09,5275,daily_friday,dailyDown3
2024.08.09,2024.08.09,5331,daily_friday_pivot,dailyPivot
2024.08.09,2024.08.09,5356,daily_friday,dailyUp1
2024.08.09,2024.08.09,5415,daily_friday,dailyUp3
2024.08.12,2024.08.12,5308,daily_monday,dailyDown2
2024.08.12,2024.08.12,5356,daily_monday_pivot,dailyPivot
2024.08.12,2024.08.12,5415,daily_monday,dailyUp2
2024.08.12,2024.08.16,5331,weekly_stacked_monday_tuesday,weeklyDown1
2024.08.12,2024.08.16,5285,weekly_stacked_tuesday,weeklyDown2
2024.08.12,2024.08.16,5230,weekly,weeklyDown3
2024.08.12,2024.08.16,5200,weekly,weeklyDown4
2024.08.12,2024.08.16,5149,weekly,weeklyDown5
2024.08.12,2024.08.16,5127,weekly,weeklyDown6
2024.08.12,2024.08.16,5385,weekly_pivot_stacked_monday_tuesday,weeklyPivot
2024.08.12,2024.08.16,5435,weekly_stacked_thursday_tuesday_wednesday,weeklyUp1
2024.08.12,2024.08.16,5445,weekly_stacked_tuesday,weeklyUp2
2024.08.12,2024.08.16,5500,weekly,weeklyUp3
2024.08.12,2024.08.16,5530,weekly_stacked_friday_thursday_wednesday,weeklyUp4
2024.08.12,2024.08.16,5576,weekly_stacked_friday,weeklyUp5
2024.08.12,2024.08.16,5611,weekly_stacked_friday,weeklyUp6
2024.08.13,2024.08.13,5308,daily_tuesday,dailyDown2
2024.08.13,2024.08.13,5275,daily_tuesday,dailyDown4
2024.08.13,2024.08.13,5356,daily_tuesday_pivot,dailyPivot
2024.08.13,2024.08.13,5415,daily_tuesday,dailyUp2
2024.08.14,2024.08.14,5413,daily_wednesday,dailyDown2
2024.08.14,2024.08.14,5397,daily_wednesday,dailyDown3
2024.08.14,2024.08.14,5387,daily_wednesday,dailyDown4
2024.08.14,2024.08.14,5456,daily_wednesday_pivot,dailyPivot
2024.08.14,2024.08.14,5480,daily_wednesday,dailyUp1
2024.08.14,2024.08.14,5505,daily_wednesday,dailyUp2
2024.08.14,2024.08.14,5515,daily_wednesday,dailyUp3
2024.08.15,2024.08.15,5456,daily_thursday,dailyDown1
2024.08.15,2024.08.15,5482,daily_thursday_pivot,dailyPivot
2024.08.15,2024.08.15,5505,daily_thursday,dailyUp1
2024.08.15,2024.08.15,5515,daily_thursday,dailyUp2
2024.08.16,2024.08.16,5520,daily_friday,dailyDown2
2024.08.16,2024.08.16,5552,daily_friday_pivot,dailyPivot
2024.08.16,2024.08.16,5601,daily_friday,dailyUp2
2024.08.19,2024.08.19,5552,daily_monday,dailyDown1
2024.08.19,2024.08.19,5520,daily_monday,dailyDown3
2024.08.19,2024.08.19,5601,daily_monday,dailyUp1
2024.08.19,2024.08.19,5625,daily_monday,dailyUp3
2024.08.19,2024.08.23,5530,weekly_stacked_friday_monday,weeklyDown1
2024.08.19,2024.08.23,5480,weekly,weeklyDown2
2024.08.19,2024.08.23,5455,weekly,weeklyDown3
2024.08.19,2024.08.23,5432,weekly,weeklyDown4
2024.08.19,2024.08.23,5396,weekly,weeklyDown5
2024.08.19,2024.08.23,5387,weekly,weeklyDown6
2024.08.19,2024.08.23,5572,weekly_pivot_stacked_friday_monday,weeklyPivot
2024.08.19,2024.08.23,5611,weekly_stacked_monday,weeklyUp1
2024.08.19,2024.08.23,5643,weekly_stacked_friday_thursday_tuesday,weeklyUp2
2024.08.19,2024.08.23,5675,weekly,weeklyUp3
2024.08.19,2024.08.23,5700,weekly,weeklyUp4
2024.08.19,2024.08.23,5721,weekly,weeklyUp5
2024.08.19,2024.08.23,5750,weekly,weeklyUp6
2024.08.20,2024.08.20,5602,daily_tuesday,dailyDown1
2024.08.20,2024.08.20,5586,daily_tuesday,dailyDown2
2024.08.20,2024.08.20,5620,daily_tuesday_pivot,dailyPivot
2024.08.20,2024.08.20,5666,daily_tuesday,dailyUp2
2024.08.20,2024.08.20,5676,daily_tuesday,dailyUp3
2024.08.21,2024.08.21,5602,daily_wednesday,dailyDown1
2024.08.21,2024.08.21,5586,daily_wednesday,dailyDown2
2024.08.21,2024.08.21,5631,daily_wednesday_pivot,dailyPivot
2024.08.21,2024.08.21,5644,daily_wednesday,dailyUp1
2024.08.21,2024.08.21,5666,daily_wednesday,dailyUp2
2024.08.21,2024.08.21,5676,daily_wednesday,dailyUp3
2024.08.22,2024.08.22,5620,daily_thursday,dailyDown1
2024.08.22,2024.08.22,5602,daily_thursday,dailyDown2
2024.08.22,2024.08.22,5666,daily_thursday,dailyUp1
2024.08.22,2024.08.22,5676,daily_thursday,dailyUp2
2024.08.22,2024.08.22,5690,daily_thursday,dailyUp3
2024.08.23,2024.08.23,5552,daily_friday,dailyDown2
2024.08.23,2024.08.23,5586,daily_friday_pivot,dailyPivot
2024.08.23,2024.08.23,5605,daily_friday,dailyUp1
2024.08.23,2024.08.23,5633,daily_friday,dailyUp2
2024.08.26,2024.08.26,5633,daily_monday,dailyDown1
2024.08.26,2024.08.26,5610,daily_monday,dailyDown2
2024.08.26,2024.08.26,5676,daily_monday,dailyUp1
2024.08.26,2024.08.26,5700,daily_monday,dailyUp3
2024.08.26,2024.08.30,5614,weekly,weeklyDown1
2024.08.26,2024.08.30,5586,weekly_stacked_friday_thursday_tuesday_wednesday,weeklyDown2
2024.08.26,2024.08.30,5555,weekly,weeklyDown3
2024.08.26,2024.08.30,5530,weekly,weeklyDown4
2024.08.26,2024.08.30,5487,weekly,weeklyDown5
2024.08.26,2024.08.30,5455,weekly,weeklyDown6
2024.08.26,2024.08.30,5654,weekly_pivot_stacked_monday,weeklyPivot
2024.08.26,2024.08.30,5690,weekly_stacked_monday,weeklyUp1
2024.08.26,2024.08.30,5721,weekly,weeklyUp2
2024.08.26,2024.08.30,5745,weekly,weeklyUp3
2024.08.26,2024.08.30,5770,weekly,weeklyUp4
2024.08.26,2024.08.30,5800,weekly,weeklyUp5
2024.08.26,2024.08.30,5830,weekly,weeklyUp6
2024.08.27,2024.08.27,5613,daily_tuesday,dailyDown1
2024.08.27,2024.08.27,5646,daily_tuesday_pivot,dailyPivot
2024.08.27,2024.08.27,5661,daily_tuesday,dailyUp1
2024.08.27,2024.08.27,5676,daily_tuesday,dailyUp2
2024.08.28,2024.08.28,5613,daily_wednesday,dailyDown1
2024.08.28,2024.08.28,5646,daily_wednesday_pivot,dailyPivot
2024.08.28,2024.08.28,5661,daily_wednesday,dailyUp1
2024.08.28,2024.08.28,5676,daily_wednesday,dailyUp2
2024.08.29,2024.08.29,5572,daily_thursday,dailyDown1
2024.08.29,2024.08.29,5552,daily_thursday,dailyDown2
2024.08.29,2024.08.29,5613,daily_thursday,dailyUp1
2024.08.29,2024.08.29,5646,daily_thursday,dailyUp2
2024.08.30,2024.08.30,5572,daily_friday,dailyDown2
2024.08.30,2024.08.30,5610,daily_friday_pivot,dailyPivot
2024.08.30,2024.08.30,5646,daily_friday,dailyUp1
2024.08.30,2024.08.30,5656,daily_friday,dailyUp2
2024.09.02,2024.09.02,5620,daily_monday,dailyDown1
2024.09.02,2024.09.02,5610,daily_monday,dailyDown2
2024.09.02,2024.09.02,5676,daily_monday,dailyUp1
2024.09.02,2024.09.02,5700,daily_monday,dailyUp3
2024.09.02,2024.09.06,5612,weekly,weeklyDown1
2024.09.02,2024.09.06,5586,weekly,weeklyDown2
2024.09.02,2024.09.06,5555,weekly,weeklyDown3
2024.09.02,2024.09.06,5530,weekly_stacked_friday_thursday_wednesday,weeklyDown4
2024.09.02,2024.09.06,5487,weekly_stacked_friday_thursday_wednesday,weeklyDown5
2024.09.02,2024.09.06,5455,weekly,weeklyDown6
2024.09.02,2024.09.06,5646,weekly_pivot_stacked_monday,weeklyPivot
2024.09.02,2024.09.06,5690,weekly_stacked_monday,weeklyUp1
2024.09.02,2024.09.06,5721,weekly,weeklyUp2
2024.09.02,2024.09.06,5745,weekly,weeklyUp3
2024.09.02,2024.09.06,5770,weekly,weeklyUp4
2024.09.02,2024.09.06,5800,weekly,weeklyUp5
2024.09.02,2024.09.06,5830,weekly,weeklyUp6
2024.09.04,2024.09.04,5517,daily_wednesday,dailyDown2
2024.09.04,2024.09.04,5545,daily_wednesday_pivot,dailyPivot
2024.09.04,2024.09.04,5569,daily_wednesday,dailyUp1
2024.09.04,2024.09.04,5579,daily_wednesday,dailyUp2
2024.09.04,2024.09.04,5593,daily_wednesday,dailyUp3
2024.09.05,2024.09.05,5517,daily_thursday,dailyDown2
2024.09.05,2024.09.05,5545,daily_thursday_pivot,dailyPivot
2024.09.05,2024.09.05,5569,daily_thursday,dailyUp1
2024.09.05,2024.09.05,5579,daily_thursday,dailyUp2
2024.09.05,2024.09.05,5593,daily_thursday,dailyUp3
2024.09.06,2024.09.06,5468,daily_friday,dailyDown2
2024.09.06,2024.09.06,5456,daily_friday,dailyDown3
2024.09.06,2024.09.06,5540,daily_friday,dailyUp1
2024.09.06,2024.09.06,5569,daily_friday,dailyUp2
2024.09.06,2024.09.06,5579,daily_friday,dailyUp3
2024.09.09,2024.09.09,5367,daily_monday,dailyDown2
2024.09.09,2024.09.09,5412,daily_monday_pivot,dailyPivot
2024.09.09,2024.09.09,5472,daily_monday,dailyUp2
2024.09.09,2024.09.09,5482,daily_monday,dailyUp3
2024.09.09,2024.09.13,5396,weekly_stacked_monday,weeklyDown1
2024.09.09,2024.09.13,5345,weekly,weeklyDown2
2024.09.09,2024.09.13,5290,weekly,weeklyDown3
2024.09.09,2024.09.13,5260,weekly,weeklyDown4
2024.09.09,2024.09.13,5230,weekly,weeklyDown5
2024.09.09,2024.09.13,5200,weekly,weeklyDown6
2024.09.09,2024.09.13,5435,weekly_pivot_stacked_monday_tuesday_wednesday,weeklyPivot
2024.09.09,2024.09.13,5480,weekly_stacked_wednesday,weeklyUp1
2024.09.09,2024.09.13,5530,weekly_stacked_thursday_tuesday_wednesday,weeklyUp2
2024.09.09,2024.09.13,5550,weekly_stacked_wednesday,weeklyUp3
2024.09.09,2024.09.13,5580,weekly_stacked_friday_thursday,weeklyUp4
2024.09.09,2024.09.13,5612,weekly,weeklyUp5
2024.09.09,2024.09.13,5646,weekly_stacked_friday,weeklyUp6
2024.09.10,2024.09.10,5412,daily_tuesday,dailyDown2
2024.09.10,2024.09.10,5462,daily_tuesday_pivot,dailyPivot
2024.09.10,2024.09.10,5490,daily_tuesday,dailyUp1
2024.09.10,2024.09.10,5500,daily_tuesday,dailyUp2
2024.09.11,2024.09.11,5456,daily_wednesday,dailyDown2
2024.09.11,2024.09.11,5502,daily_wednesday_pivot,dailyPivot
2024.09.12,2024.09.12,5506,daily_thursday,dailyDown2
2024.09.12,2024.09.12,5548,daily_thursday_pivot,dailyPivot
2024.09.12,2024.09.12,5603,daily_thursday,dailyUp2
2024.09.13,2024.09.13,5548,daily_friday,dailyDown2
2024.09.13,2024.09.13,5607,daily_friday_pivot,dailyPivot
2024.09.13,2024.09.13,5626,daily_friday,dailyUp1
2024.09.16,2024.09.16,5642,daily_monday,dailyDown2
2024.09.16,2024.09.20,5665,weekly_stacked_monday_tuesday_wednesday,weeklyDown1
2024.09.16,2024.09.20,5629,weekly_stacked_thursday_wednesday,weeklyDown2
2024.09.16,2024.09.20,5585,weekly,weeklyDown3
2024.09.16,2024.09.20,5560,weekly,weeklyDown4
2024.09.16,2024.09.20,5530,weekly,weeklyDown5
2024.09.16,2024.09.20,5506,weekly,weeklyDown6
2024.09.16,2024.09.20,5691,weekly_pivot_stacked_monday,weeklyPivot
2024.09.16,2024.09.20,5721,weekly_stacked_friday_monday_thursday_tuesday_wednesday,weeklyUp1
2024.09.16,2024.09.20,5735,weekly_stacked_monday_tuesday,weeklyUp2
2024.09.16,2024.09.20,5795,weekly,weeklyUp3
2024.09.16,2024.09.20,5820,weekly_stacked_friday,weeklyUp4
2024.09.16,2024.09.20,5840,weekly,weeklyUp5
2024.09.16,2024.09.20,5865,weekly,weeklyUp6
2024.09.17,2024.09.17,5685,daily_tuesday,dailyDown1
2024.09.17,2024.09.17,5642,daily_tuesday,dailyDown3
2024.09.17,2024.09.17,5701,daily_tuesday_pivot,dailyPivot
2024.09.18,2024.09.18,5685,daily_wednesday,dailyDown1
2024.09.18,2024.09.18,5642,daily_wednesday,dailyDown3
2024.09.18,2024.09.18,5701,daily_wednesday_pivot,dailyPivot
2024.09.18,2024.09.18,5737,daily_wednesday,dailyUp2
2024.09.18,2024.09.18,5755,daily_wednesday,dailyUp3
2024.09.19,2024.09.19,5669,daily_thursday,dailyDown1
2024.09.19,2024.09.19,5642,daily_thursday,dailyDown2
2024.09.19,2024.09.19,5682,daily_thursday_pivot,dailyPivot
2024.09.19,2024.09.19,5701,daily_thursday,dailyUp1
2024.09.19,2024.09.19,5731,daily_thursday,dailyUp3
2024.09.20,2024.09.20,5756,daily_friday,dailyDown1
2024.09.20,2024.09.20,5731,daily_friday,dailyDown2
2024.09.20,2024.09.20,5785,daily_friday_pivot,dailyPivot
2024.09.20,2024.09.20,5797,daily_friday,dailyUp1
2024.09.23,2024.09.23,5740,daily_monday,dailyDown1
2024.09.23,2024.09.23,5721,daily_monday,dailyDown2
2024.09.23,2024.09.23,5769,daily_monday_pivot,dailyPivot
2024.09.23,2024.09.23,5785,daily_monday,dailyUp1
2024.09.23,2024.09.27,5698,weekly,weeklyDown1
2024.09.23,2024.09.27,5665,weekly,weeklyDown2
2024.09.23,2024.09.27,5640,weekly,weeklyDown3
2024.09.23,2024.09.27,5585,weekly,weeklyDown4
2024.09.23,2024.09.27,5560,weekly,weeklyDown5
2024.09.23,2024.09.27,5529,weekly,weeklyDown6
2024.09.23,2024.09.27,5730,weekly_pivot,weeklyPivot
2024.09.23,2024.09.27,5797,weekly_stacked_monday_tuesday_wednesday,weeklyUp1
2024.09.23,2024.09.27,5820,weekly_stacked_thursday_tuesday_wednesday,weeklyUp2
2024.09.23,2024.09.27,5860,weekly,weeklyUp3
2024.09.23,2024.09.27,5885,weekly,weeklyUp4
2024.09.23,2024.09.27,5910,weekly,weeklyUp5
2024.09.23,2024.09.27,5939,weekly,weeklyUp6
2024.09.24,2024.09.24,5754,daily_tuesday,dailyDown1
2024.09.24,2024.09.24,5740,daily_tuesday,dailyDown2
2024.09.24,2024.09.24,5721,daily_tuesday,dailyDown3
2024.09.24,2024.09.24,5781,daily_tuesday_pivot,dailyPivot
2024.09.25,2024.09.25,5774,daily_wednesday,dailyDown1
2024.09.25,2024.09.25,5750,daily_wednesday,dailyDown2
2024.09.25,2024.09.25,5740,daily_wednesday,dailyDown3
2024.09.25,2024.09.25,5841,daily_wednesday,dailyUp2
2024.09.26,2024.09.26,5750,daily_thursday,dailyDown1
2024.09.26,2024.09.26,5740,daily_thursday,dailyDown2
2024.09.26,2024.09.26,5783,daily_thursday_pivot,dailyPivot
2024.09.26,2024.09.26,5798,daily_thursday,dailyUp1
2024.09.27,2024.09.27,5789,daily_friday,dailyDown1
2024.09.27,2024.09.27,5763,daily_friday,dailyDown2
2024.09.27,2024.09.27,5808,daily_friday_pivot,dailyPivot
2024.09.27,2024.09.27,5824,daily_friday,dailyUp1
2024.09.27,2024.09.27,5841,daily_friday,dailyUp2
2024.09.30,2024.09.30,5763,daily_monday,dailyDown1
2024.09.30,2024.09.30,5805,daily_monday,dailyUp1
2024.09.30,2024.09.30,5840,daily_monday,dailyUp3
2024.09.30,2024.10.04,5740,weekly_stacked_monday_thursday_wednesday,weeklyDown1
2024.09.30,2024.10.04,5700,weekly,weeklyDown2
2024.09.30,2024.10.04,5675,weekly,weeklyDown3
2024.09.30,2024.10.04,5585,weekly,weeklyDown4
2024.09.30,2024.10.04,5529,weekly,weeklyDown5
2024.09.30,2024.10.04,5782,weekly_pivot_stacked_monday,weeklyPivot
2024.09.30,2024.10.04,5830,weekly_stacked_monday_tuesday,weeklyUp1
2024.09.30,2024.10.04,5885,weekly,weeklyUp2
2024.09.30,2024.10.04,5910,weekly,weeklyUp3
2024.09.30,2024.10.04,5939,weekly,weeklyUp4
2024.09.30,2024.10.04,5965,weekly,weeklyUp5
2024.10.01,2024.10.01,5789,daily_tuesday,dailyDown1
2024.10.01,2024.10.01,5763,daily_tuesday,dailyDown2
2024.10.01,2024.10.01,5799,daily_tuesday_pivot,dailyPivot
2024.10.01,2024.10.01,5840,daily_tuesday,dailyUp2
2024.10.01,2024.10.01,5863,daily_tuesday,dailyUp3
2024.10.02,2024.10.02,5721,daily_wednesday,dailyDown2
2024.10.02,2024.10.02,5772,daily_wednesday_pivot,dailyPivot
2024.10.02,2024.10.02,5799,daily_wednesday,dailyUp1
2024.10.02,2024.10.02,5809,daily_wednesday,dailyUp2
2024.10.03,2024.10.03,5721,daily_thursday,dailyDown2
2024.10.03,2024.10.03,5772,daily_thursday_pivot,dailyPivot
2024.10.03,2024.10.03,5799,daily_thursday,dailyUp1
2024.10.03,2024.10.03,5809,daily_thursday,dailyUp2
2024.10.04,2024.10.04,5731,daily_friday,dailyDown1
2024.10.04,2024.10.04,5721,daily_friday,dailyDown2
2024.10.04,2024.10.04,5698,daily_friday,dailyDown3
2024.10.04,2024.10.04,5772,daily_friday_pivot,dailyPivot
2024.10.04,2024.10.04,5799,daily_friday,dailyUp1
2024.10.04,2024.10.04,5809,daily_friday,dailyUp2
2024.10.07,2024.10.07,5772,daily_monday,dailyDown1
2024.10.07,2024.10.07,5753,daily_monday,dailyDown2
2024.10.07,2024.10.07,5827,daily_monday,dailyUp1
2024.10.07,2024.10.07,5848,daily_monday,dailyUp3
2024.10.07,2024.10.11,5738,weekly,weeklyDown1
2024.10.07,2024.10.11,5700,weekly,weeklyDown2
2024.10.07,2024.10.11,5675,weekly,weeklyDown3
2024.10.07,2024.10.11,5629,weekly,weeklyDown4
2024.10.07,2024.10.11,5585,weekly,weeklyDown5
2024.10.07,2024.10.11,5798,weekly_pivot_stacked_monday_tuesday,weeklyPivot
2024.10.07,2024.10.11,5830,weekly_stacked_monday_wednesday,weeklyUp1
2024.10.07,2024.10.11,5878,weekly_stacked_friday_thursday,weeklyUp2
2024.10.07,2024.10.11,5910,weekly,weeklyUp3
2024.10.07,2024.10.11,5935,weekly,weeklyUp4
2024.10.07,2024.10.11,5965,weekly,weeklyUp5
2024.10.08,2024.10.08,5734,daily_tuesday,dailyDown1
2024.10.08,2024.10.08,5724,daily_tuesday,dailyDown2
2024.10.08,2024.10.08,5698,daily_tuesday,dailyDown3
2024.10.08,2024.10.08,5755,daily_tuesday_pivot,dailyPivot
2024.10.08,2024.10.08,5767,daily_tuesday,dailyUp1
2024.10.08,2024.10.08,5785,daily_tuesday,dailyUp2
2024.10.09,2024.10.09,5775,daily_wednesday,dailyDown1
2024.10.09,2024.10.09,5755,daily_wednesday,dailyDown2
2024.10.09,2024.10.09,5734,daily_wednesday,dailyDown3
2024.10.09,2024.10.09,5800,daily_wednesday_pivot,dailyPivot
2024.10.09,2024.10.09,5827,daily_wednesday,dailyUp1
2024.10.09,2024.10.09,5848,daily_wednesday,dailyUp3
2024.10.09,2024.10.09,5863,daily_wednesday,dailyUp4
2024.10.10,2024.10.10,5820,daily_thursday,dailyDown1
2024.10.10,2024.10.10,5800,daily_thursday,dailyDown2
2024.10.10,2024.10.10,5785,daily_thursday,dailyDown3
2024.10.10,2024.10.10,5840,daily_thursday_pivot,dailyPivot
2024.10.10,2024.10.10,5863,daily_thursday,dailyUp1
2024.10.11,2024.10.11,5820,daily_friday,dailyDown1
2024.10.11,2024.10.11,5800,daily_friday,dailyDown2
2024.10.11,2024.10.11,5785,daily_friday,dailyDown3
2024.10.11,2024.10.11,5840,daily_friday_pivot,dailyPivot
2024.10.11,2024.10.11,5863,daily_friday,dailyUp1
2024.10.14,2024.10.14,5800,daily_monday,dailyDown2
2024.10.14,2024.10.14,5846,daily_monday_pivot,dailyPivot
2024.10.14,2024.10.14,5868,daily_monday,dailyUp1
2024.10.14,2024.10.14,5910,daily_monday,dailyUp3
2024.10.14,2024.10.18,5785,weekly,weeklyDown1
2024.10.14,2024.10.18,5730,weekly,weeklyDown2
2024.10.14,2024.10.18,5700,weekly,weeklyDown3
2024.10.14,2024.10.18,5665,weekly,weeklyDown4
2024.10.14,2024.10.18,5629,weekly,weeklyDown5
2024.10.14,2024.10.18,5827,weekly_pivot_stacked_monday_wednesday,weeklyPivot
2024.10.14,2024.10.18,5878,weekly_stacked_monday_tuesday,weeklyUp1
2024.10.14,2024.10.18,5930,weekly_stacked_friday_thursday_tuesday,weeklyUp2
2024.10.14,2024.10.18,5970,weekly,weeklyUp3
2024.10.14,2024.10.18,6000,weekly,weeklyUp4
2024.10.14,2024.10.18,6030,weekly,weeklyUp5
2024.10.15,2024.10.15,5896,daily_tuesday,dailyDown1
2024.10.15,2024.10.15,5868,daily_tuesday,dailyDown3
2024.10.15,2024.10.15,5912,daily_tuesday_pivot,dailyPivot
2024.10.15,2024.10.15,5950,daily_tuesday,dailyUp2
2024.10.15,2024.10.15,5960,daily_tuesday,dailyUp3
2024.10.16,2024.10.16,5846,daily_wednesday,dailyDown1
2024.10.16,2024.10.16,5800,daily_wednesday,dailyDown3
2024.10.16,2024.10.16,5868,daily_wednesday_pivot,dailyPivot
2024.10.16,2024.10.16,5891,daily_wednesday,dailyUp1
2024.10.16,2024.10.16,5912,daily_wednesday,dailyUp2
2024.10.17,2024.10.17,5868,daily_thursday,dailyDown1
2024.10.17,2024.10.17,5846,daily_thursday,dailyDown2
2024.10.17,2024.10.17,5891,daily_thursday_pivot,dailyPivot
2024.10.17,2024.10.17,5912,daily_thursday,dailyUp1
2024.10.18,2024.10.18,5868,daily_friday,dailyDown1
2024.10.18,2024.10.18,5846,daily_friday,dailyDown2
2024.10.18,2024.10.18,5891,daily_friday_pivot,dailyPivot
2024.10.18,2024.10.18,5913,daily_friday,dailyUp1
2024.10.21,2024.10.21,5860,daily_monday,dailyDown2
2024.10.21,2024.10.21,5914,daily_monday_pivot,dailyPivot
2024.10.21,2024.10.21,5944,daily_monday,dailyUp2
2024.10.21,2024.10.25,5850,weekly_stacked_tuesday_wednesday,weeklyDown1
2024.10.21,2024.10.25,5815,weekly,weeklyDown2
2024.10.21,2024.10.25,5785,weekly,weeklyDown3
2024.10.21,2024.10.25,5730,weekly,weeklyDown4
2024.10.21,2024.10.25,5700,weekly,weeklyDown5
2024.10.21,2024.10.25,5887,weekly_pivot_stacked_monday_tuesday,weeklyPivot
2024.10.21,2024.10.25,5927,weekly_stacked_monday_tuesday_wednesday,weeklyUp1
2024.10.21,2024.10.25,5963,weekly,weeklyUp2
2024.10.21,2024.10.25,6000,weekly,weeklyUp3
2024.10.21,2024.10.25,6030,weekly,weeklyUp4
2024.10.21,2024.10.25,6060,weekly,weeklyUp5
2024.10.22,2024.10.22,5860,daily_tuesday,dailyDown2
2024.10.22,2024.10.22,5914,daily_tuesday_pivot,dailyPivot
2024.10.22,2024.10.22,5944,daily_tuesday,dailyUp2
2024.10.23,2024.10.23,5860,daily_wednesday,dailyDown1
2024.10.23,2024.10.23,5881,daily_wednesday_pivot,dailyPivot
2024.10.23,2024.10.23,5904,daily_wednesday,dailyUp1
2024.10.23,2024.10.23,5914,daily_wednesday,dailyUp2
2024.11.05,2024.11.05,5721,daily_tuesday,dailyDown1
2024.11.05,2024.11.05,5697,daily_tuesday,dailyDown2
2024.11.05,2024.11.05,5675,daily_tuesday,dailyDown3
2024.11.05,2024.11.05,5747,daily_tuesday_pivot,dailyPivot
2024.11.05,2024.11.05,5772,daily_tuesday,dailyUp1
2024.11.05,2024.11.05,5801,daily_tuesday,dailyUp2
2024.11.06,2024.11.06,5772,daily_wednesday,dailyDown1
2024.11.06,2024.11.06,5747,daily_wednesday,dailyDown2
2024.11.06,2024.11.06,5801,daily_wednesday_pivot,dailyPivot
2024.11.06,2024.11.06,5845,daily_wednesday,dailyUp1
2024.11.06,2024.11.06,5870,daily_wednesday,dailyUp2
2024.11.07,2024.11.07,5925,daily_thursday,dailyDown1
2024.11.07,2024.11.07,5900,daily_thursday,dailyDown2
2024.11.07,2024.11.07,5946,daily_thursday_pivot,dailyPivot
2024.11.07,2024.11.07,5980,daily_thursday,dailyUp1
2024.11.07,2024.11.07,6000,daily_thursday,dailyUp2
2024.11.08,2024.11.08,5981,daily_friday,dailyDown1
2024.11.08,2024.11.08,5967,daily_friday,dailyDown2
2024.11.08,2024.11.08,6001,daily_friday_pivot,dailyPivot
2024.11.08,2024.11.08,6030,daily_friday,dailyUp1
2024.11.08,2024.11.08,6055,daily_friday,dailyUp2
2024.11.11,2024.11.11,5995,daily_monday,dailyDown1
2024.11.11,2024.11.11,5985,daily_monday,dailyDown2
2024.11.11,2024.11.11,6040,daily_monday,dailyUp1
2024.11.11,2024.11.11,6066,daily_monday,dailyUp2
2024.11.11,2024.11.15,5967,weekly_stacked_thursday_wednesday,weeklyDown1
2024.11.11,2024.11.15,5925,weekly_stacked_friday,weeklyDown2
2024.11.11,2024.11.15,5900,weekly,weeklyDown3
2024.11.11,2024.11.15,5870,weekly,weeklyDown4
2024.11.11,2024.11.15,5813,weekly,weeklyDown5
2024.11.11,2024.11.15,6014,weekly_pivot_stacked_monday_thursday_tuesday_wednesday,weeklyPivot
2024.11.11,2024.11.15,5040,weekly,weeklyUp1
2024.11.11,2024.11.15,6095,weekly,weeklyUp2
2024.11.11,2024.11.15,6125,weekly,weeklyUp3
2024.11.11,2024.11.15,6150,weekly,weeklyUp4
2024.11.11,2024.11.15,6180,weekly,weeklyUp5
2024.11.12,2024.11.12,5995,daily_tuesday,dailyDown1
2024.11.12,2024.11.12,5985,daily_tuesday,dailyDown2
2024.11.12,2024.11.12,6040,daily_tuesday,dailyUp1
2024.11.12,2024.11.12,6053,daily_tuesday,dailyUp2
2024.11.12,2024.11.12,6066,daily_tuesday,dailyUp3
2024.11.13,2024.11.13,5994,daily_wednesday,dailyDown1
2024.11.13,2024.11.13,6034,daily_wednesday,dailyUp1
2024.11.13,2024.11.13,6053,daily_wednesday,dailyUp2
2024.11.14,2024.11.14,5994,daily_thursday,dailyDown1
2024.11.14,2024.11.14,6034,daily_thursday,dailyUp1
2024.11.14,2024.11.14,6053,daily_thursday,dailyUp2
2024.11.15,2024.11.15,5946,daily_friday,dailyDown1
2024.11.15,2024.11.15,5979,daily_friday_pivot,dailyPivot
2024.11.15,2024.11.15,6000,daily_friday,dailyUp1
2024.11.15,2024.11.15,6015,daily_friday,dailyUp2
2024.11.15,2024.11.15,6025,daily_friday,dailyUp3
2024.11.18,2024.11.18,5879,daily_monday,dailyDown1
2024.11.18,2024.11.18,5855,daily_monday,dailyDown2
2024.11.18,2024.11.18,5900,daily_monday_pivot,dailyPivot
2024.11.18,2024.11.18,5942,daily_monday,dailyUp2
2024.11.18,2024.11.22,5876,weekly,weeklyDown1
2024.11.18,2024.11.22,5813,weekly,weeklyDown2
2024.11.18,2024.11.22,5800,weekly,weeklyDown3
2024.11.18,2024.11.22,5775,weekly,weeklyDown4
2024.11.18,2024.11.22,5721,weekly,weeklyDown5
2024.11.18,2024.11.22,5925,weekly_pivot_stacked_friday_monday_thursday_tuesday_wednesday,weeklyPivot
2024.11.18,2024.11.22,5968,weekly_stacked_thursday_tuesday_wednesday,weeklyUp1
2024.11.18,2024.11.22,6000,weekly_stacked_friday,weeklyUp2
2024.11.18,2024.11.22,6025,weekly_stacked_friday,weeklyUp3
2024.11.18,2024.11.22,6053,weekly,weeklyUp4
2024.11.18,2024.11.22,6095,weekly,weeklyUp5
2024.11.19,2024.11.19,5900,daily_tuesday,dailyDown1
2024.11.19,2024.11.19,5879,daily_tuesday,dailyDown2
2024.11.19,2024.11.19,5942,daily_tuesday,dailyUp1
2024.11.20,2024.11.20,5917,daily_wednesday,dailyDown2
2024.11.20,2024.11.20,5901,daily_wednesday,dailyDown3
2024.11.20,2024.11.20,5942,daily_wednesday_pivot,dailyPivot
2024.11.20,2024.11.20,5979,daily_wednesday,dailyUp2
2024.11.21,2024.11.21,5911,daily_thursday,dailyDown2
2024.11.21,2024.11.21,5897,daily_thursday,dailyDown3
2024.11.21,2024.11.21,5942,daily_thursday_pivot,dailyPivot
2024.11.21,2024.11.21,5979,daily_thursday,dailyUp2
2024.11.22,2024.11.22,5947,daily_friday,dailyDown1
2024.11.22,2024.11.22,5915,daily_friday,dailyDown3
2024.11.22,2024.11.22,5969,daily_friday_pivot,dailyPivot
2024.11.22,2024.11.22,6015,daily_friday,dailyUp2
2024.11.25,2024.11.25,5991,daily_monday_pivot,dailyPivot
2024.11.25,2024.11.25,6025,daily_monday,dailyUp2
2024.11.25,2024.11.29,5947,weekly_stacked_monday,weeklyDown1
2024.11.25,2024.11.29,5905,weekly,weeklyDown2
2024.11.25,2024.11.29,5880,weekly,weeklyDown3
2024.11.25,2024.11.29,5855,weekly,weeklyDown4
2024.11.25,2024.11.29,5813,weekly,weeklyDown5
2024.11.25,2024.11.29,5970,weekly_pivot_stacked_monday_thursday_tuesday,weeklyPivot
2024.11.25,2024.11.29,6015,weekly_stacked_monday,weeklyUp1
2024.11.25,2024.11.29,6045,weekly_stacked_thursday_tuesday_wednesday,weeklyUp2
2024.11.25,2024.11.29,6070,weekly_stacked_wednesday,weeklyUp3
2024.11.25,2024.11.29,6095,weekly,weeklyUp4
2024.11.25,2024.11.29,6120,weekly,weeklyUp5
2024.11.26,2024.11.26,5991,daily_tuesday,dailyDown1
2024.11.26,2024.11.26,6009,daily_tuesday_pivot,dailyPivot
2024.11.26,2024.11.26,6027,daily_tuesday,dailyUp1
2024.11.26,2024.11.26,6053,daily_tuesday,dailyUp3
2024.11.27,2024.11.27,6017,daily_wednesday,dailyDown1
2024.11.27,2024.11.27,6000,daily_wednesday,dailyDown2
2024.11.27,2024.11.27,5990,daily_wednesday,dailyDown3
2024.11.27,2024.11.27,6035,daily_wednesday_pivot,dailyPivot
2024.11.27,2024.11.27,6053,daily_wednesday,dailyUp2
2024.11.28,2024.11.28,5994,daily_thursday,dailyDown1
2024.11.28,2024.11.28,6019,daily_thursday_pivot,dailyPivot
2024.11.28,2024.11.28,6035,daily_thursday,dailyUp1
2024.11.28,2024.11.28,6053,daily_thursday,dailyUp3
2024.12.02,2024.12.02,6025,daily_monday,dailyDown1
2024.12.02,2024.12.02,6070,daily_monday,dailyUp1
2024.12.02,2024.12.06,6015,weekly_stacked_monday_tuesday_wednesday,weeklyDown1
2024.12.02,2024.12.06,5970,weekly,weeklyDown2
2024.12.02,2024.12.06,5945,weekly,weeklyDown3
2024.12.02,2024.12.06,5920,weekly,weeklyDown4
2024.12.02,2024.12.06,5880,weekly,weeklyDown5
2024.12.02,2024.12.06,6045,weekly_pivot_stacked_monday_tuesday_wednesday,weeklyPivot
2024.12.02,2024.12.06,6095,weekly_stacked_monday_tuesday_wednesday,weeklyUp1
2024.12.02,2024.12.06,6135,weekly_stacked_thursday,weeklyUp2
2024.12.02,2024.12.06,6160,weekly,weeklyUp3
2024.12.02,2024.12.06,6185,weekly,weeklyUp4
2024.12.02,2024.12.06,6210,weekly,weeklyUp5
2024.12.03,2024.12.03,6025,daily_tuesday,dailyDown2
2024.12.03,2024.12.03,6056,daily_tuesday_pivot,dailyPivot
2024.12.03,2024.12.03,6074,daily_tuesday,dailyUp1
2024.12.04,2024.12.04,6051,daily_wednesday,dailyDown1
2024.12.04,2024.12.04,6025,daily_wednesday,dailyDown3
2024.12.04,2024.12.04,6064,daily_wednesday_pivot,dailyPivot
2024.12.04,2024.12.04,6080,daily_wednesday,dailyUp1
2024.12.05,2024.12.05,6078,daily_thursday,dailyDown1
2024.12.05,2024.12.05,6066,daily_thursday,dailyDown2
2024.12.05,2024.12.05,6089,daily_thursday_pivot,dailyPivot
2024.12.05,2024.12.05,6102,daily_thursday,dailyUp1
2024.12.05,2024.12.05,6117,daily_thursday,dailyUp2
2024.12.06,2024.12.06,6078,daily_friday,dailyDown1
2024.12.06,2024.12.06,6066,daily_friday,dailyDown2
2024.12.06,2024.12.06,6089,daily_friday_pivot,dailyPivot
2024.12.06,2024.12.06,6105,daily_friday,dailyUp1
2024.12.06,2024.12.06,6117,daily_friday,dailyUp2
2024.12.09,2024.12.09,6090,daily_monday,dailyDown1
2024.12.09,2024.12.09,6078,daily_monday,dailyDown2
2024.12.09,2024.12.09,6117,daily_monday,dailyUp1
2024.12.09,2024.12.09,6135,daily_monday,dailyUp2
2024.12.09,2024.12.13,6066,weekly_stacked_monday,weeklyDown1
2024.12.09,2024.12.13,6045,weekly_stacked_friday_tuesday_wednesday,weeklyDown2
2024.12.09,2024.12.13,6015,weekly_stacked_friday_tuesday_wednesday,weeklyDown3
2024.12.09,2024.12.13,5995,weekly,weeklyDown4
2024.12.09,2024.12.13,5970,weekly,weeklyDown5
2024.12.09,2024.12.13,6104,weekly_pivot_stacked_monday_tuesday,weeklyPivot
2024.12.09,2024.12.13,6150,weekly,weeklyUp1
2024.12.09,2024.12.13,6180,weekly,weeklyUp2
2024.12.09,2024.12.13,6200,weekly,weeklyUp3
2024.12.09,2024.12.13,6225,weekly,weeklyUp4
2024.12.09,2024.12.13,6250,weekly,weeklyUp5
2024.12.10,2024.12.10,6025,daily_tuesday,dailyDown2
2024.12.10,2024.12.10,6062,daily_tuesday_pivot,dailyPivot
2024.12.10,2024.12.10,6083,daily_tuesday,dailyUp1
2024.12.10,2024.12.10,6090,daily_tuesday,dailyUp2
2024.12.11,2024.12.11,6025,daily_wednesday,dailyDown2
2024.12.11,2024.12.11,6062,daily_wednesday,dailyUp1
2024.12.11,2024.12.11,6069,daily_wednesday,dailyUp2
2024.12.11,2024.12.11,6083,daily_wednesday,dailyUp3
2024.12.11,2024.12.11,6090,daily_wednesday,dailyUp4
2024.12.12,2024.12.12,6078,daily_thursday,dailyDown1
2024.12.12,2024.12.12,6062,daily_thursday,dailyDown2
2024.12.12,2024.12.12,6090,daily_thursday_pivot,dailyPivot
2024.12.12,2024.12.12,6103,daily_thursday,dailyUp1
2024.12.12,2024.12.12,6117,daily_thursday,dailyUp2
2024.12.12,2024.12.12,6135,daily_thursday,dailyUp3
2024.12.13,2024.12.13,6025,daily_friday,dailyDown2
2024.12.13,2024.12.13,6063,daily_friday_pivot,dailyPivot
2024.12.13,2024.12.13,6076,daily_friday,dailyUp1
2024.12.13,2024.12.13,6090,daily_friday,dailyUp2
2024.12.13,2024.12.13,6103,daily_friday,dailyUp3
2024.12.16,2024.12.16,6090,daily_monday,dailyDown2
2024.12.16,2024.12.16,6145,daily_monday,dailyUp1
2024.12.16,2024.12.16,6165,daily_monday,dailyUp2
2024.12.16,2024.12.20,6111,weekly_stacked_monday_tuesday_wednesday,weeklyDown1
2024.12.16,2024.12.20,6065,weekly,weeklyDown2
2024.12.16,2024.12.20,6040,weekly,weeklyDown3
2024.12.16,2024.12.20,6015,weekly,weeklyDown4
2024.12.16,2024.12.20,5995,weekly,weeklyDown5
2024.12.16,2024.12.20,6132,weekly_pivot_stacked_monday_tuesday,weeklyPivot
2024.12.16,2024.12.20,6175,weekly_stacked_monday_tuesday_wednesday,weeklyUp1
2024.12.16,2024.12.20,6200,weekly_stacked_tuesday,weeklyUp2
2024.12.16,2024.12.20,6225,weekly,weeklyUp3
2024.12.16,2024.12.20,6250,weekly,weeklyUp4
2024.12.16,2024.12.20,6275,weekly,weeklyUp5
2024.12.17,2024.12.17,6155,daily_tuesday_pivot,dailyPivot
2024.12.18,2024.12.18,6090,daily_wednesday,dailyDown2
2024.12.18,2024.12.18,6135,daily_wednesday_pivot,dailyPivot
2024.12.18,2024.12.18,6155,daily_wednesday,dailyUp1
2024.12.19,2024.12.19,5905,daily_thursday,dailyDown1
2024.12.19,2024.12.19,5880,daily_thursday,dailyDown2
2024.12.19,2024.12.19,5935,daily_thursday_pivot,dailyPivot
2024.12.19,2024.12.19,5968,daily_thursday,dailyUp1
2024.12.19,2024.12.19,5998,daily_thursday,dailyUp2
2024.12.19,2024.12.19,6008,daily_thursday,dailyUp3
2024.12.20,2024.12.20,5905,daily_friday,dailyDown1
2024.12.20,2024.12.20,5880,daily_friday,dailyDown2
2024.12.20,2024.12.20,5935,daily_friday_pivot,dailyPivot
2024.12.20,2024.12.20,5968,daily_friday,dailyUp1
2024.12.20,2024.12.20,5998,daily_friday,dailyUp2
2024.12.20,2024.12.20,6008,daily_friday,dailyUp3
2024.12.23,2024.12.23,5932,daily_monday,dailyDown2
2024.12.23,2024.12.23,6063,daily_monday,dailyUp2
2024.12.23,2024.12.27,5960,weekly_stacked_monday,weeklyDown1
2024.12.23,2024.12.27,5910,weekly,weeklyDown2
2024.12.23,2024.12.27,5880,weekly,weeklyDown3
2024.12.23,2024.12.27,5856,weekly,weeklyDown4
2024.12.23,2024.12.27,5813,weekly,weeklyDown5
2024.12.23,2024.12.27,6005,weekly_pivot_stacked_monday,weeklyPivot
2024.12.23,2024.12.27,6045,weekly_stacked_monday,weeklyUp1
2024.12.23,2024.12.27,6090,weekly_stacked_friday_thursday,weeklyUp2
2024.12.23,2024.12.27,6120,weekly_stacked_friday_thursday,weeklyUp3
2024.12.23,2024.12.27,6136,weekly_stacked_friday_thursday,weeklyUp4
2024.12.23,2024.12.27,6170,weekly,weeklyUp5
2024.12.24,2024.12.24,6014,daily_tuesday,dailyDown1
2024.12.24,2024.12.24,5980,daily_tuesday,dailyDown2
2024.12.24,2024.12.24,6034,daily_tuesday_pivot,dailyPivot
2024.12.24,2024.12.24,6063,daily_tuesday,dailyUp1
2024.12.24,2024.12.24,6079,daily_tuesday,dailyUp2
2024.12.24,2024.12.24,6092,daily_tuesday,dailyUp3
2024.12.26,2024.12.26,6071,daily_thursday,dailyDown1
2024.12.26,2024.12.26,6048,daily_thursday,dailyDown2
2024.12.26,2024.12.26,6034,daily_thursday,dailyDown3
2024.12.26,2024.12.26,6008,daily_thursday,dailyDown4
2024.12.26,2024.12.26,5980,daily_thursday,dailyDown5
2024.12.26,2024.12.26,6155,daily_thursday,dailyUp3
2024.12.26,2024.12.26,6175,daily_thursday,dailyUp4
2024.12.26,2024.12.26,6200,daily_thursday,dailyUp5
2024.12.27,2024.12.27,6071,daily_friday,dailyDown1
2024.12.27,2024.12.27,6048,daily_friday,dailyDown2
2024.12.27,2024.12.27,6104,daily_friday,dailyUp1
2024.12.30,2024.12.30,6005,daily_monday,dailyDown1
2024.12.30,2024.12.30,5980,daily_monday,dailyDown2
2024.12.30,2024.12.30,6050,daily_monday,dailyUp1
2024.12.30,2024.12.30,6071,daily_monday,dailyUp3
2024.12.30,2025.01.03,5965,weekly_stacked_friday_tuesday,weeklyDown1
2024.12.30,2025.01.03,5930,weekly,weeklyDown2
2024.12.30,2025.01.03,5900,weekly_stacked_friday_thursday_tuesday,weeklyDown3
2024.12.30,2025.01.03,5856,weekly_stacked_friday,weeklyDown4
2024.12.30,2025.01.03,5813,weekly,weeklyDown5
2024.12.30,2025.01.03,6034,weekly_pivot_stacked_monday,weeklyPivot
2024.12.30,2025.01.03,6063,weekly_stacked_monday,weeklyUp1
2024.12.30,2025.01.03,6105,weekly,weeklyUp2
2024.12.30,2025.01.03,6135,weekly,weeklyUp3
2024.12.30,2025.01.03,6163,weekly,weeklyUp4
2024.12.30,2025.01.03,6200,weekly,weeklyUp5
2024.12.31,2024.12.31,5932,daily_tuesday,dailyDown1
2024.12.31,2024.12.31,5980,daily_tuesday,dailyUp1
2024.12.31,2024.12.31,6005,daily_tuesday,dailyUp2
2025.01.02,2025.01.02,5919,daily_thursday,dailyDown1
2025.01.02,2025.01.02,5880,daily_thursday,dailyDown3
2025.01.02,2025.01.02,5950,daily_thursday_pivot,dailyPivot
2025.01.02,2025.01.02,5980,daily_thursday,dailyUp1
2025.01.02,2025.01.02,6005,daily_thursday,dailyUp2
2025.01.03,2025.01.03,5880,daily_friday,dailyDown2
2025.01.03,2025.01.03,5919,daily_friday_pivot,dailyPivot
2025.01.03,2025.01.03,5946,daily_friday,dailyUp1
2025.01.03,2025.01.03,5975,daily_friday,dailyUp3
2025.01.06,2025.01.06,5946,daily_monday,dailyDown2
2025.01.06,2025.01.06,5993,daily_monday_pivot,dailyPivot
2025.01.06,2025.01.06,6034,daily_monday,dailyUp2
2025.01.06,2025.01.10,5920,weekly_stacked_thursday_wednesday,weeklyDown1
2025.01.06,2025.01.10,5885,weekly,weeklyDown2
2025.01.06,2025.01.10,5855,weekly,weeklyDown3
2025.01.06,2025.01.10,5813,weekly,weeklyDown4
2025.01.06,2025.01.10,5785,weekly,weeklyDown5
2025.01.06,2025.01.10,5965,weekly_pivot_stacked_monday_thursday_tuesday_wednesday,weeklyPivot
2025.01.06,2025.01.10,6014,weekly_stacked_monday,weeklyUp1
2025.01.06,2025.01.10,6063,weekly,weeklyUp2
2025.01.06,2025.01.10,6095,weekly,weeklyUp3
2025.01.06,2025.01.10,6125,weekly,weeklyUp4
2025.01.06,2025.01.10,6163,weekly,weeklyUp5
2025.01.07,2025.01.07,5996,daily_tuesday,dailyDown1
2025.01.07,2025.01.07,6009,daily_tuesday_pivot,dailyPivot
2025.01.07,2025.01.07,6029,daily_tuesday,dailyUp1
2025.01.07,2025.01.07,6055,daily_tuesday,dailyUp2
2025.01.07,2025.01.07,6065,daily_tuesday,dailyUp3
2025.01.08,2025.01.08,5900,daily_wednesday,dailyDown2
2025.01.08,2025.01.08,5944,daily_wednesday_pivot,dailyPivot
2025.01.08,2025.01.08,5990,daily_wednesday,dailyUp2
2025.01.08,2025.01.08,6009,daily_wednesday,dailyUp3
2025.01.09,2025.01.09,5936,daily_thursday,dailyDown1
2025.01.09,2025.01.09,5900,daily_thursday,dailyDown3
2025.01.09,2025.01.09,5990,daily_thursday,dailyUp1
2025.01.09,2025.01.09,6009,daily_thursday,dailyUp2
2025.01.13,2025.01.13,5856,daily_monday,dailyDown1
2025.01.13,2025.01.13,5823,daily_monday,dailyDown2
2025.01.13,2025.01.13,5884,daily_monday_pivot,dailyPivot
2025.01.13,2025.01.13,5902,daily_monday,dailyUp1
2025.01.13,2025.01.13,5921,daily_monday,dailyUp2
2025.01.13,2025.01.17,5813,weekly_stacked_monday,weeklyDown1
2025.01.13,2025.01.17,5770,weekly,weeklyDown2
2025.01.13,2025.01.17,5740,weekly,weeklyDown3
2025.01.13,2025.01.17,5721,weekly,weeklyDown4
2025.01.13,2025.01.17,5697,weekly,weeklyDown5
2025.01.13,2025.01.17,5875,weekly_pivot,weeklyPivot
2025.01.13,2025.01.17,5920,weekly,weeklyUp1
2025.01.13,2025.01.17,5960,weekly,weeklyUp2
2025.01.13,2025.01.17,5990,weekly_stacked_friday_thursday,weeklyUp3
2025.01.13,2025.01.17,6030,weekly,weeklyUp4
2025.01.13,2025.01.17,6065,weekly,weeklyUp5
2025.01.14,2025.01.14,5856,daily_tuesday,dailyDown1
2025.01.14,2025.01.14,5847,daily_tuesday,dailyDown2
2025.01.14,2025.01.14,5819,daily_tuesday,dailyDown3
2025.01.14,2025.01.14,5884,daily_tuesday_pivot,dailyPivot
2025.01.14,2025.01.14,5902,daily_tuesday,dailyUp1
2025.01.14,2025.01.14,5921,daily_tuesday,dailyUp2
2025.01.15,2025.01.15,5856,daily_wednesday,dailyDown1
2025.01.15,2025.01.15,5819,daily_wednesday,dailyDown2
2025.01.15,2025.01.15,5878,daily_wednesday_pivot,dailyPivot
2025.01.15,2025.01.15,5900,daily_wednesday,dailyUp1
2025.01.15,2025.01.15,5921,daily_wednesday,dailyUp2
2025.01.15,2025.01.15,5935,daily_wednesday,dailyUp3
2025.01.16,2025.01.16,5965,daily_thursday,dailyDown1
2025.01.16,2025.01.16,5935,daily_thursday,dailyDown2
2025.01.16,2025.01.16,6009,daily_thursday,dailyUp1
2025.01.16,2025.01.16,6029,daily_thursday,dailyUp2
2025.01.17,2025.01.17,5965,daily_friday,dailyDown1
2025.01.17,2025.01.17,5935,daily_friday,dailyDown2
2025.01.17,2025.01.17,6009,daily_friday,dailyUp1
2025.01.17,2025.01.17,6029,daily_friday,dailyUp2
2025.01.20,2025.01.20,5986,daily_monday,dailyDown2
2025.01.20,2025.01.20,6025,daily_monday_pivot,dailyPivot
2025.01.20,2025.01.20,6049,daily_monday,dailyUp1
2025.01.20,2025.01.20,6066,daily_monday,dailyUp2
2025.01.20,2025.01.20,6083,daily_monday,dailyUp3
2025.01.20,2025.01.24,5965,weekly,weeklyDown1
2025.01.20,2025.01.24,5930,weekly,weeklyDown2
2025.01.20,2025.01.24,5900,weekly,weeklyDown3
2025.01.20,2025.01.24,5856,weekly,weeklyDown4
2025.01.20,2025.01.24,5819,weekly,weeklyDown5
2025.01.20,2025.01.24,6004,weekly_pivot_stacked_monday,weeklyPivot
2025.01.20,2025.01.24,6051,weekly,weeklyUp1
2025.01.20,2025.01.24,6098,weekly,weeklyUp2
2025.01.20,2025.01.24,6130,weekly,weeklyUp3
2025.01.20,2025.01.24,6160,weekly_stacked_friday_thursday,weeklyUp4
2025.01.20,2025.01.24,6200,weekly_stacked_friday,weeklyUp5
2025.01.22,2025.01.22,6061,daily_wednesday,dailyDown1
2025.01.22,2025.01.22,6049,daily_wednesday,dailyDown2
2025.01.22,2025.01.22,6075,daily_wednesday_pivot,dailyPivot
2025.01.22,2025.01.22,6100,daily_wednesday,dailyUp1
2025.01.22,2025.01.22,6119,daily_wednesday,dailyUp2
2025.01.23,2025.01.23,6100,daily_thursday,dailyDown1
2025.01.23,2025.01.23,6087,daily_thursday,dailyDown2
2025.01.23,2025.01.23,6122,daily_thursday_pivot,dailyPivot
2025.01.23,2025.01.23,6133,daily_thursday,dailyUp1
2025.01.23,2025.01.23,6144,daily_thursday,dailyUp2
2025.01.23,2025.01.23,6163,daily_thursday,dailyUp4
2025.01.24,2025.01.24,6125,daily_friday,dailyDown1
2025.01.24,2025.01.24,6111,daily_friday,dailyDown2
2025.01.24,2025.01.24,6139,daily_friday_pivot,dailyPivot
2025.01.24,2025.01.24,6163,daily_friday,dailyUp2
2025.01.24,2025.01.24,6185,daily_friday,dailyUp3
2025.01.27,2025.01.27,6119,daily_monday,dailyDown1
2025.01.27,2025.01.27,6145,daily_monday_pivot,dailyPivot
2025.01.27,2025.01.27,6185,daily_monday,dailyUp2
2025.01.27,2025.01.31,6087,weekly_stacked_monday,weeklyDown1
2025.01.27,2025.01.31,6030,weekly,weeklyDown2
2025.01.27,2025.01.31,6000,weekly_stacked_tuesday,weeklyDown3
2025.01.27,2025.01.31,5965,weekly,weeklyDown4
2025.01.27,2025.01.31,5930,weekly,weeklyDown5
2025.01.27,2025.01.31,6111,weekly_pivot_stacked_monday,weeklyPivot
2025.01.27,2025.01.31,6163,weekly_stacked_monday,weeklyUp1
2025.01.27,2025.01.31,6225,weekly,weeklyUp2
2025.01.27,2025.01.31,6255,weekly,weeklyUp3
2025.01.27,2025.01.31,6280,weekly,weeklyUp4
2025.01.27,2025.01.31,6310,weekly,weeklyUp5
2025.01.28,2025.01.28,6015,daily_tuesday,dailyDown1
2025.01.28,2025.01.28,6043,daily_tuesday_pivot,dailyPivot
2025.01.28,2025.01.28,6072,daily_tuesday,dailyUp1
2025.01.28,2025.01.28,6098,daily_tuesday,dailyUp2
2025.01.29,2025.01.29,6084,daily_wednesday,dailyDown1
2025.01.29,2025.01.29,6053,daily_wednesday,dailyDown2
2025.01.29,2025.01.29,6043,daily_wednesday,dailyDown3
2025.01.29,2025.01.29,6102,daily_wednesday_pivot,dailyPivot
2025.01.29,2025.01.29,6122,daily_wednesday,dailyUp1
2025.01.29,2025.01.29,6145,daily_wednesday,dailyUp2
2025.01.30,2025.01.30,6053,daily_thursday,dailyDown1
2025.01.30,2025.01.30,6043,daily_thursday,dailyDown2
2025.01.30,2025.01.30,6015,daily_thursday,dailyDown3
2025.01.30,2025.01.30,6084,daily_thursday_pivot,dailyPivot
2025.01.30,2025.01.30,6102,daily_thursday,dailyUp1
2025.01.30,2025.01.30,6122,daily_thursday,dailyUp2
2025.01.31,2025.01.31,6065,daily_friday,dailyDown1
2025.01.31,2025.01.31,6043,daily_friday,dailyDown2
2025.01.31,2025.01.31,6093,daily_friday_pivot,dailyPivot
2025.01.31,2025.01.31,6122,daily_friday,dailyUp1
2025.01.31,2025.01.31,6145,daily_friday,dailyUp2
2025.02.03,2025.02.03,6043,daily_monday,dailyDown1
2025.02.03,2025.02.03,6093,daily_monday,dailyUp1
2025.02.03,2025.02.07,6015,weekly_stacked_monday,weeklyDown1
2025.02.03,2025.02.07,5985,weekly,weeklyDown2
2025.02.03,2025.02.07,5955,weekly_stacked_tuesday,weeklyDown3
2025.02.03,2025.02.07,5909,weekly,weeklyDown4
2025.02.03,2025.02.07,5865,weekly,weeklyDown5
2025.02.03,2025.02.07,6058,weekly_pivot_stacked_monday_tuesday,weeklyPivot
2025.02.03,2025.02.07,6115,weekly_stacked_friday_monday_thursday_wednesday,weeklyUp1
2025.02.03,2025.02.07,6160,weekly,weeklyUp2
2025.02.03,2025.02.07,6190,weekly,weeklyUp3
2025.02.03,2025.02.07,6225,weekly,weeklyUp4
2025.02.03,2025.02.07,6255,weekly,weeklyUp5
2025.02.04,2025.02.04,6004,daily_tuesday,dailyDown1
2025.02.04,2025.02.04,5965,daily_tuesday,dailyDown2
2025.02.04,2025.02.04,6037,daily_tuesday_pivot,dailyPivot
2025.02.04,2025.02.04,6068,daily_tuesday,dailyUp2
2025.02.04,2025.02.04,6093,daily_tuesday,dailyUp3
2025.02.05,2025.02.05,6038,daily_wednesday,dailyDown1
2025.02.05,2025.02.05,6004,daily_wednesday,dailyDown2
2025.02.05,2025.02.05,6068,daily_wednesday_pivot,dailyPivot
2025.02.05,2025.02.05,6093,daily_wednesday,dailyUp1
2025.02.06,2025.02.06,6067,daily_thursday,dailyDown1
2025.02.06,2025.02.06,6038,daily_thursday,dailyDown2
2025.02.06,2025.02.06,6085,daily_thursday_pivot,dailyPivot
2025.02.06,2025.02.06,6137,daily_thursday,dailyUp2
2025.02.06,2025.02.06,6147,daily_thursday,dailyUp3
2025.02.07,2025.02.07,6067,daily_friday,dailyDown1
2025.02.07,2025.02.07,6038,daily_friday,dailyDown2
2025.02.07,2025.02.07,6085,daily_friday_pivot,dailyPivot
2025.02.07,2025.02.07,6137,daily_friday,dailyUp2
2025.02.07,2025.02.07,6147,daily_friday,dailyUp3
2025.02.10,2025.02.10,6045,daily_monday_pivot,dailyPivot
2025.02.10,2025.02.10,6097,daily_monday,dailyUp2
2025.02.10,2025.02.14,6025,weekly_stacked_monday_thursday,weeklyDown1
2025.02.10,2025.02.14,6004,weekly_stacked_monday,weeklyDown2
2025.02.10,2025.02.14,5935,weekly,weeklyDown3
2025.02.10,2025.02.14,5905,weekly,weeklyDown4
2025.02.10,2025.02.14,5865,weekly,weeklyDown5
2025.02.10,2025.02.14,6075,weekly_pivot_stacked_monday_tuesday_wednesday,weeklyPivot
2025.02.10,2025.02.14,6107,weekly_stacked_monday_tuesday_wednesday,weeklyUp1
2025.02.10,2025.02.14,6150,weekly,weeklyUp2
2025.02.10,2025.02.14,6180,weekly_stacked_friday,weeklyUp3
2025.02.10,2025.02.14,6210,weekly,weeklyUp4
2025.02.10,2025.02.14,6240,weekly,weeklyUp5
2025.02.11,2025.02.11,6045,daily_tuesday,dailyDown2
2025.02.11,2025.02.11,6093,daily_tuesday_pivot,dailyPivot
2025.02.11,2025.02.11,6137,daily_tuesday,dailyUp2
2025.02.11,2025.02.11,6147,daily_tuesday,dailyUp3
2025.02.12,2025.02.12,6045,daily_wednesday,dailyDown2
2025.02.12,2025.02.12,6093,daily_wednesday_pivot,dailyPivot
2025.02.12,2025.02.12,6137,daily_wednesday,dailyUp2
2025.02.12,2025.02.12,6147,daily_wednesday,dailyUp3
2025.02.13,2025.02.13,6045,daily_thursday,dailyDown1
2025.02.13,2025.02.13,6066,daily_thursday_pivot,dailyPivot
2025.02.13,2025.02.13,6093,daily_thursday,dailyUp1
2025.02.13,2025.02.13,6121,daily_thursday,dailyUp2
2025.02.14,2025.02.14,6114,daily_friday,dailyDown1
2025.02.14,2025.02.14,6089,daily_friday,dailyDown2
2025.02.14,2025.02.14,6136,daily_friday_pivot,dailyPivot
2025.02.14,2025.02.14,6163,daily_friday,dailyUp1
2025.02.17,2025.02.17,6089,daily_monday,dailyDown2
2025.02.17,2025.02.17,6140,daily_monday_pivot,dailyPivot
2025.02.17,2025.02.17,6184,daily_monday,dailyUp2
2025.02.17,2025.02.21,6073,weekly,weeklyDown1
2025.02.17,2025.02.21,6030,weekly,weeklyDown2
2025.02.17,2025.02.21,6005,weekly,weeklyDown3
2025.02.17,2025.02.21,5967,weekly,weeklyDown4
2025.02.17,2025.02.21,5909,weekly,weeklyDown5
2025.02.17,2025.02.21,6114,weekly_pivot_stacked_monday_thursday_wednesday,weeklyPivot
2025.02.17,2025.02.21,6163,weekly_stacked_friday_monday_thursday_wednesday,weeklyUp1
2025.02.17,2025.02.21,6220,weekly,weeklyUp2
2025.02.17,2025.02.21,6245,weekly,weeklyUp3
2025.02.17,2025.02.21,6275,weekly,weeklyUp4
2025.02.17,2025.02.21,6310,weekly,weeklyUp5
2025.02.19,2025.02.19,6126,daily_wednesday,dailyDown1
2025.02.19,2025.02.19,6089,daily_wednesday,dailyDown3
2025.02.19,2025.02.19,6145,daily_wednesday_pivot,dailyPivot
2025.02.19,2025.02.19,6184,daily_wednesday,dailyUp2
2025.02.20,2025.02.20,6145,daily_thursday,dailyDown1
2025.02.20,2025.02.20,6124,daily_thursday,dailyDown2
2025.02.20,2025.02.20,6184,daily_thursday,dailyUp1
2025.02.20,2025.02.20,6206,daily_thursday,dailyUp2
2025.02.21,2025.02.21,6127,daily_friday,dailyDown1
2025.02.21,2025.02.21,6104,daily_friday,dailyDown2
2025.02.21,2025.02.21,6145,daily_friday_pivot,dailyPivot
2025.02.21,2025.02.21,6184,daily_friday,dailyUp2
2025.02.24,2025.02.24,6004,daily_monday,dailyDown1
2025.02.24,2025.02.24,6045,daily_monday,dailyUp1
2025.02.24,2025.02.24,6072,daily_monday,dailyUp2
2025.02.24,2025.02.28,5967,weekly_stacked_monday_tuesday,weeklyDown1
2025.02.24,2025.02.28,5930,weekly_stacked_friday,weeklyDown2
2025.02.24,2025.02.28,5900,weekly_stacked_thursday_wednesday,weeklyDown3
2025.02.24,2025.02.28,5865,weekly,weeklyDown4
2025.02.24,2025.02.28,5813,weekly_stacked_friday,weeklyDown5
2025.02.24,2025.02.28,6025,weekly_pivot_stacked_monday_thursday_tuesday_wednesday,weeklyPivot
2025.02.24,2025.02.28,6082,weekly_stacked_monday,weeklyUp1
2025.02.24,2025.02.28,6098,weekly,weeklyUp2
2025.02.24,2025.02.28,6135,weekly,weeklyUp3
2025.02.24,2025.02.28,6165,weekly,weeklyUp4
2025.02.24,2025.02.28,6215,weekly,weeklyUp5
2025.02.24,2025.02.28,6245,weekly,weeklyUp6
2025.02.25,2025.02.25,5950,daily_tuesday,dailyDown2
2025.02.25,2025.02.25,5990,daily_tuesday_pivot,dailyPivot
2025.02.25,2025.02.25,6015,daily_tuesday,dailyUp1
2025.02.25,2025.02.25,6045,daily_tuesday,dailyUp3
2025.02.26,2025.02.26,5946,daily_wednesday,dailyDown1
2025.02.26,2025.02.26,5909,daily_wednesday,dailyDown2
2025.02.26,2025.02.26,5990,daily_wednesday_pivot,dailyPivot
2025.02.26,2025.02.26,6015,daily_wednesday,dailyUp1
2025.02.27,2025.02.27,5946,daily_thursday,dailyDown1
2025.02.27,2025.02.27,5909,daily_thursday,dailyDown2
2025.02.27,2025.02.27,5990,daily_thursday_pivot,dailyPivot
2025.02.27,2025.02.27,6015,daily_thursday,dailyUp1
2025.02.28,2025.02.28,5858,daily_friday,dailyDown1
2025.02.28,2025.02.28,5823,daily_friday,dailyDown2
2025.02.28,2025.02.28,5889,daily_friday_pivot,dailyPivot
2025.02.28,2025.02.28,5909,daily_friday,dailyUp1
2025.02.28,2025.02.28,5940,daily_friday,dailyUp3
2025.03.03,2025.03.03,5937,daily_monday,dailyDown1
2025.03.03,2025.03.03,5910,daily_monday,dailyDown3
2025.03.03,2025.03.03,5966,daily_monday_pivot,dailyPivot
2025.03.03,2025.03.03,5990,daily_monday,dailyUp1
2025.03.03,2025.03.03,6015,daily_monday,dailyUp2
2025.03.03,2025.03.07,5858,weekly,weeklyDown1
2025.03.03,2025.03.07,5845,weekly,weeklyDown2
2025.03.03,2025.03.07,5815,weekly_stacked_tuesday,weeklyDown3
2025.03.03,2025.03.07,5780,weekly,weeklyDown4
2025.03.03,2025.03.07,5721,weekly_stacked_wednesday,weeklyDown5
2025.03.03,2025.03.07,5920,weekly_pivot_stacked_monday,weeklyPivot
2025.03.03,2025.03.07,5967,weekly,weeklyUp1
2025.03.03,2025.03.07,6025,weekly_stacked_monday,weeklyUp2
2025.03.03,2025.03.07,6075,weekly,weeklyUp3
2025.03.03,2025.03.07,6105,weekly,weeklyUp4
2025.03.03,2025.03.07,6136,weekly,weeklyUp5
2025.03.04,2025.03.04,5831,daily_tuesday,dailyDown1
2025.03.04,2025.03.04,5813,daily_tuesday,dailyDown3
2025.03.04,2025.03.04,5864,daily_tuesday_pivot,dailyPivot
2025.03.04,2025.03.04,5898,daily_tuesday,dailyUp1
2025.03.04,2025.03.04,5908,daily_tuesday,dailyUp2
2025.03.04,2025.03.04,5931,daily_tuesday,dailyUp3
2025.03.05,2025.03.05,5759,daily_wednesday,dailyDown1
2025.03.05,2025.03.05,5813,daily_wednesday_pivot,dailyPivot
2025.03.05,2025.03.05,5823,daily_wednesday,dailyUp1
2025.03.05,2025.03.05,5848,daily_wednesday,dailyUp2
2025.03.05,2025.03.05,5864,daily_wednesday,dailyUp3
2025.03.06,2025.03.06,5879,daily_thursday,dailyDown1
2025.03.06,2025.03.06,5823,daily_thursday,dailyDown2
2025.03.06,2025.03.06,5813,daily_thursday,dailyDown3
2025.03.06,2025.03.06,5864,daily_thursday_pivot,dailyPivot
2025.03.06,2025.03.06,5898,daily_thursday,dailyUp1
2025.03.06,2025.03.06,5908,daily_thursday,dailyUp2
2025.03.06,2025.03.06,5931,daily_thursday,dailyUp3
2025.03.07,2025.03.07,5720,daily_friday,dailyDown1
2025.03.07,2025.03.07,5697,daily_friday,dailyDown2
2025.03.07,2025.03.07,5675,daily_friday,dailyDown3
2025.03.07,2025.03.07,5760,daily_friday_pivot,dailyPivot
2025.03.07,2025.03.07,5790,daily_friday,dailyUp1
2025.03.07,2025.03.07,5813,daily_friday,dailyUp2
2025.03.07,2025.03.07,5823,daily_friday,dailyUp3
2025.03.10,2025.03.10,5750,daily_monday,dailyDown1
2025.03.10,2025.03.10,5711,daily_monday,dailyDown3
2025.03.10,2025.03.10,5786,daily_monday_pivot,dailyPivot
2025.03.10,2025.03.10,5813,daily_monday,dailyUp1
2025.03.10,2025.03.10,5823,daily_monday,dailyUp2
2025.03.10,2025.03.10,5848,daily_monday,dailyUp3
2025.03.10,2025.03.14,5858,weekly,weeklyDown1
2025.03.10,2025.03.14,5845,weekly,weeklyDown2
2025.03.10,2025.03.14,5815,weekly,weeklyDown3
2025.03.10,2025.03.14,5780,weekly,weeklyDown4
2025.03.10,2025.03.14,5721,weekly_stacked_monday,weeklyDown5
2025.03.10,2025.03.14,5920,weekly_pivot,weeklyPivot
2025.03.10,2025.03.14,5967,weekly,weeklyUp1
2025.03.10,2025.03.14,6025,weekly,weeklyUp2
2025.03.10,2025.03.14,6075,weekly,weeklyUp3
2025.03.10,2025.03.14,6105,weekly,weeklyUp4
2025.03.10,2025.03.14,6136,weekly,weeklyUp5
2025.03.11,2025.03.11,5580,daily_tuesday,dailyDown1
2025.03.11,2025.03.11,5550,daily_tuesday,dailyDown2
2025.03.11,2025.03.11,5600,daily_tuesday_pivot,dailyPivot
2025.03.11,2025.03.11,5642,daily_tuesday,dailyUp1
2025.03.11,2025.03.11,5670,daily_tuesday,dailyUp2
2025.03.11,2025.03.11,5680,daily_tuesday,dailyUp3
2025.03.12,2025.03.12,5520,daily_wednesday,dailyDown1
2025.03.12,2025.03.12,5506,daily_wednesday,dailyDown2
2025.03.12,2025.03.12,5550,daily_wednesday_pivot,dailyPivot
2025.03.12,2025.03.12,5600,daily_wednesday,dailyUp1
2025.03.12,2025.03.12,5642,daily_wednesday,dailyUp2
2025.03.12,2025.03.12,5670,daily_wednesday,dailyUp3
2025.03.12,2025.03.12,5680,daily_wednesday,dailyUp4
2025.03.13,2025.03.13,5568,daily_thursday,dailyDown1
2025.03.13,2025.03.13,5550,daily_thursday,dailyDown2
2025.03.13,2025.03.13,5592,daily_thursday_pivot,dailyPivot
2025.03.13,2025.03.13,5642,daily_thursday,dailyUp1
2025.03.13,2025.03.13,5670,daily_thursday,dailyUp2
2025.03.13,2025.03.13,5680,daily_thursday,dailyUp3
2025.03.14,2025.03.14,5506,daily_friday,dailyDown1
2025.03.14,2025.03.14,5480,daily_friday,dailyDown2
2025.03.14,2025.03.14,5456,daily_friday,dailyDown3
2025.03.14,2025.03.14,5557,daily_friday_pivot,dailyPivot
2025.03.14,2025.03.14,5577,daily_friday,dailyUp1
2025.03.14,2025.03.14,5600,daily_friday,dailyUp2
2025.03.17,2025.03.17,5660,daily_monday,dailyDown1
2025.03.17,2025.03.17,5640,daily_monday,dailyDown2
2025.03.17,2025.03.17,5721,daily_monday,dailyUp1
2025.03.17,2025.03.21,5620,weekly,weeklyDown1
2025.03.17,2025.03.21,5550,weekly,weeklyDown2
2025.03.17,2025.03.21,5520,weekly,weeklyDown3
2025.03.17,2025.03.21,5480,weekly,weeklyDown4
2025.03.17,2025.03.21,5450,weekly,weeklyDown5
2025.03.17,2025.03.21,5692,weekly_pivot_stacked_monday_tuesday,weeklyPivot
2025.03.17,2025.03.21,5750,weekly_stacked_monday,weeklyUp1
2025.03.17,2025.03.21,5830,weekly,weeklyUp2
2025.03.17,2025.03.21,5860,weekly,weeklyUp3
2025.03.17,2025.03.21,5935,weekly,weeklyUp4
2025.03.17,2025.03.21,5967,weekly,weeklyUp5
2025.03.18,2025.03.18,5660,daily_tuesday,dailyDown2
2025.03.18,2025.03.18,5726,daily_tuesday_pivot,dailyPivot
2025.03.18,2025.03.18,5756,daily_tuesday,dailyUp1
2025.03.18,2025.03.18,5786,daily_tuesday,dailyUp2
2025.03.19,2025.03.19,5640,daily_wednesday,dailyDown1
2025.03.19,2025.03.19,5610,daily_wednesday,dailyDown2
2025.03.19,2025.03.19,5600,daily_wednesday,dailyDown3
2025.03.19,2025.03.19,5657,daily_wednesday_pivot,dailyPivot
2025.03.19,2025.03.19,5702,daily_wednesday,dailyUp1
2025.03.19,2025.03.19,5725,daily_wednesday,dailyUp2
2025.03.19,2025.03.19,5735,daily_wednesday,dailyUp3
2025.03.20,2025.03.20,5682,daily_thursday,dailyDown1
2025.03.20,2025.03.20,5657,daily_thursday,dailyDown2
2025.03.20,2025.03.20,5723,daily_thursday_pivot,dailyPivot
2025.03.20,2025.03.20,5754,daily_thursday,dailyUp1
2025.03.20,2025.03.20,5786,daily_thursday,dailyUp2
2025.03.21,2025.03.21,5682,daily_friday,dailyDown1
2025.03.21,2025.03.21,5657,daily_friday,dailyDown2
2025.03.21,2025.03.21,5725,daily_friday_pivot,dailyPivot
2025.03.21,2025.03.21,5754,daily_friday,dailyUp1
2025.03.21,2025.03.21,5786,daily_friday,dailyUp2
2025.03.24,2025.03.24,5688,daily_monday,dailyDown1
2025.03.24,2025.03.24,5662,daily_monday,dailyDown2
2025.03.24,2025.03.24,5652,daily_monday,dailyDown3
2025.03.24,2025.03.24,5750,daily_monday,dailyUp1
2025.03.24,2025.03.24,5760,daily_monday,dailyUp2
2025.03.24,2025.03.24,5786,daily_monday,dailyUp3
2025.03.24,2025.03.28,5655,weekly,weeklyDown1
2025.03.24,2025.03.28,5580,weekly,weeklyDown2
2025.03.24,2025.03.28,5550,weekly,weeklyDown3
2025.03.24,2025.03.28,5520,weekly,weeklyDown4
2025.03.24,2025.03.28,5480,weekly,weeklyDown5
2025.03.24,2025.03.28,5725,weekly_pivot_stacked_monday,weeklyPivot
2025.03.24,2025.03.28,5770,weekly,weeklyUp1
2025.03.24,2025.03.28,5835,weekly,weeklyUp2
2025.03.24,2025.03.28,5865,weekly_stacked_tuesday_wednesday,weeklyUp3
2025.03.24,2025.03.28,5935,weekly,weeklyUp4
2025.03.24,2025.03.28,5967,weekly,weeklyUp5
2025.03.25,2025.03.25,5795,daily_tuesday,dailyDown1
2025.03.25,2025.03.25,5786,daily_tuesday,dailyDown2
2025.03.25,2025.03.25,5760,daily_tuesday,dailyDown3
2025.03.25,2025.03.25,5819,daily_tuesday_pivot,dailyPivot
2025.03.25,2025.03.25,5840,daily_tuesday,dailyUp1
2025.03.26,2025.03.26,5795,daily_wednesday,dailyDown1
2025.03.26,2025.03.26,5786,daily_wednesday,dailyDown2
2025.03.26,2025.03.26,5760,daily_wednesday,dailyDown3
2025.03.26,2025.03.26,5819,daily_wednesday_pivot,dailyPivot
2025.03.26,2025.03.26,5848,daily_wednesday,dailyUp1
2025.03.26,2025.03.26,5883,daily_wednesday,dailyUp3
2025.03.27,2025.03.27,5743,daily_thursday,dailyDown1
2025.03.27,2025.03.27,5722,daily_thursday,dailyDown2
2025.03.27,2025.03.27,5688,daily_thursday,dailyDown3
2025.03.27,2025.03.27,5771,daily_thursday_pivot,dailyPivot
2025.03.27,2025.03.27,5791,daily_thursday,dailyUp1
2025.03.27,2025.03.27,5813,daily_thursday,dailyUp2
2025.03.27,2025.03.27,5823,daily_thursday,dailyUp3
2025.03.28,2025.03.28,5713,daily_friday,dailyDown1
2025.03.28,2025.03.28,5688,daily_friday,dailyDown2
2025.03.28,2025.03.28,5734,daily_friday_pivot,dailyPivot
2025.03.28,2025.03.28,5771,daily_friday,dailyUp1
2025.03.28,2025.03.28,5791,daily_friday,dailyUp2
2025.03.31,2025.03.31,5592,daily_monday,dailyDown1
2025.03.31,2025.03.31,5560,daily_monday,dailyDown2
2025.03.31,2025.03.31,5619,daily_monday_pivot,dailyPivot
2025.03.31,2025.03.31,5643,daily_monday,dailyUp1
2025.03.31,2025.03.31,5687,daily_monday,dailyUp3
2025.03.31,2025.04.04,5617,weekly_stacked_tuesday,weeklyDown1
2025.03.31,2025.04.04,5550,weekly_stacked_monday_thursday,weeklyDown2
2025.03.31,2025.04.04,5480,weekly,weeklyDown3
2025.03.31,2025.04.04,5450,weekly,weeklyDown4
2025.03.31,2025.04.04,5410,weekly,weeklyDown5
2025.03.31,2025.04.04,5662,weekly_pivot_stacked_monday,weeklyPivot
2025.03.31,2025.04.04,5706,weekly_stacked_tuesday_wednesday,weeklyUp1
2025.03.31,2025.04.04,5760,weekly,weeklyUp2
2025.03.31,2025.04.04,5790,weekly,weeklyUp3
2025.03.31,2025.04.04,5835,weekly,weeklyUp4
2025.03.31,2025.04.04,5865,weekly,weeklyUp5
2025.04.01,2025.04.01,5592,daily_tuesday,dailyDown2
2025.04.01,2025.04.01,5657,daily_tuesday_pivot,dailyPivot
2025.04.01,2025.04.01,5687,daily_tuesday,dailyUp1
2025.04.01,2025.04.01,5724,daily_tuesday,dailyUp3
2025.04.02,2025.04.02,5650,daily_wednesday,dailyDown1
2025.04.02,2025.04.02,5624,daily_wednesday,dailyDown2
2025.04.02,2025.04.02,5614,daily_wednesday,dailyDown3
2025.04.02,2025.04.02,5684,daily_wednesday_pivot,dailyPivot
2025.04.02,2025.04.02,5724,daily_wednesday,dailyUp2
2025.04.02,2025.04.02,5740,daily_wednesday,dailyUp3
2025.04.03,2025.04.03,5560,daily_thursday,dailyDown1
2025.04.03,2025.04.03,5520,daily_thursday,dailyDown3
2025.04.03,2025.04.03,5581,daily_thursday_pivot,dailyPivot
2025.04.03,2025.04.03,5614,daily_thursday,dailyUp1
2025.04.03,2025.04.03,5624,daily_thursday,dailyUp2
2025.04.03,2025.04.03,5647,daily_thursday,dailyUp3
2025.04.04,2025.04.04,5396,daily_friday,dailyDown1
2025.04.04,2025.04.04,5367,daily_friday,dailyDown2
2025.04.04,2025.04.04,5345,daily_friday,dailyDown3
2025.04.04,2025.04.04,5444,daily_friday_pivot,dailyPivot
2025.04.04,2025.04.04,5482,daily_friday,dailyUp1
2025.04.04,2025.04.04,5509,daily_friday,dailyUp2
2025.04.04,2025.04.04,5519,daily_friday,dailyUp3
2025.04.07,2025.04.07,5050,daily_monday,dailyDown1
2025.04.07,2025.04.07,5174,daily_monday,dailyUp1
2025.04.07,2025.04.07,5220,daily_monday,dailyUp3
2025.04.07,2025.04.11,4991,weekly_stacked_monday_tuesday,weeklyDown1
2025.04.07,2025.04.11,4934,weekly_stacked_wednesday,weeklyDown2
2025.04.07,2025.04.11,4880,weekly,weeklyDown3
2025.04.07,2025.04.11,4840,weekly,weeklyDown4
2025.04.07,2025.04.11,4808,weekly,weeklyDown5
2025.04.07,2025.04.11,4767,weekly,weeklyDown6
2025.04.07,2025.04.11,5103,weekly_pivot_stacked_monday_tuesday_wednesday,weeklyPivot
2025.04.07,2025.04.11,5210,weekly_stacked_monday,weeklyUp1
2025.04.07,2025.04.11,5290,weekly,weeklyUp2
2025.04.07,2025.04.11,5335,weekly,weeklyUp3
2025.04.07,2025.04.11,5375,weekly_stacked_friday_thursday,weeklyUp4
2025.04.07,2025.04.11,5428,weekly,weeklyUp5
2025.04.07,2025.04.11,5509,weekly_stacked_thursday,weeklyUp6
2025.04.08,2025.04.08,5060,daily_tuesday,dailyDown1
2025.04.08,2025.04.08,4971,daily_tuesday,dailyDown3
2025.04.08,2025.04.08,5150,daily_tuesday,dailyUp1
2025.04.08,2025.04.08,5205,daily_tuesday,dailyUp2
2025.04.08,2025.04.08,5225,daily_tuesday,dailyUp3
2025.04.09,2025.04.09,4870,daily_wednesday,dailyDown2
2025.04.09,2025.04.09,4993,daily_wednesday_pivot,dailyPivot
2025.04.09,2025.04.09,5064,daily_wednesday,dailyUp1
2025.04.09,2025.04.09,5170,daily_wednesday,dailyUp3
2025.04.10,2025.04.10,5475,daily_thursday,dailyDown1
2025.04.10,2025.04.10,5400,daily_thursday,dailyDown2
2025.04.10,2025.04.10,5550,daily_thursday,dailyUp1
2025.04.10,2025.04.10,5581,daily_thursday,dailyUp2
2025.04.10,2025.04.10,5610,daily_thursday,dailyUp3
2025.04.11,2025.04.11,5235,daily_friday,dailyDown1
2025.04.11,2025.04.11,5181,daily_friday,dailyDown2
2025.04.11,2025.04.11,5314,daily_friday_pivot,dailyPivot
2025.04.11,2025.04.11,5424,daily_friday,dailyUp2
2025.04.14,2025.04.14,5340,daily_monday,dailyDown1
2025.04.14,2025.04.14,5300,daily_monday,dailyDown2
2025.04.14,2025.04.14,5475,daily_monday,dailyUp1
2025.04.14,2025.04.18,5290,weekly_stacked_monday,weeklyDown1
2025.04.14,2025.04.18,5252,weekly,weeklyDown2
2025.04.14,2025.04.18,5140,weekly,weeklyDown3
2025.04.14,2025.04.18,5100,weekly,weeklyDown4
2025.04.14,2025.04.18,4991,weekly,weeklyDown5
2025.04.14,2025.04.18,4934,weekly,weeklyDown6
2025.04.14,2025.04.18,5410,weekly_pivot_stacked_monday,weeklyPivot
2025.04.14,2025.04.18,5509,weekly_stacked_monday_tuesday_wednesday,weeklyUp1
2025.04.14,2025.04.18,5550,weekly_stacked_tuesday_wednesday,weeklyUp2
2025.04.14,2025.04.18,5630,weekly,weeklyUp3
2025.04.14,2025.04.18,5670,weekly,weeklyUp4
2025.04.14,2025.04.18,5750,weekly,weeklyUp5
2025.04.14,2025.04.18,5813,weekly,weeklyUp6
2025.04.15,2025.04.15,5406,daily_tuesday,dailyDown1
2025.04.15,2025.04.15,5340,daily_tuesday,dailyDown2
2025.04.15,2025.04.15,5475,daily_tuesday_pivot,dailyPivot
2025.04.16,2025.04.16,5406,daily_wednesday,dailyDown1
2025.04.16,2025.04.16,5340,daily_wednesday,dailyDown2
2025.04.16,2025.04.16,5426,daily_wednesday_pivot,dailyPivot
2025.04.16,2025.04.16,5475,daily_wednesday,dailyUp1
2025.04.17,2025.04.17,5255,daily_thursday,dailyDown1
2025.04.17,2025.04.17,5205,daily_thursday,dailyDown2
2025.04.17,2025.04.17,5181,daily_thursday,dailyDown3
2025.04.17,2025.04.17,5317,daily_thursday_pivot,dailyPivot
2025.04.17,2025.04.17,5346,daily_thursday,dailyUp1
2025.04.17,2025.04.17,5400,daily_thursday,dailyUp2
2025.04.17,2025.04.17,5419,daily_thursday,dailyUp3
2025.04.21,2025.04.21,5205,daily_monday,dailyDown2
2025.04.21,2025.04.21,5181,daily_monday,dailyDown3
2025.04.21,2025.04.21,5298,daily_monday_pivot,dailyPivot
2025.04.21,2025.04.21,5400,daily_monday,dailyUp2
2025.04.21,2025.04.25,5290,weekly,weeklyDown1
2025.04.21,2025.04.25,5251,weekly_stacked_monday_tuesday,weeklyDown2
2025.04.21,2025.04.25,5125,weekly,weeklyDown3
2025.04.21,2025.04.25,5085,weekly_stacked_tuesday,weeklyDown4
2025.04.21,2025.04.25,4991,weekly,weeklyDown5
2025.04.21,2025.04.25,4934,weekly,weeklyDown6
2025.04.21,2025.04.25,5360,weekly_pivot_stacked_monday_wednesday,weeklyPivot
2025.04.21,2025.04.25,5419,weekly_stacked_monday_wednesday,weeklyUp1
2025.04.21,2025.04.25,5490,weekly,weeklyUp2
2025.04.21,2025.04.25,5530,weekly_stacked_friday,weeklyUp3
2025.04.21,2025.04.25,5550,weekly,weeklyUp4
2025.04.21,2025.04.25,5610,weekly,weeklyUp5
2025.04.21,2025.04.25,5670,weekly,weeklyUp6
2025.04.22,2025.04.22,5143,daily_tuesday,dailyDown1
2025.04.22,2025.04.22,5197,daily_tuesday_pivot,dailyPivot
2025.04.22,2025.04.22,5285,daily_tuesday,dailyUp2
2025.04.23,2025.04.23,5263,daily_wednesday,dailyDown1
2025.04.23,2025.04.23,5217,daily_wednesday,dailyDown2
2025.04.23,2025.04.23,5197,daily_wednesday,dailyDown3
2025.04.23,2025.04.23,5321,daily_wednesday_pivot,dailyPivot
2025.04.23,2025.04.23,5400,daily_wednesday,dailyUp2
2025.04.24,2025.04.24,5339,daily_thursday,dailyDown1
2025.04.24,2025.04.24,5315,daily_thursday,dailyDown2
2025.04.24,2025.04.24,5385,daily_thursday_pivot,dailyPivot
2025.04.24,2025.04.24,5442,daily_thursday,dailyUp1
2025.04.24,2025.04.24,5500,daily_thursday,dailyUp2
2025.04.25,2025.04.25,5467,daily_friday,dailyDown1
2025.04.25,2025.04.25,5435,daily_friday,dailyDown2
2025.04.25,2025.04.25,5496,daily_friday_pivot,dailyPivot
2025.04.25,2025.04.25,5500,daily_friday,dailyUp1
2025.04.25,2025.04.25,5581,daily_friday,dailyUp3
2025.04.28,2025.04.28,5512,daily_monday,dailyDown1
2025.04.28,2025.04.28,5581,daily_monday,dailyUp1
2025.04.28,2025.05.02,5475,weekly_stacked_monday_tuesday,weeklyDown1
2025.04.28,2025.05.02,5380,weekly,weeklyDown2
2025.04.28,2025.05.02,5340,weekly,weeklyDown3
2025.04.28,2025.05.02,5290,weekly,weeklyDown4
2025.04.28,2025.05.02,5217,weekly,weeklyDown5
2025.04.28,2025.05.02,5143,weekly,weeklyDown6
2025.04.28,2025.05.02,5550,weekly_pivot_stacked_friday_monday_thursday_tuesday_wednesday,weeklyPivot
2025.04.28,2025.05.02,5610,weekly_stacked_monday_tuesday_wednesday,weeklyUp1
2025.04.28,2025.05.02,5670,weekly_stacked_thursday,weeklyUp2
2025.04.28,2025.05.02,5715,weekly,weeklyUp3
2025.04.28,2025.05.02,5755,weekly,weeklyUp4
2025.04.28,2025.05.02,5813,weekly,weeklyUp5
2025.04.28,2025.05.02,5858,weekly,weeklyUp6
2025.04.29,2025.04.29,5512,daily_tuesday,dailyDown1
2025.04.29,2025.04.29,5575,daily_tuesday,dailyUp1
2025.04.30,2025.04.30,5512,daily_wednesday,dailyDown2
2025.04.30,2025.04.30,5575,daily_wednesday_pivot,dailyPivot
2025.04.30,2025.04.30,5647,daily_wednesday,dailyUp2
2025.05.01,2025.05.01,5512,daily_thursday,dailyDown2
2025.05.01,2025.05.01,5573,daily_thursday_pivot,dailyPivot
2025.05.01,2025.05.01,5626,daily_thursday,dailyUp1
2025.05.02,2025.05.02,5606,daily_friday,dailyDown1
2025.05.02,2025.05.02,5573,daily_friday,dailyDown2
2025.05.02,2025.05.02,5628,daily_friday_pivot,dailyPivot
2025.05.02,2025.05.02,5667,daily_friday,dailyUp1
2025.05.02,2025.05.02,5700,daily_friday,dailyUp2
2025.05.05,2025.05.05,5648,daily_monday,dailyDown2
2025.05.05,2025.05.05,5721,daily_monday_pivot,dailyPivot
2025.05.05,2025.05.05,5772,daily_monday,dailyUp2
2025.05.05,2025.05.09,5606,weekly_stacked_tuesday,weeklyDown1
2025.05.05,2025.05.09,5560,weekly,weeklyDown2
2025.05.05,2025.05.09,5525,weekly,weeklyDown3
2025.05.05,2025.05.09,5475,weekly,weeklyDown4
2025.05.05,2025.05.09,5380,weekly,weeklyDown5
2025.05.05,2025.05.09,5339,weekly,weeklyDown6
2025.05.05,2025.05.09,5677,weekly_pivot_stacked_monday,weeklyPivot
2025.05.05,2025.05.09,5750,weekly_stacked_friday_monday_tuesday,weeklyUp1
2025.05.05,2025.05.09,5813,weekly,weeklyUp2
2025.05.05,2025.05.09,5850,weekly,weeklyUp3
2025.05.05,2025.05.09,5885,weekly,weeklyUp4
2025.05.05,2025.05.09,5931,weekly,weeklyUp5
2025.05.05,2025.05.09,5967,weekly,weeklyUp6
2025.05.06,2025.05.06,5628,daily_tuesday,dailyDown1
2025.05.06,2025.05.06,5663,daily_tuesday_pivot,dailyPivot
2025.05.06,2025.05.06,5694,daily_tuesday,dailyUp1
2025.05.06,2025.05.06,5721,daily_tuesday,dailyUp2
2025.05.07,2025.05.07,5573,daily_wednesday,dailyDown1
2025.05.07,2025.05.07,5550,daily_wednesday,dailyDown2
2025.05.07,2025.05.07,5607,daily_wednesday_pivot,dailyPivot
2025.05.07,2025.05.07,5643,daily_wednesday,dailyUp1
2025.05.07,2025.05.07,5667,daily_wednesday,dailyUp2
2025.05.07,2025.05.07,5693,daily_wednesday,dailyUp3
2025.05.08,2025.05.08,5620,daily_thursday,dailyDown1
2025.05.08,2025.05.08,5610,daily_thursday,dailyDown2
2025.05.08,2025.05.08,5573,daily_thursday,dailyDown3
2025.05.08,2025.05.08,5656,daily_thursday_pivot,dailyPivot
2025.05.08,2025.05.08,5693,daily_thursday,dailyUp1
2025.05.08,2025.05.08,5721,daily_thursday,dailyUp2
2025.05.09,2025.05.09,5656,daily_friday,dailyDown1
2025.05.09,2025.05.09,5620,daily_friday,dailyDown2
2025.05.09,2025.05.09,5610,daily_friday,dailyDown3
2025.05.09,2025.05.09,5693,daily_friday_pivot,dailyPivot
2025.05.09,2025.05.09,5725,daily_friday,dailyUp1
2025.05.12,2025.05.12,5620,daily_monday,dailyDown2
2025.05.12,2025.05.12,5610,daily_monday,dailyDown3
2025.05.12,2025.05.12,5693,daily_monday_pivot,dailyPivot
2025.05.12,2025.05.12,5725,daily_monday,dailyUp1
2025.05.12,2025.05.12,5750,daily_monday,dailyUp2
2025.05.12,2025.05.16,5596,weekly,weeklyDown1
2025.05.12,2025.05.16,5550,weekly,weeklyDown2
2025.05.12,2025.05.16,5510,weekly,weeklyDown3
2025.05.12,2025.05.16,5455,weekly,weeklyDown4
2025.05.12,2025.05.16,5385,weekly,weeklyDown5
2025.05.12,2025.05.16,5656,weekly_pivot_stacked_monday,weeklyPivot
2025.05.12,2025.05.16,5741,weekly,weeklyUp1
2025.05.12,2025.05.16,5815,weekly_stacked_tuesday,weeklyUp2
2025.05.12,2025.05.16,5855,weekly_stacked_thursday_tuesday_wednesday,weeklyUp3
2025.05.12,2025.05.16,5898,weekly_stacked_tuesday,weeklyUp4
2025.05.12,2025.05.16,5931,weekly_stacked_tuesday,weeklyUp5
2025.05.13,2025.05.13,5836,daily_tuesday,dailyDown1
2025.05.13,2025.05.13,5806,daily_tuesday,dailyDown3
2025.05.13,2025.05.13,5883,daily_tuesday,dailyUp1
2025.05.14,2025.05.14,5875,daily_wednesday,dailyDown1
2025.05.14,2025.05.14,5890,daily_wednesday_pivot,dailyPivot
2025.05.14,2025.05.14,5920,daily_wednesday,dailyUp1
2025.05.14,2025.05.14,5940,daily_wednesday,dailyUp2
2025.05.14,2025.05.14,5967,daily_wednesday,dailyUp3
2025.05.15,2025.05.15,5875,daily_thursday,dailyDown1
2025.05.15,2025.05.15,5893,daily_thursday_pivot,dailyPivot
2025.05.15,2025.05.15,5921,daily_thursday,dailyUp1
2025.05.15,2025.05.15,5940,daily_thursday,dailyUp2
2025.05.15,2025.05.15,5967,daily_thursday,dailyUp3
2025.05.16,2025.05.16,5905,daily_friday,dailyDown1
2025.05.16,2025.05.16,5875,daily_friday,dailyDown2
2025.05.16,2025.05.16,5921,daily_friday_pivot,dailyPivot
2025.05.16,2025.05.16,5942,daily_friday,dailyUp1
2025.05.16,2025.05.16,5967,daily_friday,dailyUp2
2025.05.16,2025.05.16,5990,daily_friday,dailyUp3
2025.05.19,2025.05.19,5921,daily_monday,dailyDown1
2025.05.19,2025.05.19,5905,daily_monday,dailyDown3
2025.05.19,2025.05.19,5948,daily_monday_pivot,dailyPivot
2025.05.19,2025.05.19,5990,daily_monday,dailyUp2
2025.05.19,2025.05.23,5908,weekly_stacked_monday,weeklyDown1
2025.05.19,2025.05.23,5850,weekly,weeklyDown2
2025.05.19,2025.05.23,5815,weekly_stacked_friday_thursday,weeklyDown3
2025.05.19,2025.05.23,5741,weekly,weeklyDown4
2025.05.19,2025.05.23,5710,weekly,weeklyDown5
2025.05.19,2025.05.23,5967,weekly_pivot_stacked_monday_tuesday_wednesday,weeklyPivot
2025.05.19,2025.05.23,6014,weekly_stacked_monday_tuesday_wednesday,weeklyUp1
2025.05.19,2025.05.23,6085,weekly,weeklyUp2
2025.05.19,2025.05.23,6120,weekly,weeklyUp3
2025.05.19,2025.05.23,6166,weekly,weeklyUp4
2025.05.19,2025.05.23,6215,weekly,weeklyUp5
2025.05.20,2025.05.20,5948,daily_tuesday,dailyDown1
2025.05.20,2025.05.20,5921,daily_tuesday,dailyDown2
2025.05.20,2025.05.20,5988,daily_tuesday,dailyUp1
2025.05.20,2025.05.20,6034,daily_tuesday,dailyUp3
2025.05.21,2025.05.21,5927,daily_wednesday,dailyDown1
2025.05.21,2025.05.21,5905,daily_wednesday,dailyDown2
2025.05.21,2025.05.21,5949,daily_wednesday_pivot,dailyPivot
2025.05.21,2025.05.21,5988,daily_wednesday,dailyUp2
2025.05.22,2025.05.22,5836,daily_thursday,dailyDown1
2025.05.22,2025.05.22,5806,daily_thursday,dailyDown3
2025.05.22,2025.05.22,5875,daily_thursday_pivot,dailyPivot
2025.05.22,2025.05.22,5905,daily_thursday,dailyUp1
2025.05.22,2025.05.22,5915,daily_thursday,dailyUp2
2025.05.23,2025.05.23,5836,daily_friday,dailyDown1
2025.05.23,2025.05.23,5806,daily_friday,dailyDown3
2025.05.23,2025.05.23,5875,daily_friday_pivot,dailyPivot
2025.05.23,2025.05.23,5905,daily_friday,dailyUp1
2025.05.23,2025.05.23,5915,daily_friday,dailyUp2
2025.05.26,2025.05.26,5801,daily_monday_pivot,dailyPivot
2025.05.26,2025.05.26,5858,daily_monday,dailyUp2
2025.05.26,2025.05.26,5884,daily_monday,dailyUp3
2025.05.26,2025.05.30,5780,weekly_stacked_monday,weeklyDown1
2025.05.26,2025.05.30,5741,weekly_stacked_monday,weeklyDown2
2025.05.26,2025.05.30,5710,weekly,weeklyDown3
2025.05.26,2025.05.30,5678,weekly,weeklyDown4
2025.05.26,2025.05.30,5650,weekly,weeklyDown5
2025.05.26,2025.05.30,5596,weekly,weeklyDown6
2025.05.26,2025.05.30,5841,weekly_pivot_stacked_monday,weeklyPivot
2025.05.26,2025.05.30,5908,weekly_stacked_wednesday,weeklyUp1
2025.05.26,2025.05.30,5960,weekly,weeklyUp2
2025.05.26,2025.05.30,5988,weekly_stacked_friday_wednesday,weeklyUp3
2025.05.26,2025.05.30,6014,weekly,weeklyUp4
2025.05.26,2025.05.30,6082,weekly,weeklyUp5
2025.05.28,2025.05.28,5889,daily_wednesday,dailyDown2
2025.05.28,2025.05.28,5879,daily_wednesday,dailyDown3
2025.05.28,2025.05.28,5924,daily_wednesday_pivot,dailyPivot
2025.05.28,2025.05.28,5948,daily_wednesday,dailyUp1
2025.05.28,2025.05.28,5967,daily_wednesday,dailyUp2
2025.05.29,2025.05.29,5879,daily_thursday,dailyDown1
2025.05.29,2025.05.29,5843,daily_thursday,dailyDown2
2025.05.29,2025.05.29,5904,daily_thursday_pivot,dailyPivot
2025.05.29,2025.05.29,5936,daily_thursday,dailyUp1
2025.05.29,2025.05.29,5967,daily_thursday,dailyUp2
2025.05.30,2025.05.30,5879,daily_friday,dailyDown1
2025.05.30,2025.05.30,5843,daily_friday,dailyDown2
2025.05.30,2025.05.30,5907,daily_friday_pivot,dailyPivot
2025.05.30,2025.05.30,5936,daily_friday,dailyUp1
2025.05.30,2025.05.30,5967,daily_friday,dailyUp2
2025.06.02,2025.06.02,5885,daily_monday,dailyDown1
2025.06.02,2025.06.02,5858,daily_monday,dailyDown2
2025.06.02,2025.06.02,5930,daily_monday_pivot,dailyPivot
2025.06.02,2025.06.06,5843,weekly_stacked_monday,weeklyDown1
2025.06.02,2025.06.06,5780,weekly,weeklyDown2
2025.06.02,2025.06.06,5740,weekly,weeklyDown3
2025.06.02,2025.06.06,5710,weekly,weeklyDown4
2025.06.02,2025.06.06,5650,weekly,weeklyDown5
2025.06.02,2025.06.06,5955,weekly_pivot_stacked_monday_tuesday,weeklyPivot
2025.06.02,2025.06.06,5988,weekly_stacked_friday_monday_thursday_tuesday_wednesday,weeklyUp1
2025.06.02,2025.06.06,6045,weekly,weeklyUp2
2025.06.02,2025.06.06,6085,weekly,weeklyUp3
2025.06.02,2025.06.06,6134,weekly,weeklyUp4
2025.06.02,2025.06.06,6166,weekly,weeklyUp5
2025.06.03,2025.06.03,5916,daily_tuesday,dailyDown1
2025.06.03,2025.06.03,5886,daily_tuesday,dailyDown2
2025.06.03,2025.06.03,5933,daily_tuesday_pivot,dailyPivot
2025.06.04,2025.06.04,5968,daily_wednesday,dailyDown1
2025.06.04,2025.06.04,5960,daily_wednesday,dailyDown2
2025.06.04,2025.06.04,5927,daily_wednesday,dailyDown3
2025.06.04,2025.06.04,5917,daily_wednesday,dailyDown4
2025.06.04,2025.06.04,6014,daily_wednesday,dailyUp1
2025.06.04,2025.06.04,6034,daily_wednesday,dailyUp2
2025.06.05,2025.06.05,5968,daily_thursday,dailyDown1
2025.06.05,2025.06.05,5960,daily_thursday,dailyDown2
2025.06.05,2025.06.05,5927,daily_thursday,dailyDown3
2025.06.05,2025.06.05,5917,daily_thursday,dailyDown4
2025.06.05,2025.06.05,6014,daily_thursday,dailyUp1
2025.06.05,2025.06.05,6034,daily_thursday,dailyUp2
2025.06.06,2025.06.06,5916,daily_friday,dailyDown1
2025.06.06,2025.06.06,5886,daily_friday,dailyDown2
2025.06.06,2025.06.06,5956,daily_friday_pivot,dailyPivot
2025.06.06,2025.06.06,5982,daily_friday,dailyUp1
2025.06.06,2025.06.06,6014,daily_friday,dailyUp3
2025.06.09,2025.06.09,5995,daily_monday,dailyDown1
2025.06.09,2025.06.09,5956,daily_monday,dailyDown3
2025.06.09,2025.06.09,6019,daily_monday_pivot,dailyPivot
2025.06.09,2025.06.09,6034,daily_monday,dailyUp1
2025.06.09,2025.06.13,5916,weekly,weeklyDown1
2025.06.09,2025.06.13,5875,weekly,weeklyDown2
2025.06.09,2025.06.13,5840,weekly,weeklyDown3
2025.06.09,2025.06.13,5780,weekly,weeklyDown4
2025.06.09,2025.06.13,5741,weekly,weeklyDown5
2025.06.09,2025.06.13,5988,weekly_pivot_stacked_monday_thursday_tuesday,weeklyPivot
2025.06.09,2025.06.13,6050,weekly_stacked_monday_tuesday,weeklyUp1
2025.06.09,2025.06.13,6135,weekly,weeklyUp2
2025.06.09,2025.06.13,6170,weekly,weeklyUp3
2025.06.09,2025.06.13,6225,weekly,weeklyUp4
2025.06.09,2025.06.13,6260,weekly,weeklyUp5
2025.06.10,2025.06.10,6000,daily_tuesday,dailyDown1
2025.06.10,2025.06.10,5956,daily_tuesday,dailyDown3
2025.06.10,2025.06.10,6022,daily_tuesday_pivot,dailyPivot
2025.06.10,2025.06.10,6034,daily_tuesday,dailyUp1
2025.06.11,2025.06.11,6016,daily_wednesday,dailyDown1
2025.06.11,2025.06.11,6000,daily_wednesday,dailyDown2
2025.06.11,2025.06.11,6034,daily_wednesday_pivot,dailyPivot
2025.06.11,2025.06.11,6066,daily_wednesday,dailyUp1
2025.06.11,2025.06.11,6082,daily_wednesday,dailyUp2
2025.06.12,2025.06.12,6016,daily_thursday,dailyDown1
2025.06.12,2025.06.12,6000,daily_thursday,dailyDown2
2025.06.12,2025.06.12,6034,daily_thursday_pivot,dailyPivot
2025.06.12,2025.06.12,6058,daily_thursday,dailyUp1
2025.06.12,2025.06.12,6082,daily_thursday,dailyUp2
2025.06.13,2025.06.13,6020,daily_friday,dailyDown1
2025.06.13,2025.06.13,6000,daily_friday,dailyDown2
2025.06.13,2025.06.13,6034,daily_friday_pivot,dailyPivot
2025.06.13,2025.06.13,6058,daily_friday,dailyUp1
2025.06.13,2025.06.13,6082,daily_friday,dailyUp2
2025.06.13,2025.06.13,6105,daily_friday,dailyUp3
2025.06.16,2025.06.16,6017,daily_monday,dailyDown1
2025.06.16,2025.06.16,6000,daily_monday,dailyDown2
2025.06.16,2025.06.16,6040,daily_monday_pivot,dailyPivot
2025.06.16,2025.06.16,6082,daily_monday,dailyUp2
2025.06.16,2025.06.20,5979,weekly_stacked_monday_thursday_wednesday,weeklyDown1
2025.06.16,2025.06.20,5920,weekly,weeklyDown2
2025.06.16,2025.06.20,5885,weekly,weeklyDown3
2025.06.16,2025.06.20,5843,weekly,weeklyDown4
2025.06.16,2025.06.20,5780,weekly,weeklyDown5
2025.06.16,2025.06.20,6031,weekly_pivot,weeklyPivot
2025.06.16,2025.06.20,6058,weekly_stacked_monday,weeklyUp1
2025.06.16,2025.06.20,6135,weekly,weeklyUp2
2025.06.16,2025.06.20,6170,weekly,weeklyUp3
2025.06.16,2025.06.20,6225,weekly,weeklyUp4
2025.06.16,2025.06.20,6260,weekly,weeklyUp5
2025.06.17,2025.06.17,6060,daily_tuesday,dailyDown1
2025.06.17,2025.06.17,6038,daily_tuesday,dailyDown2
2025.06.17,2025.06.17,6082,daily_tuesday_pivot,dailyPivot
2025.06.17,2025.06.17,6103,daily_tuesday,dailyUp1
2025.06.17,2025.06.17,6134,daily_tuesday,dailyUp2
2025.06.17,2025.06.17,6149,daily_tuesday,dailyUp3
2025.06.18,2025.06.18,6007,daily_wednesday,dailyDown1
2025.06.18,2025.06.18,6032,daily_wednesday_pivot,dailyPivot
2025.06.18,2025.06.18,6053,daily_wednesday,dailyUp1
2025.06.18,2025.06.18,6070,daily_wednesday,dailyUp2
2025.06.18,2025.06.18,6080,daily_wednesday,dailyUp3
2025.06.19,2025.06.19,6028,daily_thursday,dailyDown1
2025.06.19,2025.06.19,6007,daily_thursday,dailyDown2
2025.06.19,2025.06.19,6050,daily_thursday_pivot,dailyPivot
2025.06.19,2025.06.19,6070,daily_thursday,dailyUp1
2025.06.19,2025.06.19,6080,daily_thursday,dailyUp2
2025.06.19,2025.06.19,6103,daily_thursday,dailyUp3
2025.06.23,2025.06.23,5956,daily_monday,dailyDown2
2025.06.23,2025.06.23,6008,daily_monday_pivot,dailyPivot
2025.06.23,2025.06.23,6034,daily_monday,dailyUp1
2025.06.23,2025.06.23,6070,daily_monday,dailyUp3
2025.06.23,2025.06.27,5979,weekly_stacked_monday,weeklyDown1
2025.06.23,2025.06.27,5895,weekly,weeklyDown2
2025.06.23,2025.06.27,5855,weekly,weeklyDown3
2025.06.23,2025.06.27,5843,weekly,weeklyDown4
2025.06.23,2025.06.27,5780,weekly,weeklyDown5
2025.06.23,2025.06.27,6042,weekly_pivot_stacked_monday_tuesday,weeklyPivot
2025.06.23,2025.06.27,6080,weekly_stacked_monday,weeklyUp1
2025.06.23,2025.06.27,6135,weekly,weeklyUp2
2025.06.23,2025.06.27,6175,weekly_stacked_friday_thursday,weeklyUp3
2025.06.23,2025.06.27,6225,weekly_stacked_friday,weeklyUp4
2025.06.23,2025.06.27,6260,weekly,weeklyUp5
2025.06.24,2025.06.24,6034,daily_tuesday,dailyDown2
2025.06.24,2025.06.24,6008,daily_tuesday,dailyDown3
2025.06.24,2025.06.24,6071,daily_tuesday_pivot,dailyPivot
2025.06.24,2025.06.24,6103,daily_tuesday,dailyUp1
2025.06.24,2025.06.24,6134,daily_tuesday,dailyUp2
2025.06.25,2025.06.25,6109,daily_wednesday,dailyDown1
2025.06.25,2025.06.25,6081,daily_wednesday,dailyDown2
2025.06.25,2025.06.25,6130,daily_wednesday_pivot,dailyPivot
2025.06.25,2025.06.25,6166,daily_wednesday,dailyUp1
2025.06.25,2025.06.25,6170,daily_wednesday,dailyUp2
2025.06.25,2025.06.25,6200,daily_wednesday,dailyUp3
2025.06.26,2025.06.26,6109,daily_thursday,dailyDown1
2025.06.26,2025.06.26,6081,daily_thursday,dailyDown2
2025.06.26,2025.06.26,6130,daily_thursday_pivot,dailyPivot
2025.06.26,2025.06.26,6166,daily_thursday,dailyUp1
2025.06.26,2025.06.26,6200,daily_thursday,dailyUp3
2025.06.27,2025.06.27,6146,daily_friday,dailyDown2
2025.06.27,2025.06.27,6198,daily_friday_pivot,dailyPivot
2025.06.27,2025.06.27,6250,daily_friday,dailyUp2
2025.06.30,2025.06.30,6174,daily_monday,dailyDown2
2025.06.30,2025.06.30,6214,daily_monday_pivot,dailyPivot
2025.06.30,2025.06.30,6240,daily_monday,dailyUp1
2025.06.30,2025.06.30,6275,daily_monday,dailyUp3
2025.06.30,2025.07.04,6166,weekly_stacked_monday,weeklyDown1
2025.06.30,2025.07.04,6110,weekly,weeklyDown2
2025.06.30,2025.07.04,6080,weekly,weeklyDown3
2025.06.30,2025.07.04,6042,weekly,weeklyDown4
2025.06.30,2025.07.04,5979,weekly,weeklyDown5
2025.06.30,2025.07.04,6198,weekly_pivot_stacked_monday_tuesday_wednesday,weeklyPivot
2025.06.30,2025.07.04,6250,weekly_stacked_monday,weeklyUp1
2025.06.30,2025.07.04,6305,weekly,weeklyUp2
2025.06.30,2025.07.04,6335,weekly,weeklyUp3
2025.06.30,2025.07.04,6380,weekly,weeklyUp4
2025.06.30,2025.07.04,6430,weekly,weeklyUp5
2025.07.01,2025.07.01,6239,daily_tuesday,dailyDown1
2025.07.01,2025.07.01,6214,daily_tuesday,dailyDown2
2025.07.01,2025.07.01,6256,daily_tuesday_pivot,dailyPivot
2025.07.01,2025.07.01,6280,daily_tuesday,dailyUp1
2025.07.01,2025.07.01,6300,daily_tuesday,dailyUp2
2025.07.02,2025.07.02,6239,daily_wednesday,dailyDown1
2025.07.02,2025.07.02,6214,daily_wednesday,dailyDown2
2025.07.02,2025.07.02,6256,daily_wednesday_pivot,dailyPivot
2025.07.02,2025.07.02,6280,daily_wednesday,dailyUp1
2025.07.02,2025.07.02,6300,daily_wednesday,dailyUp2
2025.07.03,2025.07.03,6262,daily_thursday,dailyDown1
2025.07.03,2025.07.03,6256,daily_thursday,dailyDown2
2025.07.03,2025.07.03,6239,daily_thursday,dailyDown3
2025.07.03,2025.07.03,6274,daily_thursday_pivot,dailyPivot
2025.07.03,2025.07.03,6300,daily_thursday,dailyUp1
2025.07.03,2025.07.03,6320,daily_thursday,dailyUp2
2025.07.07,2025.07.07,6260,daily_monday,dailyDown1
2025.07.07,2025.07.07,6245,daily_monday,dailyDown2
2025.07.07,2025.07.07,6239,daily_monday,dailyDown3
2025.07.07,2025.07.07,6310,daily_monday,dailyUp1
2025.07.07,2025.07.11,6246,weekly,weeklyDown1
2025.07.07,2025.07.11,6195,weekly,weeklyDown2
2025.07.07,2025.07.11,6160,weekly,weeklyDown3
2025.07.07,2025.07.11,6110,weekly,weeklyDown4
2025.07.07,2025.07.11,6081,weekly,weeklyDown5
2025.07.07,2025.07.11,6276,weekly_pivot_stacked_monday_tuesday,weeklyPivot
2025.07.07,2025.07.11,6333,weekly_stacked_friday_monday_thursday_tuesday_wednesday,weeklyUp1
2025.07.07,2025.07.11,6375,weekly_stacked_friday,weeklyUp2
2025.07.07,2025.07.11,6430,weekly,weeklyUp3
2025.07.07,2025.07.11,6465,weekly,weeklyUp4
2025.07.07,2025.07.11,6500,weekly,weeklyUp5
2025.07.08,2025.07.08,6260,daily_tuesday,dailyDown1
2025.07.08,2025.07.08,6245,daily_tuesday,dailyDown2
2025.07.08,2025.07.08,6239,daily_tuesday,dailyDown3
2025.07.08,2025.07.08,6214,daily_tuesday,dailyDown4
2025.07.08,2025.07.08,6310,daily_tuesday,dailyUp1
2025.07.09,2025.07.09,6245,daily_wednesday,dailyDown1
2025.07.09,2025.07.09,6239,daily_wednesday,dailyDown2
2025.07.09,2025.07.09,6214,daily_wednesday,dailyDown3
2025.07.09,2025.07.09,6263,daily_wednesday_pivot,dailyPivot
2025.07.09,2025.07.09,6284,daily_wednesday,dailyUp1
2025.07.09,2025.07.09,6310,daily_wednesday,dailyUp2
2025.07.10,2025.07.10,6271,daily_thursday,dailyDown1
2025.07.10,2025.07.10,6245,daily_thursday,dailyDown2
2025.07.10,2025.07.10,6239,daily_thursday,dailyDown3
2025.07.10,2025.07.10,6294,daily_thursday_pivot,dailyPivot
2025.07.10,2025.07.10,6318,daily_thursday,dailyUp1
2025.07.10,2025.07.10,6355,daily_thursday,dailyUp3
2025.07.11,2025.07.11,6294,daily_friday,dailyDown1
2025.07.11,2025.07.11,6271,daily_friday,dailyDown2
2025.07.11,2025.07.11,6315,daily_friday_pivot,dailyPivot
2025.07.11,2025.07.11,6355,daily_friday,dailyUp2
2025.07.14,2025.07.14,6290,daily_monday_pivot,dailyPivot
2025.07.14,2025.07.14,6310,daily_monday,dailyUp1
2025.07.14,2025.07.14,6333,daily_monday,dailyUp2
2025.07.14,2025.07.14,6355,daily_monday,dailyUp3
2025.07.14,2025.07.18,6246,weekly_stacked_monday_thursday_tuesday_wednesday,weeklyDown1
2025.07.14,2025.07.18,6175,weekly,weeklyDown2
2025.07.14,2025.07.18,6145,weekly,weeklyDown3
2025.07.14,2025.07.18,6110,weekly,weeklyDown4
2025.07.14,2025.07.18,6081,weekly,weeklyDown5
2025.07.14,2025.07.18,6271,weekly_pivot_stacked_monday_thursday_tuesday_wednesday,weeklyPivot
2025.07.14,2025.07.18,6335,weekly,weeklyUp1
2025.07.14,2025.07.18,6430,weekly,weeklyUp2
2025.07.14,2025.07.18,6460,weekly,weeklyUp3
2025.07.14,2025.07.18,6500,weekly,weeklyUp4
2025.07.14,2025.07.18,6540,weekly,weeklyUp5
2025.07.15,2025.07.15,6295,daily_tuesday,dailyDown1
2025.07.15,2025.07.15,6314,daily_tuesday_pivot,dailyPivot
2025.07.15,2025.07.15,6333,daily_tuesday,dailyUp1
2025.07.15,2025.07.15,6355,daily_tuesday,dailyUp2
2025.07.16,2025.07.16,6224,daily_wednesday,dailyDown3
2025.07.16,2025.07.16,6214,daily_wednesday,dailyDown4
2025.07.16,2025.07.16,6291,daily_wednesday_pivot,dailyPivot
2025.07.16,2025.07.16,6315,daily_wednesday,dailyUp1
2025.07.16,2025.07.16,6338,daily_wednesday,dailyUp2
2025.07.17,2025.07.17,6291,daily_thursday_pivot,dailyPivot
2025.07.17,2025.07.17,6315,daily_thursday,dailyUp1
2025.07.17,2025.07.17,6338,daily_thursday,dailyUp2
2025.07.17,2025.07.17,6355,daily_thursday,dailyUp3
2025.07.18,2025.07.18,6323,daily_friday,dailyDown1
2025.07.18,2025.07.18,6304,daily_friday,dailyDown2
2025.07.18,2025.07.18,6336,daily_friday_pivot,dailyPivot
2025.07.18,2025.07.18,6355,daily_friday,dailyUp1
2025.07.18,2025.07.18,6375,daily_friday,dailyUp2
2025.07.21,2025.07.21,6304,daily_monday,dailyDown1
2025.07.21,2025.07.21,6289,daily_monday,dailyDown2
2025.07.21,2025.07.21,6343,daily_monday,dailyUp1
2025.07.21,2025.07.21,6357,daily_monday,dailyUp2
2025.07.21,2025.07.21,6375,daily_monday,dailyUp3
2025.07.21,2025.07.25,6265,weekly,weeklyDown1
2025.07.21,2025.07.25,6225,weekly,weeklyDown2
2025.07.21,2025.07.25,6195,weekly,weeklyDown3
2025.07.21,2025.07.25,6166,weekly,weeklyDown4
2025.07.21,2025.07.25,6110,weekly,weeklyDown5
2025.07.21,2025.07.25,6323,weekly_pivot_stacked_monday_tuesday_wednesday,weeklyPivot
2025.07.21,2025.07.25,6400,weekly_stacked_tuesday_wednesday,weeklyUp1
2025.07.21,2025.07.25,6450,weekly_stacked_friday_thursday,weeklyUp2
2025.07.21,2025.07.25,6480,weekly,weeklyUp3
2025.07.21,2025.07.25,6500,weekly,weeklyUp4
2025.07.21,2025.07.25,6540,weekly,weeklyUp5
2025.07.22,2025.07.22,6332,daily_tuesday,dailyDown1
2025.07.22,2025.07.22,6304,daily_tuesday,dailyDown3
2025.07.22,2025.07.22,6289,daily_tuesday,dailyDown4
2025.07.22,2025.07.22,6355,daily_tuesday_pivot,dailyPivot
2025.07.22,2025.07.22,6374,daily_tuesday,dailyUp1
2025.07.23,2025.07.23,6304,daily_wednesday,dailyDown2
2025.07.23,2025.07.23,6289,daily_wednesday,dailyDown3
2025.07.23,2025.07.23,6353,daily_wednesday_pivot,dailyPivot
2025.07.23,2025.07.23,6374,daily_wednesday,dailyUp1
2025.07.24,2025.07.24,6374,daily_thursday,dailyDown1
2025.07.24,2025.07.24,6353,daily_thursday,dailyDown2
2025.07.24,2025.07.24,6394,daily_thursday_pivot,dailyPivot
2025.07.24,2025.07.24,6413,daily_thursday,dailyUp1
2025.07.24,2025.07.24,6430,daily_thursday,dailyUp2
2025.07.25,2025.07.25,6374,daily_friday,dailyDown1
2025.07.25,2025.07.25,6353,daily_friday,dailyDown2
2025.07.25,2025.07.25,6394,daily_friday_pivot,dailyPivot
2025.07.25,2025.07.25,6414,daily_friday,dailyUp1
2025.07.25,2025.07.25,6430,daily_friday,dailyUp2
2025.07.28,2025.07.28,6394,daily_monday,dailyDown1
2025.07.28,2025.07.28,6431,daily_monday,dailyUp1
2025.07.28,2025.07.28,6470,daily_monday,dailyUp3
2025.07.28,2025.08.01,6374,weekly_stacked_monday_thursday_tuesday_wednesday,weeklyDown1
2025.07.28,2025.08.01,6335,weekly,weeklyDown2
2025.07.28,2025.08.01,6305,weekly,weeklyDown3
2025.07.28,2025.08.01,6265,weekly,weeklyDown4
2025.07.28,2025.08.01,6225,weekly,weeklyDown5
2025.07.28,2025.08.01,6416,weekly_pivot_stacked_monday_tuesday,weeklyPivot
2025.07.28,2025.08.01,6450,weekly_stacked_monday_thursday_tuesday_wednesday,weeklyUp1
2025.07.28,2025.08.01,6510,weekly,weeklyUp2
2025.07.28,2025.08.01,6540,weekly,weeklyUp3
2025.07.28,2025.08.01,6580,weekly,weeklyUp4
2025.07.28,2025.08.01,6620,weekly,weeklyUp5
2025.07.29,2025.07.29,6394,daily_tuesday,dailyDown1
2025.07.29,2025.07.29,6431,daily_tuesday,dailyUp1
2025.07.29,2025.07.29,6470,daily_tuesday,dailyUp3
2025.07.30,2025.07.30,6353,daily_wednesday,dailyDown2
2025.07.30,2025.07.30,6394,daily_wednesday_pivot,dailyPivot
2025.07.30,2025.07.30,6418,daily_wednesday,dailyUp1
2025.07.30,2025.07.30,6431,daily_wednesday,dailyUp2
2025.07.31,2025.07.31,6353,daily_thursday,dailyDown2
2025.07.31,2025.07.31,6402,daily_thursday_pivot,dailyPivot
2025.07.31,2025.07.31,6424,daily_thursday,dailyUp1
2025.07.31,2025.07.31,6457,daily_thursday,dailyUp3
2025.08.01,2025.08.01,6353,daily_friday,dailyDown1
2025.08.01,2025.08.01,6336,daily_friday,dailyDown2
2025.08.01,2025.08.01,6323,daily_friday,dailyDown3
2025.08.01,2025.08.01,6366,daily_friday_pivot,dailyPivot
2025.08.01,2025.08.01,6398,daily_friday,dailyUp1
2025.08.01,2025.08.01,6406,daily_friday,dailyUp2
2025.08.01,2025.08.01,6428,daily_friday,dailyUp3
2025.08.04,2025.08.04,6200,daily_monday,dailyDown2
2025.08.04,2025.08.04,6249,daily_monday_pivot,dailyPivot
2025.08.04,2025.08.04,6278,daily_monday,dailyUp1
2025.08.04,2025.08.04,6323,daily_monday,dailyUp3
2025.08.04,2025.08.08,6224,weekly_stacked_monday,weeklyDown1
2025.08.04,2025.08.08,6166,weekly,weeklyDown2
2025.08.04,2025.08.08,6115,weekly,weeklyDown3
2025.08.04,2025.08.08,6080,weekly,weeklyDown4
2025.08.04,2025.08.08,6042,weekly,weeklyDown5
2025.08.04,2025.08.08,6304,weekly_pivot_stacked_friday_monday_tuesday_wednesday,weeklyPivot
2025.08.04,2025.08.08,6358,weekly_stacked_thursday_wednesday,weeklyUp1
2025.08.04,2025.08.08,6415,weekly,weeklyUp2
2025.08.04,2025.08.08,6450,weekly,weeklyUp3
2025.08.04,2025.08.08,6468,weekly,weeklyUp4
2025.08.04,2025.08.08,6500,weekly,weeklyUp5
2025.08.05,2025.08.05,6331,daily_tuesday,dailyDown1
2025.08.05,2025.08.05,6354,daily_tuesday_pivot,dailyPivot
2025.08.05,2025.08.05,6375,daily_tuesday,dailyUp1
2025.08.05,2025.08.05,6402,daily_tuesday,dailyUp2
2025.08.05,2025.08.05,6410,daily_tuesday,dailyUp3
2025.08.06,2025.08.06,6278,daily_wednesday,dailyDown2
2025.08.06,2025.08.06,6323,daily_wednesday_pivot,dailyPivot
2025.08.06,2025.08.06,6349,daily_wednesday,dailyUp1
2025.08.06,2025.08.06,6375,daily_wednesday,dailyUp3
2025.08.07,2025.08.07,6351,daily_thursday,dailyDown2
2025.08.07,2025.08.07,6323,daily_thursday,dailyDown3
2025.08.07,2025.08.07,6377,daily_thursday_pivot,dailyPivot
2025.08.07,2025.08.07,6402,daily_thursday,dailyUp1
2025.08.07,2025.08.07,6428,daily_thursday,dailyUp2
2025.08.08,2025.08.08,6353,daily_friday,dailyDown1
2025.08.08,2025.08.08,6323,daily_friday,dailyDown2
2025.08.08,2025.08.08,6375,daily_friday_pivot,dailyPivot
2025.08.08,2025.08.08,6397,daily_friday,dailyUp1
2025.08.08,2025.08.08,6428,daily_friday,dailyUp2
2025.08.11,2025.08.11,6400,daily_monday,dailyDown1
2025.08.11,2025.08.11,6383,daily_monday,dailyDown2
2025.08.11,2025.08.11,6417,daily_monday_pivot,dailyPivot
2025.08.11,2025.08.11,6441,daily_monday,dailyUp1
2025.08.11,2025.08.15,6310,weekly,weeklyDown1
2025.08.11,2025.08.15,6280,weekly,weeklyDown2
2025.08.11,2025.08.15,6224,weekly,weeklyDown3
2025.08.11,2025.08.15,6166,weekly,weeklyDown4
2025.08.11,2025.08.15,6081,weekly,weeklyDown5
2025.08.11,2025.08.15,6375,weekly_pivot_stacked_monday_tuesday,weeklyPivot
2025.08.11,2025.08.15,6451,weekly_stacked_friday_monday_thursday_tuesday_wednesday,weeklyUp1
2025.08.11,2025.08.15,6468,weekly_stacked_monday,weeklyUp2
2025.08.11,2025.08.15,6530,weekly,weeklyUp3
2025.08.11,2025.08.15,6560,weekly,weeklyUp4
2025.08.11,2025.08.15,6615,weekly,weeklyUp5
2025.08.11,2025.08.15,6660,weekly,weeklyUp6
2025.08.12,2025.08.12,6383,daily_tuesday,dailyDown1
2025.08.12,2025.08.12,6353,daily_tuesday,dailyDown3
2025.08.12,2025.08.12,6396,daily_tuesday_pivot,dailyPivot
2025.08.12,2025.08.12,6419,daily_tuesday,dailyUp1
2025.08.12,2025.08.12,6441,daily_tuesday,dailyUp2
2025.08.13,2025.08.13,6443,daily_wednesday,dailyDown2
2025.08.13,2025.08.13,6414,daily_wednesday,dailyDown3
2025.08.13,2025.08.13,6467,daily_wednesday_pivot,dailyPivot
2025.08.13,2025.08.13,6485,daily_wednesday,dailyUp1
2025.08.13,2025.08.13,6502,daily_wednesday,dailyUp2
2025.08.13,2025.08.13,6520,daily_wednesday,dailyUp3
2025.08.14,2025.08.14,6467,daily_thursday,dailyDown1
2025.08.14,2025.08.14,6443,daily_thursday,dailyDown3
2025.08.14,2025.08.14,6480,daily_thursday_pivot,dailyPivot
2025.08.14,2025.08.14,6498,daily_thursday,dailyUp1
2025.08.14,2025.08.14,6520,daily_thursday,dailyUp2
2025.08.14,2025.08.14,6540,daily_thursday,dailyUp3
2025.08.15,2025.08.15,6467,daily_friday,dailyDown1
2025.08.15,2025.08.15,6443,daily_friday,dailyDown3
2025.08.15,2025.08.15,6480,daily_friday_pivot,dailyPivot
2025.08.15,2025.08.15,6498,daily_friday,dailyUp1
2025.08.15,2025.08.15,6520,daily_friday,dailyUp2
2025.08.15,2025.08.15,6540,daily_friday,dailyUp3
2025.08.18,2025.08.18,6443,daily_monday,dailyDown2
2025.08.18,2025.08.18,6419,daily_monday,dailyDown3
2025.08.18,2025.08.18,6467,daily_monday_pivot,dailyPivot
2025.08.18,2025.08.18,6483,daily_monday,dailyUp1
2025.08.18,2025.08.18,6498,daily_monday,dailyUp2
2025.08.18,2025.08.18,6520,daily_monday,dailyUp3
2025.08.18,2025.08.22,6375,weekly_stacked_wednesday,weeklyDown1
2025.08.18,2025.08.22,6345,weekly_stacked_friday_thursday,weeklyDown2
2025.08.18,2025.08.22,6280,weekly,weeklyDown3
2025.08.18,2025.08.22,6224,weekly,weeklyDown4
2025.08.18,2025.08.22,6166,weekly,weeklyDown5
2025.08.18,2025.08.22,6451,weekly_pivot_stacked_friday_monday_thursday_tuesday_wednesday,weeklyPivot
2025.08.18,2025.08.22,6502,weekly,weeklyUp1
2025.08.18,2025.08.22,6508,weekly,weeklyUp2
2025.08.18,2025.08.22,6570,weekly,weeklyUp3
2025.08.18,2025.08.22,6600,weekly,weeklyUp4
2025.08.18,2025.08.22,6660,weekly,weeklyUp5
2025.08.18,2025.08.22,6700,weekly,weeklyUp6
2025.08.19,2025.08.19,6443,daily_tuesday,dailyDown2
2025.08.19,2025.08.19,6419,daily_tuesday,dailyDown3
2025.08.19,2025.08.19,6462,daily_tuesday_pivot,dailyPivot
2025.08.19,2025.08.19,6480,daily_tuesday,dailyUp1
2025.08.19,2025.08.19,6498,daily_tuesday,dailyUp2
2025.08.19,2025.08.19,6520,daily_tuesday,dailyUp3
2025.08.20,2025.08.20,6406,daily_wednesday,dailyDown1
2025.08.20,2025.08.20,6421,daily_wednesday_pivot,dailyPivot
2025.08.20,2025.08.20,6461,daily_wednesday,dailyUp2
2025.08.20,2025.08.20,6480,daily_wednesday,dailyUp3
2025.08.21,2025.08.21,6394,daily_thursday,dailyDown1
2025.08.21,2025.08.21,6387,daily_thursday,dailyDown2
2025.08.21,2025.08.21,6353,daily_thursday,dailyDown3
2025.08.21,2025.08.21,6424,daily_thursday_pivot,dailyPivot
2025.08.21,2025.08.21,6461,daily_thursday,dailyUp2
2025.08.22,2025.08.22,6376,daily_friday,dailyDown1
2025.08.22,2025.08.22,6353,daily_friday,dailyDown2
2025.08.22,2025.08.22,6398,daily_friday_pivot,dailyPivot
2025.08.22,2025.08.22,6420,daily_friday,dailyUp1
2025.08.22,2025.08.22,6461,daily_friday,dailyUp3
2025.08.25,2025.08.25,6458,daily_monday,dailyDown1
2025.08.25,2025.08.25,6428,daily_monday,dailyDown3
2025.08.25,2025.08.25,6474,daily_monday_pivot,dailyPivot
2025.08.25,2025.08.25,6495,daily_monday,dailyUp1
2025.08.25,2025.08.25,6525,daily_monday,dailyUp3
2025.08.25,2025.08.29,6385,weekly,weeklyDown1
2025.08.25,2025.08.29,6365,weekly,weeklyDown2
2025.08.25,2025.08.29,6323,weekly,weeklyDown3
2025.08.25,2025.08.29,6280,weekly,weeklyDown4
2025.08.25,2025.08.29,6224,weekly,weeklyDown5
2025.08.25,2025.08.29,6451,weekly_pivot_stacked_monday_thursday_tuesday_wednesday,weeklyPivot
2025.08.25,2025.08.29,6502,weekly_stacked_friday,weeklyUp1
2025.08.25,2025.08.29,6508,weekly_stacked_monday_thursday_tuesday_wednesday,weeklyUp2
2025.08.25,2025.08.29,6585,weekly,weeklyUp3
2025.08.25,2025.08.29,6605,weekly,weeklyUp4
2025.08.25,2025.08.29,6660,weekly,weeklyUp5
2025.08.25,2025.08.29,6700,weekly,weeklyUp6
2025.08.26,2025.08.26,6428,daily_tuesday,dailyDown2
2025.08.26,2025.08.26,6408,daily_tuesday,dailyDown3
2025.08.26,2025.08.26,6464,daily_tuesday_pivot,dailyPivot
2025.08.26,2025.08.26,6480,daily_tuesday,dailyUp1
2025.08.26,2025.08.26,6495,daily_tuesday,dailyUp2
2025.08.27,2025.08.27,6464,daily_wednesday,dailyDown1
2025.08.27,2025.08.27,6428,daily_wednesday,dailyDown3
2025.08.27,2025.08.27,6477,daily_wednesday_pivot,dailyPivot
2025.08.27,2025.08.27,6495,daily_wednesday,dailyUp1
2025.08.27,2025.08.27,6525,daily_wednesday,dailyUp3
2025.08.28,2025.08.28,6464,daily_thursday,dailyDown1
2025.08.28,2025.08.28,6485,daily_thursday_pivot,dailyPivot
2025.08.28,2025.08.28,6525,daily_thursday,dailyUp2
2025.08.28,2025.08.28,6540,daily_thursday,dailyUp3
2025.08.29,2025.08.29,6485,daily_friday,dailyDown2
2025.08.29,2025.08.29,6477,daily_friday,dailyDown3
2025.08.29,2025.08.29,6521,daily_friday_pivot,dailyPivot
2025.08.29,2025.08.29,6540,daily_friday,dailyUp1
2025.08.29,2025.08.29,6563,daily_friday,dailyUp2
2025.09.01,2025.09.01,6460,daily_monday,dailyDown1
2025.09.01,2025.09.01,6428,daily_monday,dailyDown3
2025.09.01,2025.09.01,6480,daily_monday_pivot,dailyPivot
2025.09.01,2025.09.01,6521,daily_monday,dailyUp2
2025.09.01,2025.09.05,6370,weekly,weeklyDown1
2025.09.01,2025.09.05,6345,weekly,weeklyDown2
2025.09.01,2025.09.05,6280,weekly,weeklyDown3
2025.09.01,2025.09.05,6224,weekly,weeklyDown4
2025.09.01,2025.09.05,6166,weekly,weeklyDown5
2025.09.01,2025.09.05,6445,weekly_pivot_stacked_monday_thursday_wednesday,weeklyPivot
2025.09.01,2025.09.05,6502,weekly_stacked_monday_thursday,weeklyUp1
2025.09.01,2025.09.05,6570,weekly,weeklyUp2
2025.09.01,2025.09.05,6600,weekly,weeklyUp3
2025.09.01,2025.09.05,6645,weekly,weeklyUp4
2025.09.01,2025.09.05,6695,weekly,weeklyUp5
2025.09.03,2025.09.03,6397,daily_wednesday,dailyDown1
2025.09.03,2025.09.03,6375,daily_wednesday,dailyDown2
2025.09.03,2025.09.03,6425,daily_wednesday_pivot,dailyPivot
2025.09.03,2025.09.03,6455,daily_wednesday,dailyUp2
2025.09.03,2025.09.03,6480,daily_wednesday,dailyUp3
2025.09.04,2025.09.04,6425,daily_thursday,dailyDown1
2025.09.04,2025.09.04,6397,daily_thursday,dailyDown2
2025.09.04,2025.09.04,6464,daily_thursday,dailyUp1
2025.09.04,2025.09.04,6480,daily_thursday,dailyUp2
2025.09.05,2025.09.05,6480,daily_friday,dailyDown1
2025.09.05,2025.09.05,6463,daily_friday,dailyDown2
2025.09.05,2025.09.05,6498,daily_friday_pivot,dailyPivot
2025.09.05,2025.09.05,6523,daily_friday,dailyUp1
2025.09.05,2025.09.05,6540,daily_friday,dailyUp2
2025.09.05,2025.09.05,6564,daily_friday,dailyUp3
2025.09.08,2025.09.08,6465,daily_monday,dailyDown1
2025.09.08,2025.09.08,6494,daily_monday_pivot,dailyPivot
2025.09.08,2025.09.08,6542,daily_monday,dailyUp2
2025.09.08,2025.09.12,6451,weekly_stacked_monday_tuesday,weeklyDown1
2025.09.08,2025.09.12,6395,weekly,weeklyDown2
2025.09.08,2025.09.12,6365,weekly,weeklyDown3
2025.09.08,2025.09.12,6280,weekly,weeklyDown4
2025.09.08,2025.09.12,6224,weekly,weeklyDown5
2025.09.08,2025.09.12,6523,weekly_pivot_stacked_monday_tuesday,weeklyPivot
2025.09.08,2025.09.12,6585,weekly,weeklyUp1
2025.09.08,2025.09.12,6615,weekly_stacked_friday,weeklyUp2
2025.09.08,2025.09.12,6655,weekly,weeklyUp3
2025.09.08,2025.09.12,6695,weekly,weeklyUp4
2025.09.08,2025.09.12,6730,weekly,weeklyUp5
2025.09.09,2025.09.09,6465,daily_tuesday,dailyDown1
2025.09.09,2025.09.09,6494,daily_tuesday_pivot,dailyPivot
2025.09.09,2025.09.09,6542,daily_tuesday,dailyUp2
2025.09.10,2025.09.10,6494,daily_wednesday,dailyDown1
2025.09.10,2025.09.10,6465,daily_wednesday,dailyDown2
2025.09.10,2025.09.10,6519,daily_wednesday_pivot,dailyPivot
2025.09.10,2025.09.10,6542,daily_wednesday,dailyUp1
2025.09.10,2025.09.10,6564,daily_wednesday,dailyUp2
2025.09.11,2025.09.11,6519,daily_thursday,dailyDown1
2025.09.11,2025.09.11,6494,daily_thursday,dailyDown2
2025.09.11,2025.09.11,6542,daily_thursday_pivot,dailyPivot
2025.09.11,2025.09.11,6565,daily_thursday,dailyUp1
2025.09.11,2025.09.11,6580,daily_thursday,dailyUp2
2025.09.11,2025.09.11,6596,daily_thursday,dailyUp3
2025.09.12,2025.09.12,6579,daily_friday,dailyDown1
2025.09.12,2025.09.12,6562,daily_friday,dailyDown2
2025.09.12,2025.09.12,6542,daily_friday,dailyDown3
2025.09.12,2025.09.12,6595,daily_friday_pivot,dailyPivot
2025.09.12,2025.09.12,6633,daily_friday,dailyUp2
2025.09.15,2025.09.15,6619,daily_monday,dailyDown1
2025.09.15,2025.09.15,6595,daily_monday,dailyDown2
2025.09.15,2025.09.15,6654,daily_monday,dailyUp1
2025.09.15,2025.09.15,6673,daily_monday,dailyUp2
2025.09.15,2025.09.19,6588,weekly_stacked_monday,weeklyDown1
2025.09.15,2025.09.19,6545,weekly,weeklyDown2
2025.09.15,2025.09.19,6520,weekly,weeklyDown3
2025.09.15,2025.09.19,6451,weekly,weeklyDown4
2025.09.15,2025.09.19,6365,weekly,weeklyDown5
2025.09.15,2025.09.19,6645,weekly_pivot_stacked_monday_tuesday_wednesday,weeklyPivot
2025.09.15,2025.09.19,6700,weekly_stacked_monday,weeklyUp1
2025.09.15,2025.09.19,6745,weekly_stacked_friday,weeklyUp2
2025.09.15,2025.09.19,6770,weekly,weeklyUp3
2025.09.15,2025.09.19,6810,weekly,weeklyUp4
2025.09.15,2025.09.19,6850,weekly,weeklyUp5
2025.09.16,2025.09.16,6625,daily_tuesday,dailyDown2
2025.09.16,2025.09.16,6667,daily_tuesday_pivot,dailyPivot
2025.09.16,2025.09.16,6691,daily_tuesday,dailyUp1
2025.09.16,2025.09.16,6705,daily_tuesday,dailyUp2
2025.09.16,2025.09.16,6725,daily_tuesday,dailyUp3
2025.09.17,2025.09.17,6663,daily_wednesday,dailyDown1
2025.09.17,2025.09.17,6625,daily_wednesday,dailyDown3
2025.09.17,2025.09.17,6681,daily_wednesday_pivot,dailyPivot
2025.09.17,2025.09.17,6696,daily_wednesday,dailyUp1
2025.09.17,2025.09.17,6725,daily_wednesday,dailyUp2
2025.09.18,2025.09.18,6625,daily_thursday,dailyDown1
2025.09.18,2025.09.18,6611,daily_thursday,dailyDown2
2025.09.18,2025.09.18,6649,daily_thursday_pivot,dailyPivot
2025.09.18,2025.09.18,6681,daily_thursday,dailyUp1
2025.09.18,2025.09.18,6696,daily_thursday,dailyUp2
2025.09.18,2025.09.18,6708,daily_thursday,dailyUp3
2025.09.19,2025.09.19,6670,daily_friday,dailyDown1
2025.09.19,2025.09.19,6649,daily_friday,dailyDown2
2025.09.19,2025.09.19,6687,daily_friday_pivot,dailyPivot
2025.09.19,2025.09.19,6707,daily_friday,dailyUp1
2025.09.19,2025.09.19,6719,daily_friday,dailyUp2
2025.09.22,2025.09.22,6693,daily_monday,dailyDown1
2025.09.22,2025.09.22,6731,daily_monday,dailyUp1
2025.09.22,2025.09.22,6750,daily_monday,dailyUp2
2025.09.22,2025.09.26,6670,weekly_stacked_friday_monday_thursday_wednesday,weeklyDown1
2025.09.22,2025.09.26,6610,weekly,weeklyDown2
2025.09.22,2025.09.26,6580,weekly,weeklyDown3
2025.09.22,2025.09.26,6523,weekly,weeklyDown4
2025.09.22,2025.09.26,6470,weekly,weeklyDown5
2025.09.22,2025.09.26,6714,weekly_pivot_stacked_monday_tuesday,weeklyPivot
2025.09.22,2025.09.26,6767,weekly_stacked_monday_tuesday_wednesday,weeklyUp1
2025.09.22,2025.09.26,6825,weekly,weeklyUp2
2025.09.22,2025.09.26,6855,weekly,weeklyUp3
2025.09.22,2025.09.26,6895,weekly,weeklyUp4
2025.09.22,2025.09.26,6945,weekly,weeklyUp5
2025.09.23,2025.09.23,6729,daily_tuesday,dailyDown1
2025.09.23,2025.09.23,6693,daily_tuesday,dailyDown3
2025.09.23,2025.09.23,6742,daily_tuesday_pivot,dailyPivot
2025.09.23,2025.09.23,6784,daily_tuesday,dailyUp2
2025.09.23,2025.09.23,6800,daily_tuesday,dailyUp3
2025.09.24,2025.09.24,6700,daily_wednesday,dailyDown1
2025.09.24,2025.09.24,6693,daily_wednesday,dailyDown2
2025.09.24,2025.09.24,6731,daily_wednesday_pivot,dailyPivot
2025.09.24,2025.09.24,6746,daily_wednesday,dailyUp1
2025.09.25,2025.09.25,6649,daily_thursday,dailyDown2
2025.09.25,2025.09.25,6706,daily_thursday_pivot,dailyPivot
2025.09.25,2025.09.25,6731,daily_thursday,dailyUp1
2025.09.25,2025.09.25,6746,daily_thursday,dailyUp2
2025.09.26,2025.09.26,6631,daily_friday,dailyDown1
2025.09.26,2025.09.26,6611,daily_friday,dailyDown2
2025.09.26,2025.09.26,6650,daily_friday_pivot,dailyPivot
2025.09.26,2025.09.26,6678,daily_friday,dailyUp2
2025.09.26,2025.09.26,6710,daily_friday,dailyUp3
2025.09.29,2025.09.29,6650,daily_monday,dailyDown2
2025.09.29,2025.09.29,6687,daily_monday_pivot,dailyPivot
2025.09.29,2025.09.29,6706,daily_monday,dailyUp1
2025.09.29,2025.09.29,6746,daily_monday,dailyUp3
2025.09.29,2025.10.03,6631,weekly,weeklyDown1
2025.09.29,2025.10.03,6590,weekly,weeklyDown2
2025.09.29,2025.10.03,6560,weekly,weeklyDown3
2025.09.29,2025.10.03,6523,weekly,weeklyDown4
2025.09.29,2025.10.03,6470,weekly,weeklyDown5
2025.09.29,2025.10.03,6670,weekly_pivot_stacked_monday_tuesday,weeklyPivot
2025.09.29,2025.10.03,6731,weekly_stacked_monday_tuesday,weeklyUp1
2025.09.29,2025.10.03,6800,weekly,weeklyUp2
2025.09.29,2025.10.03,6830,weekly_stacked_friday,weeklyUp3
2025.09.29,2025.10.03,6865,weekly,weeklyUp4
2025.09.29,2025.10.03,6900,weekly,weeklyUp5
2025.09.30,2025.09.30,6701,daily_tuesday,dailyDown1
2025.09.30,2025.09.30,6687,daily_tuesday,dailyDown2
2025.09.30,2025.09.30,6716,daily_tuesday_pivot,dailyPivot
2025.09.30,2025.09.30,6746,daily_tuesday,dailyUp2
2025.09.30,2025.09.30,6767,daily_tuesday,dailyUp3
2025.10.01,2025.10.01,6714,daily_wednesday,dailyDown1
2025.10.01,2025.10.01,6687,daily_wednesday,dailyDown2
2025.10.01,2025.10.01,6732,daily_wednesday_pivot,dailyPivot
2025.10.01,2025.10.01,6757,daily_wednesday,dailyUp1
2025.10.01,2025.10.01,6767,daily_wednesday,dailyUp2
2025.10.01,2025.10.01,6784,daily_wednesday,dailyUp3
2025.10.02,2025.10.02,6732,daily_thursday,dailyDown1
2025.10.02,2025.10.02,6712,daily_thursday,dailyDown2
2025.10.02,2025.10.02,6757,daily_thursday_pivot,dailyPivot
2025.10.02,2025.10.02,6786,daily_thursday,dailyUp1
2025.10.02,2025.10.02,6813,daily_thursday,dailyUp2
2025.10.03,2025.10.03,6732,daily_friday,dailyDown1
2025.10.03,2025.10.03,6712,daily_friday,dailyDown2
2025.10.03,2025.10.03,6757,daily_friday_pivot,dailyPivot
2025.10.03,2025.10.03,6779,daily_friday,dailyUp1
2025.10.03,2025.10.03,6803,daily_friday,dailyUp2
2025.10.06,2025.10.06,6732,daily_monday,dailyDown1
2025.10.06,2025.10.06,6779,daily_monday,dailyUp1
2025.10.06,2025.10.06,6822,daily_monday,dailyUp3
2025.10.06,2025.10.10,6712,weekly_stacked_monday_wednesday,weeklyDown1
2025.10.06,2025.10.10,6640,weekly,weeklyDown2
2025.10.06,2025.10.10,6610,weekly,weeklyDown3
2025.10.06,2025.10.10,6560,weekly,weeklyDown4
2025.10.06,2025.10.10,6523,weekly,weeklyDown5
2025.10.06,2025.10.10,6757,weekly_pivot_stacked_monday_tuesday,weeklyPivot
2025.10.06,2025.10.10,6800,weekly_stacked_monday_tuesday,weeklyUp1
2025.10.06,2025.10.10,6875,weekly,weeklyUp2
2025.10.06,2025.10.10,6905,weekly,weeklyUp3
2025.10.06,2025.10.10,6950,weekly,weeklyUp4
2025.10.07,2025.10.07,6732,daily_tuesday,dailyDown2
2025.10.07,2025.10.07,6777,daily_tuesday_pivot,dailyPivot
2025.10.07,2025.10.07,6822,daily_tuesday,dailyUp2
2025.10.07,2025.10.07,6840,daily_tuesday,dailyUp3
2025.10.08,2025.10.08,6747,daily_wednesday,dailyDown1
2025.10.08,2025.10.08,6732,daily_wednesday,dailyDown2
2025.10.08,2025.10.08,6767,daily_wednesday_pivot,dailyPivot
2025.10.08,2025.10.08,6797,daily_wednesday,dailyUp1
2025.10.08,2025.10.08,6820,daily_wednesday,dailyUp2
2025.10.09,2025.10.09,6790,daily_thursday,dailyDown1
2025.10.09,2025.10.09,6773,daily_thursday,dailyDown2
2025.10.09,2025.10.09,6747,daily_thursday,dailyDown3
2025.10.09,2025.10.09,6803,daily_thursday_pivot,dailyPivot
2025.10.09,2025.10.09,6817,daily_thursday,dailyUp1
2025.10.09,2025.10.09,6843,daily_thursday,dailyUp2
2025.10.09,2025.10.09,6863,daily_thursday,dailyUp3
2025.10.10,2025.10.10,6747,daily_friday,dailyDown1
2025.10.10,2025.10.10,6732,daily_friday,dailyDown2
2025.10.10,2025.10.10,6766,daily_friday_pivot,dailyPivot
2025.10.10,2025.10.10,6792,daily_friday,dailyUp1
2025.10.10,2025.10.10,6812,daily_friday,dailyUp2
2025.10.10,2025.10.10,6838,daily_friday,dailyUp3
2025.10.13,2025.10.13,6560,daily_monday,dailyDown1
2025.10.13,2025.10.13,6525,daily_monday,dailyDown2
2025.10.13,2025.10.13,6619,daily_monday,dailyUp1
2025.10.13,2025.10.13,6670,daily_monday,dailyUp3
2025.10.13,2025.10.17,6540,weekly,weeklyDown1
2025.10.13,2025.10.17,6470,weekly,weeklyDown2
2025.10.13,2025.10.17,6435,weekly,weeklyDown3
2025.10.13,2025.10.17,6371,weekly,weeklyDown4
2025.10.13,2025.10.17,6280,weekly,weeklyDown5
2025.10.13,2025.10.17,6592,weekly_pivot_stacked_monday,weeklyPivot
2025.10.13,2025.10.17,6642,weekly_stacked_monday_tuesday,weeklyUp1
2025.10.13,2025.10.17,6715,weekly,weeklyUp2
2025.10.13,2025.10.17,6750,weekly_stacked_friday_thursday_tuesday_wednesday,weeklyUp3
2025.10.13,2025.10.17,6812,weekly,weeklyUp4
2025.10.13,2025.10.17,6855,weekly,weeklyUp5
2025.10.14,2025.10.14,6662,daily_tuesday,dailyDown1
2025.10.14,2025.10.14,6682,daily_tuesday_pivot,dailyPivot
2025.10.14,2025.10.14,6706,daily_tuesday,dailyUp1
2025.10.14,2025.10.14,6724,daily_tuesday,dailyUp2
2025.10.15,2025.10.15,6670,daily_wednesday,dailyDown1
2025.10.15,2025.10.15,6662,daily_wednesday,dailyDown2
2025.10.15,2025.10.15,6637,daily_wednesday,dailyDown3
2025.10.15,2025.10.15,6610,daily_wednesday,dailyDown4
2025.10.15,2025.10.15,6705,daily_wednesday_pivot,dailyPivot
2025.10.15,2025.10.15,6724,daily_wednesday,dailyUp1
2025.10.16,2025.10.16,6698,daily_thursday,dailyDown1
2025.10.16,2025.10.16,6670,daily_thursday,dailyDown2
2025.10.16,2025.10.16,6637,daily_thursday,dailyDown3
2025.10.16,2025.10.16,6724,daily_thursday_pivot,dailyPivot
2025.10.16,2025.10.16,6784,daily_thursday,dailyUp2
2025.10.17,2025.10.17,6637,daily_friday,dailyDown1
2025.10.17,2025.10.17,6610,daily_friday,dailyDown2
2025.10.17,2025.10.17,6670,daily_friday_pivot,dailyPivot
2025.10.17,2025.10.17,6695,daily_friday,dailyUp1
2025.10.17,2025.10.17,6717,daily_friday,dailyUp2
2025.10.20,2025.10.20,6637,daily_monday,dailyDown2
2025.10.20,2025.10.20,6698,daily_monday_pivot,dailyPivot
2025.10.20,2025.10.20,6744,daily_monday,dailyUp2
2025.10.20,2025.10.20,6767,daily_monday,dailyUp3
2025.10.20,2025.10.24,6660,weekly_stacked_monday_thursday,weeklyDown1
2025.10.20,2025.10.24,6592,weekly,weeklyDown2
2025.10.20,2025.10.24,6550,weekly,weeklyDown3
2025.10.20,2025.10.24,6520,weekly,weeklyDown4
2025.10.20,2025.10.24,6469,weekly,weeklyDown5
2025.10.20,2025.10.24,6719,weekly_pivot_stacked_friday_monday_thursday,weeklyPivot
2025.10.20,2025.10.24,6806,weekly,weeklyUp1
2025.10.20,2025.10.24,6812,weekly_stacked_friday_tuesday_wednesday,weeklyUp2
2025.10.20,2025.10.24,6855,weekly,weeklyUp3
2025.10.20,2025.10.24,6885,weekly,weeklyUp4
2025.10.20,2025.10.24,6930,weekly,weeklyUp5
2025.10.20,2025.10.24,6970,weekly,weeklyUp6
2025.10.21,2025.10.21,6748,daily_tuesday,dailyDown1
2025.10.21,2025.10.21,6718,daily_tuesday,dailyDown2
2025.10.21,2025.10.21,6767,daily_tuesday_pivot,dailyPivot
2025.10.21,2025.10.21,6784,daily_tuesday,dailyUp1
2025.10.21,2025.10.21,6809,daily_tuesday,dailyUp2
2025.10.21,2025.10.21,6828,daily_tuesday,dailyUp4
2025.10.22,2025.10.22,6748,daily_wednesday,dailyDown1
2025.10.22,2025.10.22,6718,daily_wednesday,dailyDown2
2025.10.22,2025.10.22,6767,daily_wednesday_pivot,dailyPivot
2025.10.22,2025.10.22,6787,daily_wednesday,dailyUp1
2025.10.22,2025.10.22,6809,daily_wednesday,dailyUp2
2025.10.22,2025.10.22,6828,daily_wednesday,dailyUp4
2025.10.23,2025.10.23,6698,daily_thursday,dailyDown1
2025.10.23,2025.10.23,6752,daily_thursday,dailyUp1
2025.10.23,2025.10.23,6774,daily_thursday,dailyUp2
2025.10.23,2025.10.23,6787,daily_thursday,dailyUp3
2025.10.24,2025.10.24,6645,daily_friday,dailyDown2
2025.10.24,2025.10.24,6766,daily_friday_pivot,dailyPivot
2025.10.24,2025.10.24,6787,daily_friday,dailyUp1
2025.10.24,2025.10.24,6808,daily_friday,dailyUp2
2025.10.24,2025.10.24,6828,daily_friday,dailyUp4
2025.10.27,2025.10.27,6766,daily_monday,dailyDown2
2025.10.27,2025.10.27,6841,daily_monday,dailyUp1
2025.10.27,2025.10.27,6858,daily_monday,dailyUp2
2025.10.27,2025.10.27,6882,daily_monday,dailyUp3
2025.10.27,2025.10.31,6785,weekly_stacked_monday,weeklyDown1
2025.10.27,2025.10.31,6690,weekly,weeklyDown2
2025.10.27,2025.10.31,6660,weekly,weeklyDown3
2025.10.27,2025.10.31,6592,weekly,weeklyDown4
2025.10.27,2025.10.31,6520,weekly,weeklyDown5
2025.10.27,2025.10.31,6812,weekly_pivot_stacked_friday_monday,weeklyPivot
2025.10.27,2025.10.31,6885,weekly,weeklyUp1
2025.10.27,2025.10.31,6950,weekly_stacked_tuesday,weeklyUp2
2025.10.27,2025.10.31,6980,weekly_stacked_thursday_wednesday,weeklyUp3
2025.10.27,2025.10.31,7035,weekly,weeklyUp4
2025.10.27,2025.10.31,7075,weekly,weeklyUp5
2025.10.28,2025.10.28,6883,daily_tuesday,dailyDown1
2025.10.28,2025.10.28,6859,daily_tuesday,dailyDown2
2025.10.28,2025.10.28,6841,daily_tuesday,dailyDown3
2025.10.28,2025.10.28,6899,daily_tuesday_pivot,dailyPivot
2025.10.28,2025.10.28,6923,daily_tuesday,dailyUp1
2025.10.29,2025.10.29,6899,daily_wednesday,dailyDown1
2025.10.29,2025.10.29,6883,daily_wednesday,dailyDown2
2025.10.29,2025.10.29,6859,daily_wednesday,dailyDown3
2025.10.29,2025.10.29,6927,daily_wednesday_pivot,dailyPivot
2025.10.29,2025.10.29,6940,daily_wednesday,dailyUp1
2025.10.29,2025.10.29,6958,daily_wednesday,dailyUp2
2025.10.30,2025.10.30,6889,daily_thursday,dailyDown1
2025.10.30,2025.10.30,6859,daily_thursday,dailyDown2
2025.10.30,2025.10.30,6908,daily_thursday_pivot,dailyPivot
2025.10.30,2025.10.30,6936,daily_thursday,dailyUp1
2025.10.30,2025.10.30,6958,daily_thursday,dailyUp2
2025.10.31,2025.10.31,6841,daily_friday,dailyDown1
2025.10.31,2025.10.31,6868,daily_friday_pivot,dailyPivot
2025.10.31,2025.10.31,6888,daily_friday,dailyUp1
2025.10.31,2025.10.31,6908,daily_friday,dailyUp2
2025.11.03,2025.11.03,6860,daily_monday,dailyDown1
2025.11.03,2025.11.03,6812,daily_monday,dailyDown3
2025.11.03,2025.11.03,6890,daily_monday_pivot,dailyPivot
2025.11.03,2025.11.03,6936,daily_monday,dailyUp2
2025.11.03,2025.11.07,6785,weekly_stacked_thursday_wednesday,weeklyDown1
2025.11.03,2025.11.07,6730,weekly,weeklyDown2
2025.11.03,2025.11.07,6700,weekly_stacked_friday,weeklyDown3
2025.11.03,2025.11.07,6660,weekly,weeklyDown4
2025.11.03,2025.11.07,6591,weekly,weeklyDown5
2025.11.03,2025.11.07,6841,weekly_pivot_stacked_monday_tuesday,weeklyPivot
2025.11.03,2025.11.07,6908,weekly_stacked_monday,weeklyUp1
2025.11.03,2025.11.07,6953,weekly,weeklyUp2
2025.11.03,2025.11.07,7000,weekly,weeklyUp3
2025.11.03,2025.11.07,7030,weekly,weeklyUp4
2025.11.03,2025.11.07,7065,weekly,weeklyUp5
2025.11.04,2025.11.04,6812,daily_tuesday,dailyDown2
2025.11.04,2025.11.04,6868,daily_tuesday_pivot,dailyPivot
2025.11.04,2025.11.04,6900,daily_tuesday,dailyUp1
2025.11.04,2025.11.04,6936,daily_tuesday,dailyUp2
2025.11.05,2025.11.05,6766,daily_wednesday,dailyDown2
2025.11.05,2025.11.05,6745,daily_wednesday,dailyDown3
2025.11.05,2025.11.05,6816,daily_wednesday_pivot,dailyPivot
2025.11.05,2025.11.05,6839,daily_wednesday,dailyUp1
2025.11.05,2025.11.05,6849,daily_wednesday,dailyUp2
2025.11.05,2025.11.05,6868,daily_wednesday,dailyUp3
2025.11.06,2025.11.06,6765,daily_thursday,dailyDown2
2025.11.06,2025.11.06,6810,daily_thursday_pivot,dailyPivot
2025.11.06,2025.11.06,6843,daily_thursday,dailyUp1
2025.11.06,2025.11.06,6868,daily_thursday,dailyUp2
2025.11.07,2025.11.07,6743,daily_friday,dailyDown1
2025.11.07,2025.11.07,6720,daily_friday,dailyDown2
2025.11.07,2025.11.07,6772,daily_friday_pivot,dailyPivot
2025.11.07,2025.11.07,6790,daily_friday,dailyUp1
2025.11.07,2025.11.07,6812,daily_friday,dailyUp2
2025.11.10,2025.11.10,6687,daily_monday,dailyDown2
2025.11.10,2025.11.10,6745,daily_monday_pivot,dailyPivot
2025.11.10,2025.11.10,6772,daily_monday,dailyUp1
2025.11.10,2025.11.10,6812,daily_monday,dailyUp3
2025.11.10,2025.11.14,6724,weekly_stacked_friday_monday,weeklyDown1
2025.11.10,2025.11.14,6670,weekly,weeklyDown2
2025.11.10,2025.11.14,6610,weekly,weeklyDown3
2025.11.10,2025.11.14,6580,weekly,weeklyDown4
2025.11.10,2025.11.14,6520,weekly,weeklyDown5
2025.11.10,2025.11.14,6790,weekly_pivot_stacked_monday_tuesday,weeklyPivot
2025.11.10,2025.11.14,6843,weekly_stacked_tuesday,weeklyUp1
2025.11.10,2025.11.14,6905,weekly,weeklyUp2
2025.11.10,2025.11.14,6935,weekly_stacked_thursday_wednesday,weeklyUp3
2025.11.10,2025.11.14,6953,weekly,weeklyUp4
2025.11.10,2025.11.14,7000,weekly,weeklyUp5
2025.11.11,2025.11.11,6816,daily_tuesday,dailyDown1
2025.11.11,2025.11.11,6868,daily_tuesday,dailyUp1
2025.11.11,2025.11.11,6900,daily_tuesday,dailyUp2
2025.11.11,2025.11.11,6910,daily_tuesday,dailyUp3
2025.11.12,2025.11.12,6852,daily_wednesday,dailyDown1
2025.11.12,2025.11.12,6836,daily_wednesday,dailyDown2
2025.11.12,2025.11.12,6812,daily_wednesday,dailyDown3
2025.11.12,2025.11.12,6866,daily_wednesday_pivot,dailyPivot
2025.11.12,2025.11.12,6885,daily_wednesday,dailyUp1
2025.11.12,2025.11.12,6900,daily_wednesday,dailyUp2
2025.11.12,2025.11.12,6909,daily_wednesday,dailyUp3
2025.11.13,2025.11.13,6852,daily_thursday,dailyDown1
2025.11.13,2025.11.13,6836,daily_thursday,dailyDown2
2025.11.13,2025.11.13,6812,daily_thursday,dailyDown3
2025.11.13,2025.11.13,6865,daily_thursday_pivot,dailyPivot
2025.11.13,2025.11.13,6885,daily_thursday,dailyUp1
2025.11.13,2025.11.13,6900,daily_thursday,dailyUp2
2025.11.13,2025.11.13,6909,daily_thursday,dailyUp3
2025.11.14,2025.11.14,6745,daily_friday,dailyDown1
2025.11.14,2025.11.14,6687,daily_friday,dailyDown3
2025.11.14,2025.11.14,6778,daily_friday_pivot,dailyPivot
2025.11.14,2025.11.14,6799,daily_friday,dailyUp1
2025.11.14,2025.11.14,6817,daily_friday,dailyUp2
2025.11.17,2025.11.17,6692,daily_monday,dailyDown2
2025.11.17,2025.11.17,6747,daily_monday_pivot,dailyPivot
2025.11.17,2025.11.17,6817,daily_monday,dailyUp2
2025.11.17,2025.11.21,6727,weekly_stacked_monday,weeklyDown1
2025.11.17,2025.11.21,6670,weekly_stacked_tuesday,weeklyDown2
2025.11.17,2025.11.21,6610,weekly,weeklyDown3
2025.11.17,2025.11.21,6580,weekly_stacked_wednesday,weeklyDown4
2025.11.17,2025.11.21,6520,weekly,weeklyDown5
2025.11.17,2025.11.21,6790,weekly_pivot_stacked_monday,weeklyPivot
2025.11.17,2025.11.21,6852,weekly,weeklyUp1
2025.11.17,2025.11.21,6905,weekly,weeklyUp2
2025.11.17,2025.11.21,6935,weekly,weeklyUp3
2025.11.17,2025.11.21,6953,weekly,weeklyUp4
2025.11.17,2025.11.21,7000,weekly,weeklyUp5
2025.11.18,2025.11.18,6630,daily_tuesday,dailyDown2
2025.11.18,2025.11.18,6715,daily_tuesday_pivot,dailyPivot
2025.11.18,2025.11.18,6736,daily_tuesday,dailyUp1
2025.11.18,2025.11.18,6770,daily_tuesday,dailyUp2
2025.11.19,2025.11.19,6615,daily_wednesday,dailyDown1
2025.11.19,2025.11.19,6560,daily_wednesday,dailyDown3
2025.11.19,2025.11.19,6656,daily_wednesday_pivot,dailyPivot
2025.11.19,2025.11.19,6679,daily_wednesday,dailyUp1
2025.11.19,2025.11.19,6715,daily_wednesday,dailyUp2
2025.11.20,2025.11.20,6643,daily_thursday,dailyDown1
2025.11.20,2025.11.20,6615,daily_thursday,dailyDown2
2025.11.20,2025.11.20,6591,daily_thursday,dailyDown3
2025.11.20,2025.11.20,6680,daily_thursday_pivot,dailyPivot
2025.11.20,2025.11.20,6715,daily_thursday,dailyUp1
2025.11.20,2025.11.20,6736,daily_thursday,dailyUp2
2025.11.21,2025.11.21,6542,daily_friday,dailyDown1
2025.11.21,2025.11.21,6494,daily_friday,dailyDown2
2025.11.21,2025.11.21,6470,daily_friday,dailyDown3
2025.11.21,2025.11.21,6573,daily_friday_pivot,dailyPivot
2025.11.21,2025.11.21,6609,daily_friday,dailyUp1
2025.11.21,2025.11.21,6652,daily_friday,dailyUp2
2025.11.24,2025.11.24,6644,daily_monday_pivot,dailyPivot
2025.11.24,2025.11.24,6708,daily_monday,dailyUp2
2025.11.24,2025.11.28,6542,weekly_stacked_monday,weeklyDown1
2025.11.24,2025.11.28,6470,weekly,weeklyDown2
2025.11.24,2025.11.28,6440,weekly,weeklyDown3
2025.11.24,2025.11.28,6360,weekly,weeklyDown4
2025.11.24,2025.11.28,6280,weekly,weeklyDown5
2025.11.24,2025.11.28,6592,weekly_pivot_stacked_monday,weeklyPivot
2025.11.24,2025.11.28,6670,weekly_stacked_monday_tuesday,weeklyUp1
2025.11.24,2025.11.28,6760,weekly_stacked_thursday_tuesday_wednesday,weeklyUp2
2025.11.24,2025.11.28,6790,weekly_stacked_tuesday_wednesday,weeklyUp3
2025.11.24,2025.11.28,6852,weekly_stacked_thursday_wednesday,weeklyUp4
2025.11.24,2025.11.28,6905,weekly,weeklyUp5
2025.11.25,2025.11.25,6689,daily_tuesday,dailyDown1
2025.11.25,2025.11.25,6650,daily_tuesday,dailyDown3
2025.11.25,2025.11.25,6710,daily_tuesday_pivot,dailyPivot
2025.11.25,2025.11.25,6730,daily_tuesday,dailyUp1
2025.11.26,2025.11.26,6741,daily_wednesday,dailyDown2
2025.11.26,2025.11.26,6717,daily_wednesday,dailyDown3
2025.11.26,2025.11.26,6817,daily_wednesday,dailyUp1
2025.11.27,2025.11.27,6792,daily_thursday,dailyDown1
2025.11.27,2025.11.27,6824,daily_thursday_pivot,dailyPivot
2025.11.27,2025.11.27,6865,daily_thursday,dailyUp2
2025.11.27,2025.11.27,6885,daily_thursday,dailyUp3
2025.12.01,2025.12.01,6824,daily_monday,dailyDown1
2025.12.01,2025.12.01,6864,daily_monday,dailyUp1
2025.12.01,2025.12.01,6905,daily_monday,dailyUp3
2025.12.01,2025.12.05,6792,weekly_stacked_friday_monday_thursday_tuesday_wednesday,weeklyDown1
2025.12.01,2025.12.05,6740,weekly,weeklyDown2
2025.12.01,2025.12.05,6710,weekly,weeklyDown3
2025.12.01,2025.12.05,6670,weekly,weeklyDown4
2025.12.01,2025.12.05,6592,weekly,weeklyDown5
2025.12.01,2025.12.05,6847,weekly_pivot_stacked_monday,weeklyPivot
2025.12.01,2025.12.05,6892,weekly_stacked_friday_monday_thursday_tuesday_wednesday,weeklyUp1
2025.12.01,2025.12.05,6953,weekly,weeklyUp2
2025.12.01,2025.12.05,7000,weekly,weeklyUp3
2025.12.01,2025.12.05,7030,weekly,weeklyUp4
2025.12.01,2025.12.05,7070,weekly,weeklyUp5
2025.12.02,2025.12.02,6824,daily_tuesday,dailyDown1
2025.12.02,2025.12.02,6760,daily_tuesday,dailyDown3
2025.12.02,2025.12.02,6844,daily_tuesday_pivot,dailyPivot
2025.12.02,2025.12.02,6864,daily_tuesday,dailyUp1
2025.12.03,2025.12.03,6824,daily_wednesday,dailyDown1
2025.12.03,2025.12.03,6853,daily_wednesday_pivot,dailyPivot
2025.12.03,2025.12.03,6876,daily_wednesday,dailyUp1
2025.12.04,2025.12.04,6824,daily_thursday,dailyDown1
2025.12.04,2025.12.04,6853,daily_thursday_pivot,dailyPivot
2025.12.04,2025.12.04,6876,daily_thursday,dailyUp1
2025.12.04,2025.12.04,6905,daily_thursday,dailyUp3
2025.12.05,2025.12.05,6824,daily_friday,dailyDown1
2025.12.05,2025.12.05,6853,daily_friday_pivot,dailyPivot
2025.12.05,2025.12.05,6876,daily_friday,dailyUp1
2025.12.05,2025.12.05,6905,daily_friday,dailyUp3
2025.12.08,2025.12.08,6853,daily_monday,dailyDown1
2025.12.08,2025.12.08,6824,daily_monday,dailyDown2
2025.12.08,2025.12.08,6891,daily_monday,dailyUp1
2025.12.08,2025.12.08,6930,daily_monday,dailyUp3
2025.12.08,2025.12.12,6792,weekly_stacked_tuesday_wednesday,weeklyDown1
2025.12.08,2025.12.12,6755,weekly,weeklyDown2
2025.12.08,2025.12.12,6725,weekly,weeklyDown3
2025.12.08,2025.12.12,6670,weekly,weeklyDown4
2025.12.08,2025.12.12,6592,weekly,weeklyDown5
2025.12.08,2025.12.12,6868,weekly_pivot_stacked_monday_tuesday_wednesday,weeklyPivot
2025.12.08,2025.12.12,6909,weekly_stacked_friday_monday_tuesday_wednesday,weeklyUp1
2025.12.08,2025.12.12,6953,weekly_stacked_friday_thursday,weeklyUp2
2025.12.08,2025.12.12,7000,weekly,weeklyUp3
2025.12.08,2025.12.12,7030,weekly,weeklyUp4
2025.12.08,2025.12.12,7070,weekly,weeklyUp5
2025.12.09,2025.12.09,6842,daily_tuesday,dailyDown1
2025.12.09,2025.12.09,6824,daily_tuesday,dailyDown2
2025.12.09,2025.12.09,6891,daily_tuesday,dailyUp1
2025.12.10,2025.12.10,6824,daily_wednesday,dailyDown1
2025.12.10,2025.12.10,6842,daily_wednesday_pivot,dailyPivot
2025.12.10,2025.12.10,6891,daily_wednesday,dailyUp2
2025.12.11,2025.12.11,6875,daily_thursday,dailyDown1
2025.12.11,2025.12.11,6860,daily_thursday,dailyDown2
2025.12.11,2025.12.11,6832,daily_thursday,dailyDown3
2025.12.11,2025.12.11,6908,daily_thursday_pivot,dailyPivot
2025.12.11,2025.12.11,6930,daily_thursday,dailyUp1
2025.12.12,2025.12.12,6885,daily_friday,dailyDown1
2025.12.12,2025.12.12,6856,daily_friday,dailyDown2
2025.12.12,2025.12.12,6930,daily_friday,dailyUp1
2025.12.15,2025.12.15,6857,daily_monday,dailyDown1
2025.12.15,2025.12.15,6930,daily_monday,dailyUp1
2025.12.15,2025.12.19,6830,weekly_stacked_monday_tuesday,weeklyDown1
2025.12.15,2025.12.19,6792,weekly_stacked_wednesday,weeklyDown2
2025.12.15,2025.12.19,6755,weekly,weeklyDown3
2025.12.15,2025.12.19,6725,weekly_stacked_thursday,weeklyDown4
2025.12.15,2025.12.19,6670,weekly,weeklyDown5
2025.12.15,2025.12.19,6890,weekly_pivot_stacked_friday_monday_tuesday_wednesday,weeklyPivot
2025.12.15,2025.12.19,6953,weekly_stacked_monday_tuesday,weeklyUp1
2025.12.15,2025.12.19,7000,weekly,weeklyUp2
2025.12.15,2025.12.19,7030,weekly,weeklyUp3
2025.12.15,2025.12.19,7070,weekly,weeklyUp4
2025.12.15,2025.12.19,7100,weekly,weeklyUp5
2025.12.16,2025.12.16,6864,daily_tuesday,dailyDown1
2025.12.16,2025.12.16,6909,daily_tuesday,dailyUp1
2025.12.16,2025.12.16,6931,daily_tuesday,dailyUp2
2025.12.17,2025.12.17,6842,daily_wednesday,dailyDown1
2025.12.17,2025.12.17,6822,daily_wednesday,dailyDown2
2025.12.17,2025.12.17,6862,daily_wednesday_pivot,dailyPivot
2025.12.17,2025.12.17,6909,daily_wednesday,dailyUp2
2025.12.18,2025.12.18,6760,daily_thursday,dailyDown1
2025.12.18,2025.12.18,6741,daily_thursday,dailyDown2
2025.12.18,2025.12.18,6783,daily_thursday_pivot,dailyPivot
2025.12.18,2025.12.18,6815,daily_thursday,dailyUp1
2025.12.18,2025.12.18,6842,daily_thursday,dailyUp2
2025.12.19,2025.12.19,6783,daily_friday,dailyDown1
2025.12.19,2025.12.19,6760,daily_friday,dailyDown2
2025.12.19,2025.12.19,6815,daily_friday_pivot,dailyPivot
2025.12.19,2025.12.19,6842,daily_friday,dailyUp1
2025.12.19,2025.12.19,6861,daily_friday,dailyUp2
2025.12.22,2025.12.22,6870,daily_monday,dailyDown1
2025.12.22,2025.12.22,6842,daily_monday,dailyDown2
2025.12.22,2025.12.22,6909,daily_monday,dailyUp1
2025.12.22,2025.12.22,6931,daily_monday,dailyUp2
2025.12.22,2025.12.26,6821,weekly,weeklyDown1
2025.12.22,2025.12.26,6755,weekly,weeklyDown2
2025.12.22,2025.12.26,6725,weekly,weeklyDown3
2025.12.22,2025.12.26,6670,weekly,weeklyDown4
2025.12.22,2025.12.26,6592,weekly,weeklyDown5
2025.12.22,2025.12.26,6891,weekly_pivot_stacked_monday,weeklyPivot
2025.12.22,2025.12.26,6953,weekly_stacked_tuesday,weeklyUp1
2025.12.22,2025.12.26,7000,weekly,weeklyUp2
2025.12.22,2025.12.26,7030,weekly,weeklyUp3
2025.12.22,2025.12.26,7070,weekly,weeklyUp4
2025.12.22,2025.12.26,7100,weekly,weeklyUp5
2025.12.23,2025.12.23,6911,daily_tuesday,dailyDown1
2025.12.23,2025.12.23,6893,daily_tuesday,dailyDown2
2025.12.23,2025.12.23,6925,daily_tuesday_pivot,dailyPivot
2025.12.23,2025.12.23,6983,daily_tuesday,dailyUp2
2025.12.24,2025.12.24,6930,daily_wednesday,dailyDown1
2025.12.24,2025.12.24,6911,daily_wednesday,dailyDown2
2025.12.24,2025.12.24,6952,daily_wednesday_pivot,dailyPivot
2025.12.24,2025.12.24,6972,daily_wednesday,dailyUp1
2025.12.24,2025.12.24,6993,daily_wednesday,dailyUp2
2025.12.24,2025.12.24,7010,daily_wednesday,dailyUp3
2025.12.29,2025.12.29,6952,daily_monday,dailyDown1
2025.12.29,2025.12.29,6930,daily_monday,dailyDown2
2025.12.29,2025.12.29,6971,daily_monday_pivot,dailyPivot
2025.12.29,2025.12.29,6987,daily_monday,dailyUp1
2025.12.29,2025.12.29,7015,daily_monday,dailyUp2
2025.12.29,2025.12.29,7036,daily_monday,dailyUp3
2025.12.30,2025.12.30,6952,daily_tuesday,dailyDown1
2025.12.30,2025.12.30,6930,daily_tuesday,dailyDown2
2025.12.30,2025.12.30,6911,daily_tuesday,dailyDown3
2025.12.30,2025.12.30,6969,daily_tuesday_pivot,dailyPivot
2025.12.30,2025.12.30,6987,daily_tuesday,dailyUp1
2025.12.30,2025.12.30,7015,daily_tuesday,dailyUp2
2025.12.31,2025.12.31,6930,daily_wednesday,dailyDown1
2025.12.31,2025.12.31,6911,daily_wednesday,dailyDown2
2025.12.31,2025.12.31,6893,daily_wednesday,dailyDown3
2025.12.31,2025.12.31,6952,daily_wednesday_pivot,dailyPivot
2025.12.31,2025.12.31,6969,daily_wednesday,dailyUp1
2025.12.31,2025.12.31,6987,daily_wednesday,dailyUp2
2026.01.02,2026.01.02,6970,daily_friday,dailyDown1
2026.01.02,2026.01.02,6842,daily_friday,dailyDown2
2026.01.02,2026.01.02,6897,daily_friday_pivot,dailyPivot
2026.01.02,2026.01.02,6912,daily_friday,dailyUp1
2026.01.02,2026.01.02,6935,daily_friday,dailyUp2
2026.01.02,2026.01.02,6952,daily_friday,dailyUp3
2026.01.05,2026.01.05,6872,daily_monday,dailyDown1
2026.01.05,2026.01.05,6932,daily_monday,dailyUp1
2026.01.05,2026.01.09,6845,weekly_stacked_monday,weeklyDown1
2026.01.05,2026.01.09,6800,weekly,weeklyDown2
2026.01.05,2026.01.09,6770,weekly,weeklyDown3
2026.01.05,2026.01.09,6725,weekly,weeklyDown4
2026.01.05,2026.01.09,6670,weekly,weeklyDown5
2026.01.05,2026.01.09,6909,weekly_pivot_stacked_friday_monday_thursday_tuesday,weeklyPivot
2026.01.05,2026.01.09,6952,weekly_stacked_friday_monday_thursday_tuesday_wednesday,weeklyUp1
2026.01.05,2026.01.09,6969,weekly_stacked_tuesday,weeklyUp2
2026.01.05,2026.01.09,7010,weekly,weeklyUp3
2026.01.05,2026.01.09,7040,weekly_stacked_wednesday,weeklyUp4
2026.01.05,2026.01.09,7070,weekly,weeklyUp5
2026.01.05,2026.01.09,7100,weekly,weeklyUp6
2026.01.06,2026.01.06,6935,daily_tuesday,dailyDown1
2026.01.06,2026.01.06,6987,daily_tuesday,dailyUp2
2026.01.07,2026.01.07,6934,daily_wednesday,dailyDown2
2026.01.07,2026.01.07,6980,daily_wednesday_pivot,dailyPivot
2026.01.07,2026.01.07,6994,daily_wednesday,dailyUp1
2026.01.07,2026.01.07,7009,daily_wednesday,dailyUp2
2026.01.08,2026.01.08,6934,daily_thursday,dailyDown2
2026.01.08,2026.01.08,6976,daily_thursday_pivot,dailyPivot
2026.01.08,2026.01.08,6994,daily_thursday,dailyUp1
2026.01.08,2026.01.08,7018,daily_thursday,dailyUp2
2026.01.09,2026.01.09,6934,daily_friday,dailyDown2
2026.01.09,2026.01.09,6976,daily_friday_pivot,dailyPivot
2026.01.09,2026.01.09,6994,daily_friday,dailyUp1
2026.01.09,2026.01.09,7018,daily_friday,dailyUp2
2026.01.12,2026.01.12,6976,daily_monday,dailyDown1
2026.01.12,2026.01.12,7017,daily_monday,dailyUp1
2026.01.12,2026.01.12,7053,daily_monday,dailyUp3
2026.01.12,2026.01.16,6952,weekly_stacked_friday_monday_thursday_tuesday_wednesday,weeklyDown1
2026.01.12,2026.01.16,6895,weekly,weeklyDown2
2026.01.12,2026.01.16,6865,weekly,weeklyDown3
2026.01.12,2026.01.16,6725,weekly,weeklyDown4
2026.01.12,2026.01.16,6670,weekly,weeklyDown5
2026.01.12,2026.01.16,6994,weekly_pivot_stacked_friday_monday_thursday_tuesday_wednesday,weeklyPivot
2026.01.12,2026.01.16,7040,weekly_stacked_monday,weeklyUp1
2026.01.12,2026.01.16,7105,weekly,weeklyUp2
2026.01.12,2026.01.16,7135,weekly,weeklyUp3
2026.01.12,2026.01.16,7185,weekly,weeklyUp4
2026.01.12,2026.01.16,7225,weekly,weeklyUp5
2026.01.13,2026.01.13,6981,daily_tuesday,dailyDown2
2026.01.13,2026.01.13,6960,daily_tuesday,dailyDown3
2026.01.13,2026.01.13,7017,daily_tuesday_pivot,dailyPivot
2026.01.13,2026.01.13,7036,daily_tuesday,dailyUp1
2026.01.13,2026.01.13,7053,daily_tuesday,dailyUp2
2026.01.13,2026.01.13,7070,daily_tuesday,dailyUp3
2026.01.14,2026.01.14,6987,daily_wednesday,dailyDown2
2026.01.14,2026.01.14,6960,daily_wednesday,dailyDown3
2026.01.14,2026.01.14,7015,daily_wednesday_pivot,dailyPivot
2026.01.14,2026.01.14,7036,daily_wednesday,dailyUp1
2026.01.14,2026.01.14,7053,daily_wednesday,dailyUp2
2026.01.15,2026.01.15,6933,daily_thursday,dailyDown2
2026.01.15,2026.01.15,6909,daily_thursday,dailyDown3
2026.01.15,2026.01.15,6977,daily_thursday_pivot,dailyPivot
2026.01.15,2026.01.15,7015,daily_thursday,dailyUp2
2026.01.16,2026.01.16,6968,daily_friday,dailyDown1
2026.01.16,2026.01.16,6933,daily_friday,dailyDown3
2026.01.16,2026.01.16,7015,daily_friday,dailyUp1
2026.01.16,2026.01.16,7036,daily_friday,dailyUp2
2026.01.19,2026.01.19,6952,daily_monday,dailyDown1
2026.01.19,2026.01.19,6994,daily_monday,dailyUp1
2026.01.19,2026.01.19,7015,daily_monday,dailyUp2
2026.01.19,2026.01.23,6923,weekly_stacked_friday_monday_thursday,weeklyDown1
2026.01.19,2026.01.23,6875,weekly,weeklyDown2
2026.01.19,2026.01.23,6845,weekly_stacked_thursday_wednesday,weeklyDown3
2026.01.19,2026.01.23,6775,weekly_stacked_wednesday,weeklyDown4
2026.01.19,2026.01.23,6725,weekly,weeklyDown5
2026.01.19,2026.01.23,6968,weekly_pivot_stacked_monday,weeklyPivot
2026.01.19,2026.01.23,7025,weekly,weeklyUp1
2026.01.19,2026.01.23,7036,weekly_stacked_monday,weeklyUp2
2026.01.19,2026.01.23,7100,weekly,weeklyUp3
2026.01.19,2026.01.23,7130,weekly,weeklyUp4
2026.01.19,2026.01.23,7185,weekly,weeklyUp5
2026.01.19,2026.01.23,7225,weekly,weeklyUp6
2026.01.21,2026.01.21,6826,daily_wednesday,dailyDown1
2026.01.21,2026.01.21,6790,daily_wednesday,dailyDown2
2026.01.21,2026.01.21,6866,daily_wednesday,dailyUp1
2026.01.21,2026.01.21,6894,daily_wednesday,dailyUp2
2026.01.22,2026.01.22,6866,daily_thursday,dailyDown1
2026.01.22,2026.01.22,6894,daily_thursday_pivot,dailyPivot
2026.01.22,2026.01.22,6952,daily_thursday,dailyUp2
2026.01.22,2026.01.22,6960,daily_thursday,dailyUp3
2026.01.23,2026.01.23,6931,daily_friday,dailyDown1
2026.01.23,2026.01.23,6894,daily_friday,dailyDown3
2026.01.23,2026.01.23,6960,daily_friday_pivot,dailyPivot
2026.01.23,2026.01.23,6994,daily_friday,dailyUp1
2026.01.23,2026.01.23,7015,daily_friday,dailyUp2
2026.01.26,2026.01.26,6931,daily_monday,dailyDown1
2026.01.26,2026.01.26,6894,daily_monday,dailyDown3
2026.01.26,2026.01.26,6994,daily_monday,dailyUp1
2026.01.26,2026.01.26,7015,daily_monday,dailyUp2
2026.01.26,2026.01.30,6923,weekly_stacked_monday_tuesday,weeklyDown1
2026.01.26,2026.01.30,6855,weekly,weeklyDown2
2026.01.26,2026.01.30,6825,weekly,weeklyDown3
2026.01.26,2026.01.30,6775,weekly,weeklyDown4
2026.01.26,2026.01.30,6725,weekly,weeklyDown5
2026.01.26,2026.01.30,6960,weekly_pivot_stacked_monday,weeklyPivot
2026.01.26,2026.01.30,7025,weekly,weeklyUp1
2026.01.26,2026.01.30,7036,weekly_stacked_tuesday_wednesday,weeklyUp2
2026.01.26,2026.01.30,7080,weekly,weeklyUp3
2026.01.26,2026.01.30,7110,weekly,weeklyUp4
2026.01.26,2026.01.30,7140,weekly,weeklyUp5
2026.01.26,2026.01.30,7185,weekly,weeklyUp6
2026.01.27,2026.01.27,6952,daily_tuesday,dailyDown1
2026.01.27,2026.01.27,6931,daily_tuesday,dailyDown2
2026.01.27,2026.01.27,6969,daily_tuesday_pivot,dailyPivot
2026.01.27,2026.01.27,6994,daily_tuesday,dailyUp1
2026.01.27,2026.01.27,7015,daily_tuesday,dailyUp2
2026.01.28,2026.01.28,6994,daily_wednesday,dailyDown1
2026.01.28,2026.01.28,6969,daily_wednesday,dailyDown2
2026.01.28,2026.01.28,6952,daily_wednesday,dailyDown3
2026.01.28,2026.01.28,7017,daily_wednesday_pivot,dailyPivot
2026.01.28,2026.01.28,7053,daily_wednesday,dailyUp2
2026.01.28,2026.01.28,7070,daily_wednesday,dailyUp3
2026.01.29,2026.01.29,6994,daily_thursday,dailyDown1
2026.01.29,2026.01.29,6969,daily_thursday,dailyDown2
2026.01.29,2026.01.29,6952,daily_thursday,dailyDown3
2026.01.29,2026.01.29,7016,daily_thursday_pivot,dailyPivot
2026.01.29,2026.01.29,7043,daily_thursday,dailyUp1
2026.01.29,2026.01.29,7070,daily_thursday,dailyUp2
2026.01.30,2026.01.30,6969,daily_friday,dailyDown1
2026.01.30,2026.01.30,6952,daily_friday,dailyDown2
2026.01.30,2026.01.30,6927,daily_friday,dailyDown3
2026.01.30,2026.01.30,6994,daily_friday_pivot,dailyPivot
2026.01.30,2026.01.30,7015,daily_friday,dailyUp1
2026.01.30,2026.01.30,7043,daily_friday,dailyUp2
2026.02.02,2026.02.02,6952,daily_monday,dailyDown1
2026.02.02,2026.02.02,6894,daily_monday,dailyDown3
2026.02.02,2026.02.02,6975,daily_monday_pivot,dailyPivot
2026.02.02,2026.02.02,7015,daily_monday,dailyUp2
2026.02.02,2026.02.06,6927,weekly_stacked_monday_thursday_wednesday,weeklyDown1
2026.02.02,2026.02.06,6855,weekly,weeklyDown2
2026.02.02,2026.02.06,6825,weekly,weeklyDown3
2026.02.02,2026.02.06,6775,weekly,weeklyDown4
2026.02.02,2026.02.06,6725,weekly,weeklyDown5
2026.02.02,2026.02.06,6994,weekly_pivot_stacked_monday_tuesday,weeklyPivot
2026.02.02,2026.02.06,7031,weekly,weeklyUp1
2026.02.02,2026.02.06,7043,weekly_stacked_tuesday,weeklyUp2
2026.02.02,2026.02.06,7095,weekly,weeklyUp3
2026.02.02,2026.02.06,7125,weekly,weeklyUp4
2026.02.02,2026.02.06,7140,weekly,weeklyUp5
2026.02.02,2026.02.06,7185,weekly,weeklyUp6
2026.02.03,2026.02.03,6971,daily_tuesday,dailyDown1
2026.02.03,2026.02.03,6952,daily_tuesday,dailyDown2
2026.02.03,2026.02.03,7017,daily_tuesday,dailyUp1
2026.02.04,2026.02.04,6894,daily_wednesday,dailyDown2
2026.02.04,2026.02.04,6952,daily_wednesday_pivot,dailyPivot
2026.02.04,2026.02.04,6984,daily_wednesday,dailyUp1
2026.02.04,2026.02.04,7010,daily_wednesday,dailyUp2
2026.02.05,2026.02.05,6868,daily_thursday,dailyDown1
2026.02.05,2026.02.05,6848,daily_thursday,dailyDown2
2026.02.05,2026.02.05,6898,daily_thursday_pivot,dailyPivot
2026.02.05,2026.02.05,6952,daily_thursday,dailyUp2
2026.02.05,2026.02.05,6984,daily_thursday,dailyUp3
2026.02.06,2026.02.06,6778,daily_friday,dailyDown1
2026.02.06,2026.02.06,6741,daily_friday,dailyDown2
2026.02.06,2026.02.06,6805,daily_friday_pivot,dailyPivot
2026.02.06,2026.02.06,6822,daily_friday,dailyUp1
2026.02.06,2026.02.06,6868,daily_friday,dailyUp2
2026.02.06,2026.02.06,6898,daily_friday,dailyUp3
2026.02.09,2026.02.09,6927,daily_monday,dailyDown1
2026.02.09,2026.02.09,6907,daily_monday,dailyDown2
2026.02.09,2026.02.09,6966,daily_monday,dailyUp1
2026.02.09,2026.02.09,6984,daily_monday,dailyUp2
2026.02.09,2026.02.09,7010,daily_monday,dailyUp3
2026.02.09,2026.02.13,6880,weekly_stacked_monday,weeklyDown1
2026.02.09,2026.02.13,6810,weekly,weeklyDown2
2026.02.09,2026.02.13,6780,weekly_stacked_friday,weeklyDown3
2026.02.09,2026.02.13,6725,weekly,weeklyDown4
2026.02.09,2026.02.13,6670,weekly,weeklyDown5
2026.02.09,2026.02.13,6944,weekly_pivot_stacked_monday_thursday_tuesday_wednesday,weeklyPivot
2026.02.09,2026.02.13,7031,weekly,weeklyUp1
2026.02.09,2026.02.13,7043,weekly_stacked_tuesday,weeklyUp2
2026.02.09,2026.02.13,7090,weekly,weeklyUp3
2026.02.09,2026.02.13,7120,weekly,weeklyUp4
2026.02.09,2026.02.13,7160,weekly,weeklyUp5
2026.02.09,2026.02.13,7210,weekly,weeklyUp6
2026.02.10,2026.02.10,6927,daily_tuesday,dailyDown2
2026.02.10,2026.02.10,6971,daily_tuesday_pivot,dailyPivot
2026.02.10,2026.02.10,6998,daily_tuesday,dailyUp1
2026.02.10,2026.02.10,7017,daily_tuesday,dailyUp2
2026.02.11,2026.02.11,6927,daily_wednesday,dailyDown2
2026.02.11,2026.02.11,6907,daily_wednesday,dailyDown3
2026.02.11,2026.02.11,6971,daily_wednesday_pivot,dailyPivot
2026.02.11,2026.02.11,6998,daily_wednesday,dailyUp1
2026.02.11,2026.02.11,7017,daily_wednesday,dailyUp2
2026.02.12,2026.02.12,6927,daily_thursday,dailyDown2
2026.02.12,2026.02.12,6907,daily_thursday,dailyDown3
2026.02.12,2026.02.12,6976,daily_thursday_pivot,dailyPivot
2026.02.12,2026.02.12,6999,daily_thursday,dailyUp1
2026.02.12,2026.02.12,7017,daily_thursday,dailyUp2
2026.02.13,2026.02.13,6822,daily_friday,dailyDown1
2026.02.13,2026.02.13,6805,daily_friday,dailyDown2
2026.02.13,2026.02.13,6860,daily_friday_pivot,dailyPivot
2026.02.13,2026.02.13,6897,daily_friday,dailyUp1
2026.02.13,2026.02.13,6927,daily_friday,dailyUp2
2026.02.16,2026.02.16,6833,daily_monday,dailyDown1
2026.02.16,2026.02.16,6780,daily_monday,dailyDown3
2026.02.16,2026.02.16,6860,daily_monday_pivot,dailyPivot
2026.02.16,2026.02.16,6897,daily_monday,dailyUp1
2026.02.16,2026.02.16,6927,daily_monday,dailyUp2
2026.02.16,2026.02.20,6805,weekly_stacked_friday_monday_wednesday,weeklyDown1
2026.02.16,2026.02.20,6705,weekly,weeklyDown2
2026.02.16,2026.02.20,6670,weekly,weeklyDown3
2026.02.16,2026.02.20,6592,weekly,weeklyDown4
2026.02.16,2026.02.20,6550,weekly,weeklyDown5
2026.02.16,2026.02.20,6890,weekly_pivot_stacked_friday_wednesday,weeklyPivot
2026.02.16,2026.02.20,6960,weekly_stacked_thursday,weeklyUp1
2026.02.16,2026.02.20,7010,weekly,weeklyUp2
2026.02.16,2026.02.20,7045,weekly,weeklyUp3
2026.02.16,2026.02.20,7092,weekly,weeklyUp4
2026.02.16,2026.02.20,7145,weekly,weeklyUp5
2026.02.18,2026.02.18,6842,daily_wednesday,dailyDown1
2026.02.18,2026.02.18,6780,daily_wednesday,dailyDown3
2026.02.18,2026.02.18,6867,daily_wednesday_pivot,dailyPivot
2026.02.18,2026.02.18,6927,daily_wednesday,dailyUp2
2026.02.19,2026.02.19,6875,daily_thursday,dailyDown1
2026.02.19,2026.02.19,6842,daily_thursday,dailyDown2
2026.02.19,2026.02.19,6906,daily_thursday_pivot,dailyPivot
2026.02.19,2026.02.19,6927,daily_thursday,dailyUp1
2026.02.20,2026.02.20,6842,daily_friday,dailyDown1
2026.02.20,2026.02.20,6860,daily_friday_pivot,dailyPivot
2026.02.20,2026.02.20,6906,daily_friday,dailyUp2
2026.02.20,2026.02.20,6927,daily_friday,dailyUp3
2026.02.23,2026.02.23,6860,daily_monday,dailyDown2
2026.02.23,2026.02.23,6910,daily_monday_pivot,dailyPivot
2026.02.23,2026.02.23,6927,daily_monday,dailyUp1
2026.02.23,2026.02.23,6998,daily_monday,dailyUp3
2026.02.23,2026.02.27,6890,weekly_stacked_monday,weeklyDown1
2026.02.23,2026.02.27,6805,weekly_stacked_tuesday,weeklyDown2
2026.02.23,2026.02.27,6775,weekly_stacked_tuesday,weeklyDown3
2026.02.23,2026.02.27,6705,weekly,weeklyDown4
2026.02.23,2026.02.27,6670,weekly,weeklyDown5
2026.02.23,2026.02.27,6960,weekly_pivot_stacked_friday_monday_thursday_wednesday,weeklyPivot
2026.02.23,2026.02.27,7031,weekly,weeklyUp1
2026.02.23,2026.02.27,7043,weekly,weeklyUp2
2026.02.23,2026.02.27,7080,weekly,weeklyUp3
2026.02.23,2026.02.27,7110,weekly,weeklyUp4
2026.02.23,2026.02.27,7145,weekly,weeklyUp5
2026.02.23,2026.02.27,7200,weekly,weeklyUp6
2026.02.24,2026.02.24,6836,daily_tuesday,dailyDown1
2026.02.24,2026.02.24,6869,daily_tuesday_pivot,dailyPivot
2026.02.24,2026.02.24,6893,daily_tuesday,dailyUp1
2026.02.24,2026.02.24,6927,daily_tuesday,dailyUp2
2026.02.25,2026.02.25,6869,daily_wednesday,dailyDown1
2026.02.25,2026.02.25,6833,daily_wednesday,dailyDown2
2026.02.25,2026.02.25,6894,daily_wednesday_pivot,dailyPivot
2026.02.25,2026.02.25,6911,daily_wednesday,dailyUp1
2026.02.25,2026.02.25,6927,daily_wednesday,dailyUp2
2026.02.26,2026.02.26,6948,daily_thursday,dailyDown1
2026.02.26,2026.02.26,6927,daily_thursday,dailyDown2
2026.02.26,2026.02.26,6912,daily_thursday,dailyDown3
2026.02.26,2026.02.26,6976,daily_thursday,dailyUp1
2026.02.26,2026.02.26,6993,daily_thursday,dailyUp2
2026.02.26,2026.02.26,7017,daily_thursday,dailyUp3
2026.02.27,2026.02.27,6904,daily_friday,dailyDown1
2026.02.27,2026.02.27,6880,daily_friday,dailyDown2
2026.02.27,2026.02.27,6849,daily_friday,dailyDown3
2026.02.27,2026.02.27,6927,daily_friday_pivot,dailyPivot
2026.02.27,2026.02.27,6976,daily_friday,dailyUp2
2026.03.02,2026.03.02,6852,daily_monday,dailyDown1
2026.03.02,2026.03.02,6829,daily_monday,dailyDown2
2026.03.02,2026.03.02,6904,daily_monday,dailyUp1
2026.03.02,2026.03.02,6927,daily_monday,dailyUp2
2026.03.02,2026.03.02,6960,daily_monday,dailyUp3
2026.03.02,2026.03.06,6805,weekly,weeklyDown1
2026.03.02,2026.03.06,6730,weekly,weeklyDown2
2026.03.02,2026.03.06,6700,weekly,weeklyDown3
2026.03.02,2026.03.06,6670,weekly,weeklyDown4
2026.03.02,2026.03.06,6592,weekly,weeklyDown5
2026.03.02,2026.03.06,6880,weekly_pivot_stacked_monday_tuesday_wednesday,weeklyPivot
2026.03.02,2026.03.06,7030,weekly,weeklyUp1
2026.03.02,2026.03.06,7060,weekly,weeklyUp2
2026.03.02,2026.03.06,7120,weekly,weeklyUp3
2026.03.02,2026.03.06,7160,weekly,weeklyUp4
2026.03.02,2026.03.06,7960,weekly,weeklyUp5
2026.03.03,2026.03.03,6844,daily_tuesday,dailyDown1
2026.03.03,2026.03.03,6825,daily_tuesday,dailyDown2
2026.03.03,2026.03.03,6904,daily_tuesday,dailyUp1
2026.03.03,2026.03.03,6927,daily_tuesday,dailyUp2
2026.03.03,2026.03.03,6960,daily_tuesday,dailyUp3
2026.03.04,2026.03.04,6784,daily_wednesday,dailyDown1
2026.03.04,2026.03.04,6748,daily_wednesday,dailyDown2
2026.03.04,2026.03.04,6808,daily_wednesday_pivot,dailyPivot
2026.03.04,2026.03.04,6843,daily_wednesday,dailyUp1
2026.03.04,2026.03.04,6904,daily_wednesday,dailyUp3
2026.03.05,2026.03.05,6858,daily_thursday,dailyDown1
2026.03.05,2026.03.05,6839,daily_thursday,dailyDown2
2026.03.05,2026.03.05,6808,daily_thursday,dailyDown3
2026.03.05,2026.03.05,6886,daily_thursday_pivot,dailyPivot
2026.03.05,2026.03.05,6904,daily_thursday,dailyUp1
2026.03.05,2026.03.05,6927,daily_thursday,dailyUp2
2026.03.05,2026.03.05,6960,daily_thursday,dailyUp3
2026.03.06,2026.03.06,6791,daily_friday,dailyDown1
2026.03.06,2026.03.06,6748,daily_friday,dailyDown2
2026.03.06,2026.03.06,6815,daily_friday_pivot,dailyPivot
2026.03.06,2026.03.06,6850,daily_friday,dailyUp1
2026.03.06,2026.03.06,6882,daily_friday,dailyUp2
2026.03.06,2026.03.06,6904,daily_friday,dailyUp3
2026.03.09,2026.03.09,6726,daily_monday,dailyDown1
2026.03.09,2026.03.09,6762,daily_monday_pivot,dailyPivot
2026.03.09,2026.03.09,6815,daily_monday,dailyUp2
2026.03.09,2026.03.09,6836,daily_monday,dailyUp3
2026.03.09,2026.03.13,6692,weekly_stacked_friday_monday,weeklyDown1
2026.03.09,2026.03.13,6670,weekly_stacked_monday,weeklyDown2
2026.03.09,2026.03.13,6570,weekly,weeklyDown3
2026.03.09,2026.03.13,6540,weekly,weeklyDown4
2026.03.09,2026.03.13,6470,weekly,weeklyDown5
2026.03.09,2026.03.13,6791,weekly_pivot_stacked_monday,weeklyPivot
2026.03.09,2026.03.13,6880,weekly_stacked_tuesday_wednesday,weeklyUp1
2026.03.09,2026.03.13,6930,weekly,weeklyUp2
2026.03.09,2026.03.13,6960,weekly,weeklyUp3
2026.03.09,2026.03.13,7031,weekly,weeklyUp4
2026.03.09,2026.03.13,7043,weekly,weeklyUp5
2026.03.10,2026.03.10,6741,daily_tuesday,dailyDown1
2026.03.10,2026.03.10,6700,daily_tuesday,dailyDown2
2026.03.10,2026.03.10,6778,daily_tuesday_pivot,dailyPivot
2026.03.10,2026.03.10,6819,daily_tuesday,dailyUp1
2026.03.10,2026.03.10,6850,daily_tuesday,dailyUp2
2026.03.11,2026.03.11,6741,daily_wednesday,dailyDown1
2026.03.11,2026.03.11,6700,daily_wednesday,dailyDown2
2026.03.11,2026.03.11,6772,daily_wednesday_pivot,dailyPivot
2026.03.11,2026.03.11,6806,daily_wednesday,dailyUp1
2026.03.11,2026.03.11,6839,daily_wednesday,dailyUp2
2026.03.12,2026.03.12,6741,daily_thursday,dailyDown1
2026.03.12,2026.03.12,6700,daily_thursday,dailyDown2
2026.03.12,2026.03.12,6769,daily_thursday_pivot,dailyPivot
2026.03.12,2026.03.12,6800,daily_thursday,dailyUp1
2026.03.12,2026.03.12,6839,daily_thursday,dailyUp2
2026.03.13,2026.03.13,6658,daily_friday,dailyDown1
2026.03.13,2026.03.13,6625,daily_friday,dailyDown2
2026.03.13,2026.03.13,6600,daily_friday,dailyDown3
2026.03.13,2026.03.13,6726,daily_friday,dailyUp1
2026.03.13,2026.03.13,6749,daily_friday,dailyUp2
2026.03.13,2026.03.13,6770,daily_friday,dailyUp3
2026.03.16,2026.03.16,6665,daily_monday,dailyDown1
2026.03.16,2026.03.16,6600,daily_monday,dailyDown3
2026.03.16,2026.03.16,6692,daily_monday_pivot,dailyPivot
2026.03.16,2026.03.16,6716,daily_monday,dailyUp1
2026.03.16,2026.03.16,6770,daily_monday,dailyUp3
2026.03.16,2026.03.20,6636,weekly_stacked_friday_monday_thursday,weeklyDown1
2026.03.16,2026.03.20,6551,weekly,weeklyDown2
2026.03.16,2026.03.20,6500,weekly,weeklyDown3
2026.03.16,2026.03.20,6470,weekly,weeklyDown4
2026.03.16,2026.03.20,6410,weekly,weeklyDown5
2026.03.16,2026.03.20,6749,weekly_pivot_stacked_monday,weeklyPivot
2026.03.16,2026.03.20,6805,weekly_stacked_tuesday_wednesday,weeklyUp1
2026.03.16,2026.03.20,6875,weekly,weeklyUp2
2026.03.16,2026.03.20,6905,weekly,weeklyUp3
2026.03.16,2026.03.20,6960,weekly,weeklyUp4
2026.03.16,2026.03.20,7031,weekly,weeklyUp5
2026.03.17,2026.03.17,6716,daily_tuesday,dailyDown1
2026.03.17,2026.03.17,6692,daily_tuesday,dailyDown2
2026.03.17,2026.03.17,6665,daily_tuesday,dailyDown3
2026.03.17,2026.03.17,6740,daily_tuesday_pivot,dailyPivot
2026.03.17,2026.03.17,6772,daily_tuesday,dailyUp1
2026.03.17,2026.03.17,6839,daily_tuesday,dailyUp3
2026.03.18,2026.03.18,6756,daily_wednesday,dailyDown1
2026.03.18,2026.03.18,6720,daily_wednesday,dailyDown2
2026.03.18,2026.03.18,6692,daily_wednesday,dailyDown3
2026.03.18,2026.03.18,6787,daily_wednesday_pivot,dailyPivot
2026.03.18,2026.03.18,6839,daily_wednesday,dailyUp2
2026.03.19,2026.03.19,6665,daily_thursday,dailyDown1
2026.03.19,2026.03.19,6600,daily_thursday,dailyDown3
2026.03.19,2026.03.19,6692,daily_thursday_pivot,dailyPivot
2026.03.19,2026.03.19,6715,daily_thursday,dailyUp1
2026.03.19,2026.03.19,6737,daily_thursday,dailyUp2
2026.03.19,2026.03.19,6764,daily_thursday,dailyUp3
2026.03.20,2026.03.20,6600,daily_friday,dailyDown2
2026.03.20,2026.03.20,6568,daily_friday,dailyDown3
2026.03.20,2026.03.20,6669,daily_friday_pivot,dailyPivot
2026.03.20,2026.03.20,6692,daily_friday,dailyUp1
2026.03.20,2026.03.20,6715,daily_friday,dailyUp2
2026.03.20,2026.03.20,6737,daily_friday,dailyUp3
2026.03.23,2026.03.23,6544,daily_monday,dailyDown1
2026.03.23,2026.03.23,6470,daily_monday,dailyDown3
2026.03.23,2026.03.23,6581,daily_monday_pivot,dailyPivot
2026.03.23,2026.03.23,6643,daily_monday,dailyUp2
2026.03.23,2026.03.27,6511,weekly_stacked_friday_monday_wednesday,weeklyDown1
2026.03.23,2026.03.27,6446,weekly_stacked_friday,weeklyDown2
2026.03.23,2026.03.27,6360,weekly,weeklyDown3
2026.03.23,2026.03.27,6330,weekly,weeklyDown4
2026.03.23,2026.03.27,6280,weekly,weeklyDown5
2026.03.23,2026.03.27,6616,weekly_pivot_stacked_monday_tuesday,weeklyPivot
2026.03.23,2026.03.27,6692,weekly_stacked_thursday_tuesday_wednesday,weeklyUp1
2026.03.23,2026.03.27,6755,weekly,weeklyUp2
2026.03.23,2026.03.27,6785,weekly,weeklyUp3
2026.03.23,2026.03.27,6840,weekly,weeklyUp4
2026.03.23,2026.03.27,6880,weekly,weeklyUp5
2026.03.24,2026.03.24,6581,daily_tuesday,dailyDown1
2026.03.24,2026.03.24,6544,daily_tuesday,dailyDown2
2026.03.24,2026.03.24,6658,daily_tuesday,dailyUp1
2026.03.24,2026.03.24,6715,daily_tuesday,dailyUp3
2026.03.25,2026.03.25,6586,daily_wednesday,dailyDown1
2026.03.25,2026.03.25,6544,daily_wednesday,dailyDown2
2026.03.25,2026.03.25,6611,daily_wednesday_pivot,dailyPivot
2026.03.25,2026.03.25,6636,daily_wednesday,dailyUp1
2026.03.25,2026.03.25,6658,daily_wednesday,dailyUp2
2026.03.26,2026.03.26,6611,daily_thursday,dailyDown1
2026.03.26,2026.03.26,6586,daily_thursday,dailyDown2
2026.03.26,2026.03.26,6544,daily_thursday,dailyDown3
2026.03.26,2026.03.26,6631,daily_thursday_pivot,dailyPivot
2026.03.26,2026.03.26,6662,daily_thursday,dailyUp1
2026.03.26,2026.03.26,6715,daily_thursday,dailyUp3
2026.03.27,2026.03.27,6470,daily_friday,dailyDown2
2026.03.27,2026.03.27,6549,daily_friday_pivot,dailyPivot
2026.03.27,2026.03.27,6580,daily_friday,dailyUp1
2026.03.27,2026.03.27,6611,daily_friday,dailyUp2
2026.03.30,2026.03.30,6370,daily_monday,dailyDown1
2026.03.30,2026.03.30,6345,daily_monday,dailyDown2
2026.03.30,2026.03.30,6412,daily_monday_pivot,dailyPivot
2026.03.30,2026.03.30,6467,daily_monday,dailyUp2
2026.03.30,2026.03.30,6496,daily_monday,dailyUp3
2026.03.30,2026.04.03,6350,weekly,weeklyDown1
2026.03.30,2026.04.03,6328,weekly_stacked_monday_tuesday,weeklyDown2
2026.03.30,2026.04.03,6250,weekly,weeklyDown3
2026.03.30,2026.04.03,6220,weekly,weeklyDown4
2026.03.30,2026.04.03,6166,weekly,weeklyDown5
2026.03.30,2026.04.03,6081,weekly,weeklyDown6
2026.03.30,2026.04.03,6446,weekly_pivot_stacked_monday_tuesday,weeklyPivot
2026.03.30,2026.04.03,6520,weekly,weeklyUp1
2026.03.30,2026.04.03,6605,weekly,weeklyUp2
2026.03.30,2026.04.03,6635,weekly_stacked_thursday_wednesday,weeklyUp3
2026.03.30,2026.04.03,6692,weekly_stacked_thursday,weeklyUp4
2026.03.30,2026.04.03,6764,weekly,weeklyUp5
2026.03.31,2026.03.31,6370,daily_tuesday,dailyDown1
2026.03.31,2026.03.31,6299,daily_tuesday,dailyDown3
2026.03.31,2026.03.31,6412,daily_tuesday_pivot,dailyPivot
2026.03.31,2026.03.31,6468,daily_tuesday,dailyUp2
2026.04.01,2026.04.01,6529,daily_wednesday,dailyDown1
2026.04.01,2026.04.01,6497,daily_wednesday,dailyDown2
2026.04.01,2026.04.01,6566,daily_wednesday_pivot,dailyPivot
2026.04.01,2026.04.01,6611,daily_wednesday,dailyUp1
2026.04.02,2026.04.02,6583,daily_thursday,dailyDown1
2026.04.02,2026.04.02,6566,daily_thursday,dailyDown2
2026.04.02,2026.04.02,6529,daily_thursday,dailyDown3
2026.04.02,2026.04.02,6606,daily_thursday_pivot,dailyPivot
2026.04.02,2026.04.02,6667,daily_thursday,dailyUp2
2026.04.06,2026.04.06,6550,daily_monday,dailyDown2
2026.04.06,2026.04.06,6605,daily_monday_pivot,dailyPivot
2026.04.06,2026.04.06,6667,daily_monday,dailyUp2
2026.04.06,2026.04.10,6497,weekly,weeklyDown1
2026.04.06,2026.04.10,6445,weekly,weeklyDown2
2026.04.06,2026.04.10,6415,weekly,weeklyDown3
2026.04.06,2026.04.10,6328,weekly,weeklyDown4
2026.04.06,2026.04.10,6250,weekly,weeklyDown5
2026.04.06,2026.04.10,6575,weekly_pivot_stacked_monday_tuesday_wednesday,weeklyPivot
2026.04.06,2026.04.10,6635,weekly_stacked_monday_tuesday,weeklyUp1
2026.04.06,2026.04.10,6692,weekly_stacked_monday_tuesday_wednesday,weeklyUp2
2026.04.06,2026.04.10,6760,weekly,weeklyUp3
2026.04.06,2026.04.10,6790,weekly_stacked_friday_thursday,weeklyUp4
2026.04.06,2026.04.10,6840,weekly,weeklyUp5
2026.04.07,2026.04.07,6605,daily_tuesday,dailyDown1
2026.04.07,2026.04.07,6667,daily_tuesday,dailyUp1
2026.04.07,2026.04.07,6715,daily_tuesday,dailyUp3
2026.04.08,2026.04.08,6610,daily_wednesday,dailyDown1
2026.04.08,2026.04.08,6646,daily_wednesday_pivot,dailyPivot
2026.04.08,2026.04.08,6667,daily_wednesday,dailyUp1
2026.04.08,2026.04.08,6715,daily_wednesday,dailyUp3
2026.04.09,2026.04.09,6750,daily_thursday,dailyDown2
2026.04.09,2026.04.09,6734,daily_thursday,dailyDown3
2026.04.09,2026.04.09,6805,daily_thursday_pivot,dailyPivot
2026.04.09,2026.04.09,6833,daily_thursday,dailyUp1
2026.04.09,2026.04.09,6868,daily_thursday,dailyUp2
2026.04.09,2026.04.09,6900,daily_thursday,dailyUp3
2026.04.10,2026.04.10,6830,daily_friday,dailyDown1
2026.04.10,2026.04.10,6815,daily_friday,dailyDown2
2026.04.10,2026.04.10,6848,daily_friday_pivot,dailyPivot
2026.04.10,2026.04.10,6880,daily_friday,dailyUp1
2026.04.10,2026.04.10,6900,daily_friday,dailyUp2
2026.04.10,2026.04.10,6927,daily_friday,dailyUp3
2026.04.13,2026.04.13,6830,daily_monday,dailyDown1
2026.04.13,2026.04.13,6848,daily_monday_pivot,dailyPivot
2026.04.13,2026.04.13,6900,daily_monday,dailyUp2
2026.04.13,2026.04.17,6815,weekly_stacked_monday,weeklyDown1
2026.04.13,2026.04.17,6790,weekly_stacked_monday,weeklyDown2
2026.04.13,2026.04.17,6690,weekly,weeklyDown3
2026.04.13,2026.04.17,6660,weekly,weeklyDown4
2026.04.13,2026.04.17,6635,weekly,weeklyDown5
2026.04.13,2026.04.17,6575,weekly,weeklyDown6
2026.04.13,2026.04.17,6880,weekly_pivot_stacked_monday_tuesday,weeklyPivot
2026.04.13,2026.04.17,6927,weekly_stacked_monday_tuesday,weeklyUp1
2026.04.13,2026.04.17,7005,weekly_stacked_friday_thursday_wednesday,weeklyUp2
2026.04.13,2026.04.17,7035,weekly_stacked_friday_thursday,weeklyUp3
2026.04.13,2026.04.17,7092,weekly_stacked_friday_thursday,weeklyUp4
2026.04.13,2026.04.17,7135,weekly_stacked_friday,weeklyUp5
2026.04.14,2026.04.14,6856,daily_tuesday,dailyDown2
2026.04.14,2026.04.14,6900,daily_tuesday_pivot,dailyPivot
2026.04.14,2026.04.14,6960,daily_tuesday,dailyUp2
2026.04.14,2026.04.14,6981,daily_tuesday,dailyUp3
2026.04.15,2026.04.15,6985,daily_wednesday,dailyDown1
2026.04.15,2026.04.15,6961,daily_wednesday,dailyDown2
2026.04.15,2026.04.15,6924,daily_wednesday,dailyDown3
2026.04.15,2026.04.15,7031,daily_wednesday,dailyUp1
2026.04.15,2026.04.15,7043,daily_wednesday,dailyUp2
2026.04.15,2026.04.15,7070,daily_wednesday,dailyUp3
2026.04.16,2026.04.16,7043,daily_thursday,dailyDown1
2026.04.16,2026.04.16,7062,daily_thursday_pivot,dailyPivot
2026.04.16,2026.04.16,7115,daily_thursday,dailyUp2
2026.04.17,2026.04.17,7043,daily_friday,dailyDown1
2026.04.17,2026.04.17,7062,daily_friday_pivot,dailyPivot
2026.04.17,2026.04.17,7115,daily_friday,dailyUp2
2026.04.20,2026.04.20,7121,daily_monday,dailyDown1
2026.04.20,2026.04.20,7175,daily_monday,dailyUp1
2026.04.20,2026.04.20,7195,daily_monday,dailyUp2
2026.04.20,2026.04.24,7089,weekly_stacked_monday_tuesday,weeklyDown1
2026.04.20,2026.04.24,7035,weekly,weeklyDown2
2026.04.20,2026.04.24,7005,weekly,weeklyDown3
2026.04.20,2026.04.24,6924,weekly,weeklyDown4
2026.04.20,2026.04.24,6880,weekly,weeklyDown5
2026.04.20,2026.04.24,7151,weekly_pivot_stacked_friday_monday_tuesday,weeklyPivot
2026.04.20,2026.04.24,7233,weekly_stacked_monday_thursday_tuesday,weeklyUp1
2026.04.20,2026.04.24,7305,weekly,weeklyUp2
2026.04.20,2026.04.24,7335,weekly,weeklyUp3
2026.04.20,2026.04.24,7375,weekly,weeklyUp4
2026.04.20,2026.04.24,7415,weekly,weeklyUp5
2026.04.21,2026.04.21,7121,daily_tuesday,dailyDown1
2026.04.21,2026.04.21,7175,daily_tuesday,dailyUp1
2026.04.21,2026.04.21,7195,daily_tuesday,dailyUp2
2026.04.22,2026.04.22,7092,daily_wednesday,dailyDown1
2026.04.22,2026.04.22,7062,daily_wednesday,dailyDown2
2026.04.22,2026.04.22,7043,daily_wednesday,dailyDown3
2026.04.22,2026.04.22,7117,daily_wednesday_pivot,dailyPivot
2026.04.22,2026.04.22,7147,daily_wednesday,dailyUp1
2026.04.22,2026.04.22,7175,daily_wednesday,dailyUp2
2026.04.23,2026.04.23,7146,daily_thursday,dailyDown1
2026.04.23,2026.04.23,7117,daily_thursday,dailyDown2
2026.04.23,2026.04.23,7092,daily_thursday,dailyDown3
2026.04.23,2026.04.23,7166,daily_thursday_pivot,dailyPivot
2026.04.23,2026.04.23,7191,daily_thursday,dailyUp1
2026.04.23,2026.04.23,7217,daily_thursday,dailyUp2
2026.04.24,2026.04.24,7127,daily_friday,dailyDown1
2026.04.24,2026.04.24,7092,daily_friday,dailyDown2
2026.04.24,2026.04.24,7062,daily_friday,dailyDown3
2026.04.24,2026.04.24,7172,daily_friday,dailyUp1
2026.04.24,2026.04.24,7193,daily_friday,dailyUp2
2026.04.24,2026.04.24,7215,daily_friday,dailyUp3
2026.04.27,2026.04.27,7126,daily_monday,dailyDown2
2026.04.27,2026.04.27,7183,daily_monday_pivot,dailyPivot
2026.04.27,2026.04.27,7210,daily_monday,dailyUp1
2026.04.27,2026.04.27,7260,daily_monday,dailyUp3
2026.04.27,2026.05.01,7092,weekly_stacked_thursday_wednesday,weeklyDown1
2026.04.27,2026.05.01,7040,weekly,weeklyDown2
2026.04.27,2026.05.01,7010,weekly,weeklyDown3
2026.04.27,2026.05.01,6924,weekly,weeklyDown4
2026.04.27,2026.05.01,6880,weekly,weeklyDown5
2026.04.27,2026.05.01,7162,weekly_pivot_stacked_monday_tuesday,weeklyPivot
2026.04.27,2026.05.01,7232,weekly_stacked_friday_monday_tuesday,weeklyUp1
2026.04.27,2026.05.01,7320,weekly,weeklyUp2
2026.04.27,2026.05.01,7350,weekly,weeklyUp3
2026.04.27,2026.05.01,7375,weekly,weeklyUp4
2026.04.27,2026.05.01,7415,weekly,weeklyUp5
2026.04.28,2026.04.28,7180,daily_tuesday,dailyDown1
2026.04.28,2026.04.28,7200,daily_tuesday_pivot,dailyPivot
2026.04.28,2026.04.28,7216,daily_tuesday,dailyUp1
2026.04.28,2026.04.28,7260,daily_tuesday,dailyUp3
2026.04.29,2026.04.29,7126,daily_wednesday,dailyDown1
2026.04.29,2026.04.29,7156,daily_wednesday_pivot,dailyPivot
2026.04.29,2026.04.29,7180,daily_wednesday,dailyUp1
2026.04.29,2026.04.29,7208,daily_wednesday,dailyUp2
2026.04.29,2026.04.29,7230,daily_wednesday,dailyUp3
2026.04.30,2026.04.30,7126,daily_thursday,dailyDown1
2026.04.30,2026.04.30,7150,daily_thursday_pivot,dailyPivot
2026.04.30,2026.04.30,7180,daily_thursday,dailyUp1
2026.04.30,2026.04.30,7208,daily_thursday,dailyUp2
2026.04.30,2026.04.30,7230,daily_thursday,dailyUp3
2026.05.01,2026.05.01,7208,daily_friday,dailyDown1
2026.05.01,2026.05.01,7180,daily_friday,dailyDown2
2026.05.01,2026.05.01,7248,daily_friday,dailyUp1
2026.05.01,2026.05.01,7280,daily_friday,dailyUp2
2026.05.01,2026.05.01,7305,daily_friday,dailyUp3
2026.05.04,2026.05.04,7232,daily_monday,dailyDown1
2026.05.04,2026.05.04,7275,daily_monday,dailyUp1
2026.05.04,2026.05.04,7320,daily_monday,dailyUp3
2026.05.04,2026.05.08,7208,weekly_stacked_monday,weeklyDown1
2026.05.04,2026.05.08,7160,weekly_stacked_tuesday,weeklyDown2
2026.05.04,2026.05.08,7120,weekly,weeklyDown3
2026.05.04,2026.05.08,7090,weekly,weeklyDown4
2026.05.04,2026.05.08,7031,weekly,weeklyDown5
2026.05.04,2026.05.08,7251,weekly_pivot_stacked_monday_wednesday,weeklyPivot
2026.05.04,2026.05.08,7296,weekly_stacked_monday_tuesday,weeklyUp1
2026.05.04,2026.05.08,7375,weekly_stacked_thursday,weeklyUp2
2026.05.04,2026.05.08,7405,weekly_stacked_friday_thursday,weeklyUp3
2026.05.04,2026.05.08,7445,weekly,weeklyUp4
2026.05.04,2026.05.08,7490,weekly,weeklyUp5
2026.05.05,2026.05.05,7212,daily_tuesday,dailyDown1
2026.05.05,2026.05.05,7180,daily_tuesday,dailyDown2
2026.05.05,2026.05.05,7242,daily_tuesday_pivot,dailyPivot
2026.05.05,2026.05.05,7268,daily_tuesday,dailyUp1
2026.05.06,2026.05.06,7242,daily_wednesday,dailyDown2
2026.05.06,2026.05.06,7212,daily_wednesday,dailyDown3
2026.05.06,2026.05.06,7280,daily_wednesday_pivot,dailyPivot
2026.05.06,2026.05.06,7304,daily_wednesday,dailyUp1
2026.05.06,2026.05.06,7330,daily_wednesday,dailyUp2
2026.05.06,2026.05.06,7352,daily_wednesday,dailyUp3
2026.05.07,2026.05.07,7355,daily_thursday,dailyDown2
2026.05.07,2026.05.07,7327,daily_thursday,dailyDown3
2026.05.07,2026.05.07,7390,daily_thursday_pivot,dailyPivot
2026.05.07,2026.05.07,7427,daily_thursday,dailyUp2
2026.05.07,2026.05.07,7455,daily_thursday,dailyUp3
2026.05.08,2026.05.08,7327,daily_friday,dailyDown1
2026.05.08,2026.05.08,7299,daily_friday,dailyDown2
2026.05.08,2026.05.08,7350,daily_friday_pivot,dailyPivot
2026.05.08,2026.05.08,7378,daily_friday,dailyUp1
2026.05.08,2026.05.08,7427,daily_friday,dailyUp3
2026.05.11,2026.05.11,7384,daily_monday,dailyDown1
2026.05.11,2026.05.11,7427,daily_monday,dailyUp1
2026.05.11,2026.05.11,7485,daily_monday,dailyUp3
2026.05.11,2026.05.15,7350,weekly_stacked_monday_tuesday,weeklyDown1
2026.05.11,2026.05.15,7300,weekly,weeklyDown2
2026.05.11,2026.05.15,7270,weekly,weeklyDown3
2026.05.11,2026.05.15,7208,weekly,weeklyDown4
2026.05.11,2026.05.15,7160,weekly,weeklyDown5
2026.05.11,2026.05.15,7405,weekly_pivot_stacked_monday_tuesday,weeklyPivot
2026.05.11,2026.05.15,7454,weekly_stacked_monday,weeklyUp1
2026.05.11,2026.05.15,7535,weekly,weeklyUp2
2026.05.11,2026.05.15,7565,weekly_stacked_friday,weeklyUp3
2026.05.11,2026.05.15,7595,weekly_stacked_friday,weeklyUp4
2026.05.11,2026.05.15,7630,weekly,weeklyUp5
2026.05.12,2026.05.12,7384,daily_tuesday,dailyDown2
2026.05.12,2026.05.12,7427,daily_tuesday_pivot,dailyPivot
2026.05.12,2026.05.12,7450,daily_tuesday,dailyUp1
2026.05.12,2026.05.12,7474,daily_tuesday,dailyUp2
2026.05.12,2026.05.12,7506,daily_tuesday,dailyUp3
2026.05.13,2026.05.13,7390,daily_wednesday,dailyDown1
2026.05.13,2026.05.13,7390,daily_wednesday,dailyDown2
2026.05.13,2026.05.13,7356,daily_wednesday,dailyDown3
2026.05.13,2026.05.13,7420,daily_wednesday_pivot,dailyPivot
2026.05.13,2026.05.13,7444,daily_wednesday,dailyUp1
2026.05.13,2026.05.13,7471,daily_wednesday,dailyUp2
2026.05.13,2026.05.13,7498,daily_wednesday,dailyUp3
2026.05.14,2026.05.14,7448,daily_thursday,dailyDown1
2026.05.14,2026.05.14,7420,daily_thursday,dailyDown2
2026.05.14,2026.05.14,7390,daily_thursday,dailyDown3
2026.05.14,2026.05.14,7465,daily_thursday_pivot,dailyPivot
2026.05.14,2026.05.14,7484,daily_thursday,dailyUp1
2026.05.14,2026.05.14,7510,daily_thursday,dailyUp2
2026.05.14,2026.05.14,7540,daily_thursday,dailyUp3
2026.05.15,2026.05.15,7486,daily_friday,dailyDown1
2026.05.15,2026.05.15,7465,daily_friday,dailyDown2
2026.05.15,2026.05.15,7509,daily_friday_pivot,dailyPivot
2026.05.15,2026.05.15,7540,daily_friday,dailyUp1
2026.05.18,2026.05.18,7420,daily_monday,dailyDown1
2026.05.18,2026.05.18,7360,daily_monday,dailyDown3
2026.05.18,2026.05.18,7448,daily_monday_pivot,dailyPivot
2026.05.18,2026.05.18,7509,daily_monday,dailyUp2
2026.05.18,2026.05.22,7390,weekly_stacked_friday_monday_thursday_tuesday_wednesday,weeklyDown1
2026.05.18,2026.05.22,7300,weekly,weeklyDown2
2026.05.18,2026.05.22,7270,weekly,weeklyDown3
2026.05.18,2026.05.22,7208,weekly,weeklyDown4
2026.05.18,2026.05.22,7160,weekly,weeklyDown5
2026.05.18,2026.05.22,7479,weekly_pivot_stacked_friday_monday_thursday_tuesday,weeklyPivot
2026.05.18,2026.05.22,7540,weekly_stacked_friday,weeklyUp1
2026.05.18,2026.05.22,7585,weekly,weeklyUp2
2026.05.18,2026.05.22,7615,weekly,weeklyUp3
2026.05.18,2026.05.22,7645,weekly,weeklyUp4
2026.05.18,2026.05.22,7675,weekly,weeklyUp5
2026.05.19,2026.05.19,7360,daily_tuesday,dailyDown2
2026.05.19,2026.05.19,7415,daily_tuesday_pivot,dailyPivot
2026.05.19,2026.05.19,7448,daily_tuesday,dailyUp1
2026.05.19,2026.05.19,7509,daily_tuesday,dailyUp3
2026.05.20,2026.05.20,7360,daily_wednesday,dailyDown1
2026.05.20,2026.05.20,7327,daily_wednesday,dailyDown2
2026.05.20,2026.05.20,7299,daily_wednesday,dailyDown3
2026.05.20,2026.05.20,7415,daily_wednesday,dailyUp1
2026.05.20,2026.05.20,7448,daily_wednesday,dailyUp2
2026.05.21,2026.05.21,7424,daily_thursday,dailyDown1
2026.05.21,2026.05.21,7452,daily_thursday_pivot,dailyPivot
2026.05.21,2026.05.21,7509,daily_thursday,dailyUp2
2026.05.22,2026.05.22,7456,daily_friday,dailyDown1
2026.05.22,2026.05.22,7420,daily_friday,dailyDown2
2026.05.22,2026.05.22,7509,daily_friday,dailyUp1
2026.05.25,2026.05.25,7456,daily_monday,dailyDown1
2026.05.25,2026.05.25,7516,daily_monday,dailyUp1
2026.05.25,2026.05.25,7565,daily_monday,dailyUp3
2026.05.25,2026.05.29,7420,weekly_stacked_monday,weeklyDown1
2026.05.25,2026.05.29,7360,weekly,weeklyDown2
2026.05.25,2026.05.29,7330,weekly,weeklyDown3
2026.05.25,2026.05.29,7299,weekly,weeklyDown4
2026.05.25,2026.05.29,7270,weekly,weeklyDown5
2026.05.25,2026.05.29,7484,weekly_pivot_stacked_monday_thursday_wednesday,weeklyPivot
2026.05.25,2026.05.29,7540,weekly_stacked_monday_thursday_wednesday,weeklyUp1
2026.05.25,2026.05.29,7595,weekly_stacked_friday_thursday_wednesday,weeklyUp2
2026.05.25,2026.05.29,7635,weekly_stacked_friday,weeklyUp3
2026.05.25,2026.05.29,7665,weekly,weeklyUp4
2026.05.25,2026.05.29,7700,weekly,weeklyUp5
2026.05.27,2026.05.27,7495,daily_wednesday,dailyDown1
2026.05.27,2026.05.27,7456,daily_wednesday,dailyDown3
2026.05.27,2026.05.27,7519,daily_wednesday_pivot,dailyPivot
2026.05.27,2026.05.27,7569,daily_wednesday,dailyUp2
2026.05.28,2026.05.28,7495,daily_thursday,dailyDown1
2026.05.28,2026.05.28,7456,daily_thursday,dailyDown3
2026.05.28,2026.05.28,7524,daily_thursday_pivot,dailyPivot
2026.05.28,2026.05.28,7570,daily_thursday,dailyUp2
2026.05.29,2026.05.29,7551,daily_friday,dailyDown1
2026.05.29,2026.05.29,7524,daily_friday,dailyDown2
2026.05.29,2026.05.29,7571,daily_friday_pivot,dailyPivot
2026.05.29,2026.05.29,7615,daily_friday,dailyUp2
2026.06.01,2026.06.01,7562,daily_monday,dailyDown1
2026.06.01,2026.06.01,7610,daily_monday,dailyUp1
2026.06.01,2026.06.01,7661,daily_monday,dailyUp3
2026.06.01,2026.06.05,7537,weekly_stacked_friday_monday_thursday_tuesday,weeklyDown1
2026.06.01,2026.06.05,7450,weekly,weeklyDown2
2026.06.01,2026.06.05,7420,weekly,weeklyDown3
2026.06.01,2026.06.05,7355,weekly,weeklyDown4
2026.06.01,2026.06.05,7299,weekly,weeklyDown5
2026.06.01,2026.06.05,7585,weekly_pivot_stacked_monday_tuesday_wednesday,weeklyPivot
2026.06.01,2026.06.05,7633,weekly_stacked_monday,weeklyUp1
2026.06.01,2026.06.05,7720,weekly,weeklyUp2
2026.06.01,2026.06.05,7750,weekly,weeklyUp3
2026.06.01,2026.06.05,7790,weekly,weeklyUp4
2026.06.01,2026.06.05,7830,weekly,weeklyUp5
2026.06.02,2026.06.02,7562,daily_tuesday,dailyDown2
2026.06.02,2026.06.02,7611,daily_tuesday_pivot,dailyPivot
2026.06.02,2026.06.02,7629,daily_tuesday,dailyUp1
2026.06.02,2026.06.02,7661,daily_tuesday,dailyUp2
2026.06.02,2026.06.02,7680,daily_tuesday,dailyUp3
2026.06.03,2026.06.03,7562,daily_wednesday,dailyDown2
2026.06.03,2026.06.03,7615,daily_wednesday_pivot,dailyPivot
2026.06.03,2026.06.03,7632,daily_wednesday,dailyUp1
2026.06.03,2026.06.03,7661,daily_wednesday,dailyUp2
2026.06.03,2026.06.03,7680,daily_wednesday,dailyUp3
2026.06.04,2026.06.04,7515,daily_thursday,dailyDown2
2026.06.04,2026.06.04,7566,daily_thursday_pivot,dailyPivot
2026.06.04,2026.06.04,7587,daily_thursday,dailyUp1
2026.06.04,2026.06.04,7611,daily_thursday,dailyUp2
2026.06.04,2026.06.04,7632,daily_thursday,dailyUp3
2026.06.05,2026.06.05,7570,daily_friday,dailyDown1
2026.06.05,2026.06.05,7587,daily_friday_pivot,dailyPivot
2026.06.05,2026.06.05,7611,daily_friday,dailyUp1
2026.06.05,2026.06.05,7632,daily_friday,dailyUp2
2026.06.05,2026.06.05,7661,daily_friday,dailyUp3
2026.06.08,2026.06.08,7327,daily_monday,dailyDown2
2026.06.08,2026.06.08,7395,daily_monday_pivot,dailyPivot
2026.06.08,2026.06.08,7420,daily_monday,dailyUp1
2026.06.08,2026.06.08,7478,daily_monday,dailyUp3
2026.06.08,2026.06.12,7299,weekly,weeklyDown1
2026.06.08,2026.06.12,7230,weekly_stacked_thursday,weeklyDown2
2026.06.08,2026.06.12,7200,weekly_stacked_thursday,weeklyDown3
2026.06.08,2026.06.12,7160,weekly,weeklyDown4
2026.06.08,2026.06.12,7092,weekly,weeklyDown5
2026.06.08,2026.06.12,7354,weekly_pivot_stacked_friday_monday_thursday_tuesday_wednesday,weeklyPivot
2026.06.08,2026.06.12,7449,weekly_stacked_monday,weeklyUp1
2026.06.08,2026.06.12,7515,weekly,weeklyUp2
2026.06.08,2026.06.12,7565,weekly,weeklyUp3
2026.06.08,2026.06.12,7595,weekly,weeklyUp4
2026.06.08,2026.06.12,7632,weekly,weeklyUp5
2026.06.09,2026.06.09,7327,daily_tuesday,dailyDown2
2026.06.09,2026.06.09,7395,daily_tuesday_pivot,dailyPivot
2026.06.09,2026.06.09,7429,daily_tuesday,dailyUp1
2026.06.09,2026.06.09,7457,daily_tuesday,dailyUp2
2026.06.09,2026.06.09,7478,daily_tuesday,dailyUp3
2026.06.10,2026.06.10,7308,daily_wednesday,dailyDown2
2026.06.10,2026.06.10,7380,daily_wednesday_pivot,dailyPivot
2026.06.10,2026.06.10,7415,daily_wednesday,dailyUp1
2026.06.10,2026.06.10,7455,daily_wednesday,dailyUp2
2026.06.10,2026.06.10,7478,daily_wednesday,dailyUp3
2026.06.11,2026.06.11,7250,daily_thursday,dailyDown1
2026.06.11,2026.06.11,7275,daily_thursday_pivot,dailyPivot
2026.06.11,2026.06.11,7300,daily_thursday,dailyUp1
2026.06.11,2026.06.11,7335,daily_thursday,dailyUp2
2026.06.12,2026.06.12,7336,daily_friday,dailyDown2
2026.06.12,2026.06.12,7380,daily_friday_pivot,dailyPivot
2026.06.12,2026.06.12,7415,daily_friday,dailyUp1
2026.06.12,2026.06.12,7455,daily_friday,dailyUp2
2026.06.12,2026.06.12,7478,daily_friday,dailyUp3
2026.06.15,2026.06.15,7461,daily_monday,dailyDown1
2026.06.15,2026.06.15,7515,daily_monday,dailyUp1
2026.06.15,2026.06.19,7435,weekly_stacked_monday_thursday,weeklyDown1
2026.06.15,2026.06.19,7365,weekly,weeklyDown2
2026.06.15,2026.06.19,7335,weekly,weeklyDown3
2026.06.15,2026.06.19,7300,weekly,weeklyDown4
2026.06.15,2026.06.19,7250,weekly,weeklyDown5
2026.06.15,2026.06.19,7481,weekly_pivot_stacked_monday,weeklyPivot
2026.06.15,2026.06.19,7540,weekly_stacked_monday_thursday_wednesday,weeklyUp1
2026.06.15,2026.06.19,7605,weekly,weeklyUp2
2026.06.15,2026.06.19,7635,weekly_stacked_wednesday,weeklyUp3
2026.06.15,2026.06.19,7675,weekly,weeklyUp4
2026.06.15,2026.06.19,7735,weekly,weeklyUp5
2026.06.16,2026.06.16,7611,daily_tuesday,dailyDown1
2026.06.16,2026.06.16,7595,daily_tuesday,dailyDown2
2026.06.16,2026.06.16,7574,daily_tuesday,dailyDown3
2026.06.16,2026.06.16,7632,daily_tuesday_pivot,dailyPivot
2026.06.16,2026.06.16,7649,daily_tuesday,dailyUp1
2026.06.16,2026.06.16,7670,daily_tuesday,dailyUp2
2026.06.16,2026.06.16,7694,daily_tuesday,dailyUp3
2026.06.17,2026.06.17,7574,daily_wednesday,dailyDown1
2026.06.17,2026.06.17,7515,daily_wednesday,dailyDown3
2026.06.17,2026.06.17,7599,daily_wednesday_pivot,dailyPivot
2026.06.17,2026.06.17,7623,daily_wednesday,dailyUp1
2026.06.17,2026.06.17,7649,daily_wednesday,dailyUp3
2026.06.18,2026.06.18,7491,daily_thursday,dailyDown1
2026.06.18,2026.06.18,7461,daily_thursday,dailyDown2
2026.06.18,2026.06.18,7515,daily_thursday_pivot,dailyPivot
2026.06.18,2026.06.18,7572,daily_thursday,dailyUp2
2026.06.22,2026.06.22,7515,daily_monday,dailyDown2
2026.06.22,2026.06.22,7558,daily_monday_pivot,dailyPivot
2026.06.22,2026.06.22,7581,daily_monday,dailyUp1
2026.06.22,2026.06.26,7491,weekly_stacked_monday_tuesday_wednesday,weeklyDown1
2026.06.22,2026.06.26,7435,weekly,weeklyDown2
2026.06.22,2026.06.26,7405,weekly_stacked_friday_thursday_wednesday,weeklyDown3
2026.06.22,2026.06.26,7365,weekly,weeklyDown4
2026.06.22,2026.06.26,7300,weekly,weeklyDown5
2026.06.22,2026.06.26,7540,weekly_pivot_stacked_monday_tuesday,weeklyPivot
2026.06.22,2026.06.26,7613,weekly_stacked_monday_tuesday,weeklyUp1
2026.06.22,2026.06.26,7632,weekly_stacked_monday,weeklyUp2
2026.06.22,2026.06.26,7705,weekly,weeklyUp3
2026.06.22,2026.06.26,7735,weekly,weeklyUp4
2026.06.22,2026.06.26,7780,weekly,weeklyUp5
2026.06.22,2026.06.26,7820,weekly,weeklyUp6
2026.06.23,2026.06.23,7515,daily_tuesday,dailyDown2
2026.06.23,2026.06.23,7560,daily_tuesday_pivot,dailyPivot
2026.06.23,2026.06.23,7581,daily_tuesday,dailyUp1
2026.06.24,2026.06.24,7429,daily_wednesday,dailyDown1
2026.06.24,2026.06.24,7380,daily_wednesday,dailyDown3
2026.06.24,2026.06.24,7452,daily_wednesday_pivot,dailyPivot
2026.06.24,2026.06.24,7472,daily_wednesday,dailyUp1
2026.06.24,2026.06.24,7510,daily_wednesday,dailyUp3
2026.06.25,2026.06.25,7442,daily_thursday,dailyDown1
2026.06.25,2026.06.25,7380,daily_thursday,dailyDown3
2026.06.25,2026.06.25,7472,daily_thursday_pivot,dailyPivot
2026.06.25,2026.06.25,7508,daily_thursday,dailyUp1
2026.06.25,2026.06.25,7527,daily_thursday,dailyUp2
2026.06.26,2026.06.26,7380,daily_friday,dailyDown2
2026.06.26,2026.06.26,7354,daily_friday,dailyDown3
2026.06.26,2026.06.26,7444,daily_friday_pivot,dailyPivot
2026.06.26,2026.06.26,7472,daily_friday,dailyUp1
2026.06.26,2026.06.26,7508,daily_friday,dailyUp2
2026.06.29,2026.06.29,7335,daily_monday,dailyDown2
2026.06.29,2026.06.29,7444,daily_monday,dailyUp1
2026.06.29,2026.07.03,7360,weekly_stacked_monday,weeklyDown1
2026.06.29,2026.07.03,7280,weekly,weeklyDown2
2026.06.29,2026.07.03,7250,weekly,weeklyDown3
2026.06.29,2026.07.03,7200,weekly,weeklyDown4
2026.06.29,2026.07.03,7160,weekly,weeklyDown5
2026.06.29,2026.07.03,7410,weekly_pivot_stacked_monday,weeklyPivot
2026.06.29,2026.07.03,7472,weekly_stacked_monday_tuesday,weeklyUp1
2026.06.29,2026.07.03,7530,weekly,weeklyUp2
2026.06.29,2026.07.03,7560,weekly_stacked_thursday_tuesday_wednesday,weeklyUp3
2026.06.29,2026.07.03,7632,weekly,weeklyUp4
2026.06.29,2026.07.03,7648,weekly,weeklyUp5
2026.06.30,2026.06.30,7444,daily_tuesday,dailyDown2
2026.06.30,2026.06.30,7416,daily_tuesday,dailyDown3
2026.06.30,2026.06.30,7490,daily_tuesday_pivot,dailyPivot
2026.06.30,2026.06.30,7527,daily_tuesday,dailyUp1
2026.07.01,2026.07.01,7515,daily_wednesday,dailyDown1
2026.07.01,2026.07.01,7490,daily_wednesday,dailyDown2
2026.07.01,2026.07.01,7534,daily_wednesday_pivot,dailyPivot
2026.07.01,2026.07.01,7581,daily_wednesday,dailyUp2
2026.07.01,2026.07.01,7613,daily_wednesday,dailyUp3
2026.07.02,2026.07.02,7515,daily_thursday,dailyDown1
2026.07.02,2026.07.02,7490,daily_thursday,dailyDown2
2026.07.02,2026.07.02,7534,daily_thursday_pivot,dailyPivot
2026.07.02,2026.07.02,7579,daily_thursday,dailyUp2
2026.07.02,2026.07.02,7613,daily_thursday,dailyUp3
2026.07.06,2026.07.06,7472,daily_monday,dailyDown2
2026.07.06,2026.07.06,7534,daily_monday_pivot,dailyPivot
2026.07.06,2026.07.06,7587,daily_monday,dailyUp2
2026.07.06,2026.07.10,7444,weekly,weeklyDown1
2026.07.06,2026.07.10,7390,weekly,weeklyDown2
2026.07.06,2026.07.10,7360,weekly,weeklyDown3
2026.07.06,2026.07.10,7300,weekly,weeklyDown4
2026.07.06,2026.07.10,7250,weekly,weeklyDown5
2026.07.06,2026.07.10,7497,weekly_pivot_stacked_monday_thursday_wednesday,weeklyPivot
2026.07.06,2026.07.10,7556,weekly_stacked_friday_monday_thursday_tuesday_wednesday,weeklyUp1
2026.07.06,2026.07.10,7640,weekly,weeklyUp2
2026.07.06,2026.07.10,7670,weekly,weeklyUp3
2026.07.06,2026.07.10,7700,weekly,weeklyUp4
2026.07.06,2026.07.10,7735,weekly,weeklyUp5
2026.07.07,2026.07.07,7534,daily_tuesday,dailyDown2
2026.07.07,2026.07.07,7578,daily_tuesday_pivot,dailyPivot
2026.07.07,2026.07.07,7605,daily_tuesday,dailyUp1
2026.07.07,2026.07.07,7632,daily_tuesday,dailyUp2
2026.07.07,2026.07.07,7648,daily_tuesday,dailyUp3
2026.07.08,2026.07.08,7534,daily_wednesday,dailyDown1
2026.07.08,2026.07.08,7578,daily_wednesday,dailyUp1
2026.07.08,2026.07.08,7605,daily_wednesday,dailyUp2
2026.07.09,2026.07.09,7470,daily_thursday,dailyDown2
2026.07.09,2026.07.09,7515,daily_thursday_pivot,dailyPivot
2026.07.09,2026.07.09,7534,daily_thursday,dailyUp1
2026.07.09,2026.07.09,7578,daily_thursday,dailyUp3
2026.07.10,2026.07.10,7534,daily_friday,dailyDown2
2026.07.10,2026.07.10,7578,daily_friday_pivot,dailyPivot
2026.07.10,2026.07.10,7605,daily_friday,dailyUp1
2026.07.10,2026.07.10,7632,daily_friday,dailyUp2
2026.07.10,2026.07.10,7648,daily_friday,dailyUp3
2026.07.13,2026.07.13,7579,daily_monday,dailyDown1
2026.07.13,2026.07.13,7556,daily_monday,dailyDown2
2026.07.13,2026.07.13,7578,daily_monday_pivot,dailyPivot
2026.07.13,2026.07.13,7625,daily_monday,dailyUp1
2026.07.13,2026.07.13,7666,daily_monday,dailyUp3
2026.07.13,2026.07.17,7532,weekly_stacked_friday_tuesday_wednesday,weeklyDown1
2026.07.13,2026.07.17,7475,weekly,weeklyDown2
2026.07.13,2026.07.17,7445,weekly,weeklyDown3
2026.07.13,2026.07.17,7360,weekly,weeklyDown4
2026.07.13,2026.07.17,7300,weekly,weeklyDown5
2026.07.13,2026.07.17,7605,weekly_pivot_stacked_friday_thursday_tuesday_wednesday,weeklyPivot
2026.07.13,2026.07.17,7648,weekly_stacked_friday_monday_thursday_wednesday,weeklyUp1
2026.07.13,2026.07.17,7735,weekly,weeklyUp2
2026.07.13,2026.07.17,7765,weekly,weeklyUp3
2026.07.13,2026.07.17,7800,weekly,weeklyUp4
2026.07.13,2026.07.17,7840,weekly,weeklyUp5
2026.07.14,2026.07.14,7515,daily_tuesday,dailyDown2
2026.07.14,2026.07.14,7497,daily_tuesday,dailyDown3
2026.07.14,2026.07.14,7551,daily_tuesday_pivot,dailyPivot
2026.07.14,2026.07.14,7579,daily_tuesday,dailyUp1
2026.07.14,2026.07.14,7625,daily_tuesday,dailyUp3
2026.07.15,2026.07.15,7556,daily_wednesday,dailyDown1
2026.07.15,2026.07.15,7576,daily_wednesday_pivot,dailyPivot
2026.07.15,2026.07.15,7625,daily_wednesday,dailyUp2
2026.07.16,2026.07.16,7578,daily_thursday,dailyDown1
2026.07.16,2026.07.16,7556,daily_thursday,dailyDown2
2026.07.16,2026.07.16,7626,daily_thursday,dailyUp1
2026.07.16,2026.07.16,7664,daily_thursday,dailyUp3
2026.07.17,2026.07.17,7556,daily_friday,dailyDown1
2026.07.17,2026.07.17,7515,daily_friday,dailyDown3
2026.07.17,2026.07.17,7578,daily_friday_pivot,dailyPivot
2026.07.17,2026.07.17,7626,daily_friday,dailyUp2
2026.07.20,2026.07.20,7460,daily_monday,dailyDown1
2026.07.20,2026.07.20,7512,daily_monday,dailyUp1
2026.07.20,2026.07.20,7578,daily_monday,dailyUp3
2026.07.20,2026.07.24,7420,weekly_stacked_monday_tuesday,weeklyDown1
2026.07.20,2026.07.24,7365,weekly,weeklyDown2
2026.07.20,2026.07.24,7335,weekly,weeklyDown3
2026.07.20,2026.07.24,7300,weekly,weeklyDown4
2026.07.20,2026.07.24,7250,weekly,weeklyDown5
2026.07.20,2026.07.24,7485,weekly_pivot_stacked_friday_monday_thursday_wednesday,weeklyPivot
2026.07.20,2026.07.24,7548,weekly_stacked_monday_thursday_tuesday_wednesday,weeklyUp1
2026.07.20,2026.07.24,7630,weekly,weeklyUp2
2026.07.20,2026.07.24,7660,weekly,weeklyUp3
2026.07.20,2026.07.24,7735,weekly,weeklyUp4
2026.07.20,2026.07.24,7800,weekly,weeklyUp5
2026.07.21,2026.07.21,7460,daily_tuesday,dailyDown1
2026.07.21,2026.07.21,7497,daily_tuesday_pivot,dailyPivot
2026.07.21,2026.07.21,7530,daily_tuesday,dailyUp1
2026.07.22,2026.07.22,7530,daily_wednesday,dailyDown1
2026.07.22,2026.07.22,7510,daily_wednesday,dailyDown2
2026.07.22,2026.07.22,7578,daily_wednesday,dailyUp1
2026.07.22,2026.07.22,7605,daily_wednesday,dailyUp2
2026.07.23,2026.07.23,7530,daily_thursday,dailyDown1
2026.07.23,2026.07.23,7510,daily_thursday,dailyDown2
2026.07.23,2026.07.23,7578,daily_thursday,dailyUp1
2026.07.23,2026.07.23,7605,daily_thursday,dailyUp2
2026.07.24,2026.07.24,7426,daily_friday,dailyDown1
2026.07.24,2026.07.24,7403,daily_friday,dailyDown2
2026.07.24,2026.07.24,7362,daily_friday,dailyDown3
2026.07.24,2026.07.24,7457,daily_friday_pivot,dailyPivot
2026.07.24,2026.07.24,7525,daily_friday,dailyUp2
2026.07.27,2026.07.27,7403,daily_monday,dailyDown2
2026.07.27,2026.07.27,7362,daily_monday,dailyDown3
2026.07.27,2026.07.27,7458,daily_monday_pivot,dailyPivot
2026.07.27,2026.07.31,7426,weekly_stacked_monday_thursday,weeklyDown1
2026.07.27,2026.07.31,7360,weekly,weeklyDown2
2026.07.27,2026.07.31,7280,weekly,weeklyDown3
2026.07.27,2026.07.31,7250,weekly,weeklyDown4
2026.07.27,2026.07.31,7200,weekly,weeklyDown5
2026.07.27,2026.07.31,7485,weekly_pivot_stacked_friday_monday_tuesday_wednesday,weeklyPivot
2026.07.27,2026.07.31,7525,weekly_stacked_friday_monday_tuesday_wednesday,weeklyUp1
2026.07.27,2026.07.31,7600,weekly,weeklyUp2
2026.07.27,2026.07.31,7630,weekly,weeklyUp3
2026.07.27,2026.07.31,7648,weekly,weeklyUp4
2026.07.27,2026.07.31,7735,weekly,weeklyUp5
2026.07.28,2026.07.28,7425,daily_tuesday,dailyDown1
2026.07.28,2026.07.28,7403,daily_tuesday,dailyDown2
2026.07.28,2026.07.28,7362,daily_tuesday,dailyDown3
2026.07.28,2026.07.28,7458,daily_tuesday_pivot,dailyPivot
2026.07.29,2026.07.29,7425,daily_wednesday,dailyDown1
2026.07.29,2026.07.29,7403,daily_wednesday,dailyDown2
2026.07.29,2026.07.29,7456,daily_wednesday_pivot,dailyPivot
2026.07.30,2026.07.30,7335,daily_thursday,dailyDown1
2026.07.30,2026.07.30,7298,daily_thursday,dailyDown2
2026.07.30,2026.07.30,7275,daily_thursday,dailyDown3
2026.07.30,2026.07.30,7371,daily_thursday_pivot,dailyPivot
2026.07.30,2026.07.30,7398,daily_thursday,dailyUp1
2026.07.31,2026.07.31,7425,daily_friday,dailyDown1
2026.07.31,2026.07.31,7400,daily_friday,dailyDown2
2026.07.31,2026.07.31,7460,daily_friday_pivot,dailyPivot
2026.07.31,2026.07.31,7548,daily_friday,dailyUp3
2026.08.03,2026.08.03,7460,daily_monday,dailyDown2
2026.08.03,2026.08.03,7515,daily_monday_pivot,dailyPivot
2026.08.03,2026.08.03,7531,daily_monday,dailyUp1
2026.08.03,2026.08.03,7578,daily_monday,dailyUp3
2026.08.03,2026.08.07,7427,weekly,weeklyDown1
2026.08.03,2026.08.07,7365,weekly,weeklyDown2
2026.08.03,2026.08.07,7335,weekly,weeklyDown3
2026.08.03,2026.08.07,7300,weekly,weeklyDown4
2026.08.03,2026.08.07,7250,weekly,weeklyDown5
2026.08.03,2026.08.07,7485,weekly_pivot_stacked_monday,weeklyPivot
2026.08.03,2026.08.07,7556,weekly_stacked_monday,weeklyUp1
2026.08.03,2026.08.07,7635,weekly,weeklyUp2
2026.08.03,2026.08.07,7665,weekly_stacked_friday_tuesday,weeklyUp3
2026.08.03,2026.08.07,7735,weekly_stacked_thursday_wednesday,weeklyUp4
2026.08.03,2026.08.07,7800,weekly,weeklyUp5
2026.08.04,2026.08.04,7589,daily_tuesday,dailyDown1
2026.08.04,2026.08.04,7567,daily_tuesday,dailyDown2
2026.08.04,2026.08.04,7611,daily_tuesday_pivot,dailyPivot
2026.08.04,2026.08.04,7648,daily_tuesday,dailyUp1
2026.08.04,2026.08.04,7694,daily_tuesday,dailyUp3
2026.08.05,2026.08.05,7706,daily_wednesday,dailyDown2
2026.08.05,2026.08.05,7761,daily_wednesday_pivot,dailyPivot
2026.08.05,2026.08.05,7784,daily_wednesday,dailyUp1
2026.08.05,2026.08.05,7807,daily_wednesday,dailyUp2
2026.08.05,2026.08.05,7832,daily_wednesday,dailyUp3
2026.08.06,2026.08.06,7706,daily_thursday,dailyDown2
2026.08.06,2026.08.06,7761,daily_thursday_pivot,dailyPivot
2026.08.06,2026.08.06,7784,daily_thursday,dailyUp1
2026.08.06,2026.08.06,7810,daily_thursday,dailyUp2
2026.08.07,2026.08.07,7706,daily_friday,dailyDown1
2026.08.07,2026.08.07,7727,daily_friday_pivot,dailyPivot
2026.08.07,2026.08.07,7747,daily_friday,dailyUp1
2026.08.07,2026.08.07,7765,daily_friday,dailyUp2
2026.08.07,2026.08.07,7784,daily_friday,dailyUp3
2026.08.10,2026.08.10,7750,daily_monday,dailyDown1
2026.08.10,2026.08.10,7706,daily_monday,dailyDown3
2026.08.10,2026.08.10,7836,daily_monday,dailyUp2
2026.08.10,2026.08.14,7725,weekly_stacked_monday_thursday_tuesday_wednesday,weeklyDown1
2026.08.10,2026.08.14,7650,weekly,weeklyDown2
2026.08.10,2026.08.14,7620,weekly,weeklyDown3
2026.08.10,2026.08.14,7589,weekly,weeklyDown4
2026.08.10,2026.08.14,7541,weekly,weeklyDown5
2026.08.10,2026.08.14,7784,weekly_pivot_stacked_monday_thursday_tuesday_wednesday,weeklyPivot
2026.08.10,2026.08.14,7810,weekly_stacked_monday_thursday_tuesday_wednesday,weeklyUp1
2026.08.10,2026.08.14,7855,weekly_stacked_friday,weeklyUp2
2026.08.10,2026.08.14,7905,weekly,weeklyUp3
2026.08.10,2026.08.14,7970,weekly,weeklyUp4
2026.08.11,2026.08.11,7750,daily_tuesday,dailyDown1
2026.08.11,2026.08.11,7706,daily_tuesday,dailyDown3
2026.08.11,2026.08.11,7836,daily_tuesday,dailyUp2
2026.08.12,2026.08.12,7706,daily_wednesday,dailyDown2
2026.08.12,2026.08.12,7681,daily_wednesday,dailyDown3
2026.08.12,2026.08.12,7759,daily_wednesday_pivot,dailyPivot
2026.08.13,2026.08.13,7706,daily_thursday,dailyDown2
2026.08.13,2026.08.13,7759,daily_thursday_pivot,dailyPivot
2026.08.13,2026.08.13,7836,daily_thursday,dailyUp3
2026.08.14,2026.08.14,7793,daily_friday,dailyDown1
2026.08.14,2026.08.14,7759,daily_friday,dailyDown2
2026.08.14,2026.08.14,7813,daily_friday_pivot,dailyPivot
2026.08.14,2026.08.14,7837,daily_friday,dailyUp1
2026.08.14,2026.08.14,7888,daily_friday,dailyUp3
2026.08.17,2026.08.17,7774,daily_monday,dailyDown2
2026.08.17,2026.08.17,7759,daily_monday,dailyDown3
2026.08.17,2026.08.17,7814,daily_monday_pivot,dailyPivot
2026.08.17,2026.08.17,7837,daily_monday,dailyUp1
2026.08.17,2026.08.21,7725,weekly_stacked_tuesday,weeklyDown1
2026.08.17,2026.08.21,7650,weekly,weeklyDown2
2026.08.17,2026.08.21,7620,weekly_stacked_friday,weeklyDown3
2026.08.17,2026.08.21,7589,weekly_stacked_friday,weeklyDown4
2026.08.17,2026.08.21,7541,weekly,weeklyDown5
2026.08.17,2026.08.21,7793,weekly_pivot_stacked_monday_tuesday,weeklyPivot
2026.08.17,2026.08.21,7810,weekly,weeklyUp1
2026.08.17,2026.08.21,7855,weekly_stacked_monday,weeklyUp2
2026.08.17,2026.08.21,7905,weekly,weeklyUp3
2026.08.17,2026.08.21,7970,weekly,weeklyUp4
2026.08.18,2026.08.18,7759,daily_tuesday,dailyDown1
2026.08.18,2026.08.18,7706,daily_tuesday,dailyDown3
2026.08.18,2026.08.18,7779,daily_tuesday_pivot,dailyPivot
2026.08.18,2026.08.18,7814,daily_tuesday,dailyUp2
2026.08.18,2026.08.18,7837,daily_tuesday,dailyUp3
2026.08.19,2026.08.19,7706,daily_wednesday,dailyDown1
2026.08.19,2026.08.19,7681,daily_wednesday,dailyDown2
2026.08.19,2026.08.19,7637,daily_wednesday,dailyDown3
2026.08.19,2026.08.19,7726,daily_wednesday_pivot,dailyPivot
2026.08.19,2026.08.19,7750,daily_wednesday,dailyUp1
2026.08.19,2026.08.19,7766,daily_wednesday,dailyUp2
2026.08.19,2026.08.19,7779,daily_wednesday,dailyUp3
2026.08.20,2026.08.20,7706,daily_thursday,dailyDown1
2026.08.20,2026.08.20,7681,daily_thursday,dailyDown2
2026.08.20,2026.08.20,7726,daily_thursday_pivot,dailyPivot
2026.08.20,2026.08.20,7746,daily_thursday,dailyUp1
2026.08.20,2026.08.20,7766,daily_thursday,dailyUp2
2026.08.20,2026.08.20,7779,daily_thursday,dailyUp3
2026.08.21,2026.08.21,7637,daily_friday,dailyDown1
2026.08.21,2026.08.21,7669,daily_friday_pivot,dailyPivot
2026.08.21,2026.08.21,7690,daily_friday,dailyUp1
2026.08.21,2026.08.21,7705,daily_friday,dailyUp2
2026.08.21,2026.08.21,7720,daily_friday,dailyUp3
2026.08.24,2026.08.24,7676,daily_monday,dailyDown1
2026.08.24,2026.08.24,7659,daily_monday,dailyDown2
2026.08.24,2026.08.24,7705,daily_monday_pivot,dailyPivot
2026.08.24,2026.08.24,7746,daily_monday,dailyUp2
2026.08.24,2026.08.28,7637,weekly_stacked_monday_thursday_tuesday_wednesday,weeklyDown1
2026.08.24,2026.08.28,7570,weekly,weeklyDown2
2026.08.24,2026.08.28,7540,weekly,weeklyDown3
2026.08.24,2026.08.28,7485,weekly,weeklyDown4
2026.08.24,2026.08.28,7440,weekly,weeklyDown5
2026.08.24,2026.08.28,7720,weekly_pivot_stacked_monday_thursday_tuesday_wednesday,weeklyPivot
2026.08.24,2026.08.28,7766,weekly_stacked_friday,weeklyUp1
2026.08.24,2026.08.28,7825,weekly,weeklyUp2
2026.08.24,2026.08.28,7855,weekly,weeklyUp3
2026.08.24,2026.08.28,7895,weekly,weeklyUp4
2026.08.24,2026.08.28,7935,weekly,weeklyUp5
2026.12.28,2027.01.01,6893,weekly,weeklyDown1
2026.12.28,2027.01.01,6855,weekly,weeklyDown2
2026.12.28,2027.01.01,6825,weekly,weeklyDown3
2026.12.28,2027.01.01,6783,weekly,weeklyDown4
2026.12.28,2027.01.01,6741,weekly,weeklyDown5
2026.12.28,2027.01.01,6952,weekly_pivot,weeklyPivot
2026.12.28,2027.01.01,7015,weekly,weeklyUp1
2026.12.28,2027.01.01,7070,weekly,weeklyUp2
2026.12.28,2027.01.01,7100,weekly,weeklyUp3
2026.12.28,2027.01.01,7135,weekly,weeklyUp4
2026.12.28,2027.01.01,7170,weekly,weeklyUp5
2026.08.25,2026.08.25,7683,daily_tuesday_pivot,dailyPivot
2026.08.25,2026.08.25,7683,daily_tuesday,dailyUp1
2026.08.25,2026.08.25,7705,daily_tuesday,dailyUp2
2026.08.25,2026.08.25,7659,daily_tuesday,dailyDown1
2026.08.25,2026.08.25,7618,daily_tuesday,dailyDown3
2026.08.26,2026.08.26,7683,daily_wednesday_pivot,dailyPivot
2026.08.26,2026.08.26,7705,daily_wednesday,dailyUp1
2026.08.26,2026.08.26,7746,daily_wednesday,dailyUp3
2026.08.26,2026.08.26,7659,daily_wednesday,dailyDown1
2026.08.27,2026.08.27,7705,daily_thursday_pivot,dailyPivot
2026.08.27,2026.08.27,7746,daily_thursday,dailyUp2
2026.08.27,2026.08.27,7683,daily_thursday,dailyDown1
2026.08.27,2026.08.27,7659,daily_thursday,dailyDown2
2026.08.28,2026.08.28,7746,daily_friday_pivot,dailyPivot
2026.08.28,2026.08.28,7779,daily_friday,dailyUp2
2026.08.28,2026.08.28,7794,daily_friday,dailyUp3
2026.08.28,2026.08.28,7724,daily_friday,dailyDown1
2026.08.28,2026.08.28,7705,daily_friday,dailyDown2
2026.08.28,2026.08.28,7683,daily_friday,dailyDown3
2026.08.31,2026.09.04,7711,weekly_pivot,weeklyPivot
2026.08.31,2026.09.04,7755,weekly,weeklyUp1
2026.08.31,2026.09.04,7825,weekly,weeklyUp2
2026.08.31,2026.09.04,7855,weekly,weeklyUp3
2026.08.31,2026.09.04,7895,weekly,weeklyUp4
2026.08.31,2026.09.04,7935,weekly,weeklyUp5
2026.08.31,2026.09.04,7660,weekly,weeklyDown1
2026.08.31,2026.09.04,7637,weekly,weeklyDown2
2026.08.31,2026.09.04,7570,weekly,weeklyDown3
2026.08.31,2026.09.04,7540,weekly,weeklyDown4
2026.08.31,2026.09.04,7485,weekly,weeklyDown5
2026.08.31,2026.09.04,7440,weekly,weeklyDown6
